-- phpMyAdmin SQL Dump
-- version 5.0.4deb2~bpo10+1
-- https://www.phpmyadmin.net/
--
-- Host: localhost:3306
-- Generation Time: May 27, 2025 at 04:40 PM
-- Server version: 10.3.39-MariaDB-0+deb10u2
-- PHP Version: 7.3.31-1~deb10u7

SET SQL_MODE = "NO_AUTO_VALUE_ON_ZERO";
START TRANSACTION;
SET time_zone = "+00:00";


/*!40101 SET @OLD_CHARACTER_SET_CLIENT=@@CHARACTER_SET_CLIENT */;
/*!40101 SET @OLD_CHARACTER_SET_RESULTS=@@CHARACTER_SET_RESULTS */;
/*!40101 SET @OLD_COLLATION_CONNECTION=@@COLLATION_CONNECTION */;
/*!40101 SET NAMES utf8mb4 */;

--
-- Database: `u24634434_CompareIT`
--

-- --------------------------------------------------------

--
-- Table structure for table `Admin_staff`
--

CREATE TABLE `Admin_staff` (
  `user_id` int(11) NOT NULL,
  `salary` decimal(10,2) DEFAULT NULL,
  `position` varchar(100) DEFAULT NULL
) ENGINE=InnoDB DEFAULT CHARSET=utf8mb4 COLLATE=utf8mb4_general_ci;

--
-- Dumping data for table `Admin_staff`
--

INSERT INTO `Admin_staff` (`user_id`, `salary`, `position`) VALUES
(801, NULL, NULL),
(802, NULL, NULL),
(803, NULL, NULL),
(804, NULL, NULL),
(805, NULL, NULL),
(806, NULL, NULL),
(807, NULL, NULL),
(808, NULL, NULL),
(809, NULL, NULL),
(810, NULL, NULL),
(811, NULL, NULL),
(812, NULL, NULL),
(813, NULL, NULL),
(814, NULL, NULL),
(815, NULL, NULL),
(816, NULL, NULL),
(817, NULL, NULL),
(818, NULL, NULL),
(819, NULL, NULL),
(820, NULL, NULL),
(821, NULL, NULL),
(822, NULL, NULL),
(823, NULL, NULL),
(824, NULL, NULL),
(825, NULL, NULL),
(826, NULL, NULL),
(827, NULL, NULL),
(828, NULL, NULL),
(829, NULL, NULL),
(830, NULL, NULL),
(831, NULL, NULL),
(832, NULL, NULL),
(833, NULL, NULL),
(834, NULL, NULL),
(835, NULL, NULL),
(836, NULL, NULL),
(837, NULL, NULL),
(838, NULL, NULL),
(839, NULL, NULL),
(840, NULL, NULL),
(841, NULL, NULL),
(842, NULL, NULL),
(843, NULL, NULL),
(844, NULL, NULL),
(845, NULL, NULL),
(846, NULL, NULL),
(847, NULL, NULL),
(848, NULL, NULL),
(849, NULL, NULL),
(850, NULL, NULL),
(851, NULL, NULL),
(852, NULL, NULL),
(853, NULL, NULL),
(854, NULL, NULL),
(855, NULL, NULL),
(856, NULL, NULL),
(857, NULL, NULL),
(858, NULL, NULL),
(859, NULL, NULL),
(860, NULL, NULL),
(861, NULL, NULL),
(862, NULL, NULL),
(863, NULL, NULL),
(864, NULL, NULL),
(865, NULL, NULL),
(866, NULL, NULL),
(867, NULL, NULL),
(868, NULL, NULL),
(869, NULL, NULL),
(870, NULL, NULL),
(871, NULL, NULL),
(872, NULL, NULL),
(873, NULL, NULL),
(874, NULL, NULL),
(875, NULL, NULL),
(876, NULL, NULL),
(877, NULL, NULL),
(878, NULL, NULL),
(879, NULL, NULL),
(880, NULL, NULL),
(881, NULL, NULL),
(882, NULL, NULL),
(883, NULL, NULL),
(884, NULL, NULL),
(885, NULL, NULL),
(886, NULL, NULL),
(887, NULL, NULL),
(888, NULL, NULL),
(889, NULL, NULL),
(890, NULL, NULL),
(891, NULL, NULL),
(892, NULL, NULL),
(893, NULL, NULL),
(894, NULL, NULL),
(895, NULL, NULL),
(896, NULL, NULL),
(897, NULL, NULL),
(898, NULL, NULL),
(899, NULL, NULL),
(900, NULL, NULL),
(901, NULL, NULL),
(902, NULL, NULL),
(903, NULL, NULL),
(904, NULL, NULL),
(905, NULL, NULL),
(906, NULL, NULL),
(907, NULL, NULL),
(908, NULL, NULL),
(909, NULL, NULL),
(910, NULL, NULL),
(911, NULL, NULL),
(912, NULL, NULL),
(913, NULL, NULL),
(914, NULL, NULL),
(915, NULL, NULL),
(916, NULL, NULL),
(917, NULL, NULL),
(918, NULL, NULL),
(919, NULL, NULL),
(920, NULL, NULL),
(921, NULL, NULL),
(922, NULL, NULL),
(923, NULL, NULL),
(924, NULL, NULL),
(925, NULL, NULL),
(926, NULL, NULL),
(927, NULL, NULL),
(928, NULL, NULL),
(929, NULL, NULL),
(930, NULL, NULL),
(931, NULL, NULL),
(932, NULL, NULL),
(933, NULL, NULL),
(934, NULL, NULL),
(935, NULL, NULL),
(936, NULL, NULL),
(937, NULL, NULL),
(938, NULL, NULL),
(939, NULL, NULL),
(940, NULL, NULL),
(941, NULL, NULL),
(942, NULL, NULL),
(943, NULL, NULL),
(944, NULL, NULL),
(945, NULL, NULL),
(946, NULL, NULL),
(947, NULL, NULL),
(948, NULL, NULL),
(949, NULL, NULL),
(950, NULL, NULL),
(951, NULL, NULL),
(952, NULL, NULL),
(953, NULL, NULL),
(954, NULL, NULL),
(955, NULL, NULL),
(956, NULL, NULL),
(957, NULL, NULL),
(958, NULL, NULL),
(959, NULL, NULL),
(960, NULL, NULL),
(961, NULL, NULL),
(962, NULL, NULL),
(963, NULL, NULL),
(964, NULL, NULL),
(965, NULL, NULL),
(966, NULL, NULL),
(967, NULL, NULL),
(968, NULL, NULL),
(969, NULL, NULL),
(970, NULL, NULL),
(971, NULL, NULL),
(972, NULL, NULL),
(973, NULL, NULL),
(974, NULL, NULL),
(975, NULL, NULL),
(976, NULL, NULL),
(977, NULL, NULL),
(978, NULL, NULL),
(979, NULL, NULL),
(980, NULL, NULL),
(981, NULL, NULL),
(982, NULL, NULL),
(983, NULL, NULL),
(984, NULL, NULL),
(985, NULL, NULL),
(986, NULL, NULL),
(987, NULL, NULL),
(988, NULL, NULL),
(989, NULL, NULL),
(990, NULL, NULL),
(991, NULL, NULL),
(992, NULL, NULL),
(993, NULL, NULL),
(994, NULL, NULL),
(995, NULL, NULL),
(996, NULL, NULL),
(997, NULL, NULL),
(998, NULL, NULL),
(999, NULL, NULL),
(1000, NULL, NULL),
(10000, NULL, NULL),
(10001, NULL, NULL),
(10003, NULL, NULL),
(10023, NULL, NULL),
(10030, NULL, NULL);

-- --------------------------------------------------------

--
-- Table structure for table `Customer`
--

CREATE TABLE `Customer` (
  `user_id` int(11) NOT NULL
) ENGINE=InnoDB DEFAULT CHARSET=utf8mb4 COLLATE=utf8mb4_general_ci;

--
-- Dumping data for table `Customer`
--

INSERT INTO `Customer` (`user_id`) VALUES
(1),
(2),
(3),
(4),
(5),
(6),
(7),
(8),
(9),
(10),
(11),
(12),
(13),
(14),
(15),
(16),
(17),
(18),
(19),
(20),
(21),
(22),
(23),
(24),
(25),
(26),
(27),
(28),
(29),
(30),
(31),
(32),
(33),
(34),
(35),
(36),
(37),
(38),
(39),
(40),
(41),
(42),
(43),
(44),
(45),
(46),
(47),
(48),
(49),
(50),
(51),
(52),
(53),
(54),
(55),
(56),
(57),
(58),
(59),
(60),
(61),
(62),
(63),
(64),
(65),
(66),
(67),
(68),
(69),
(70),
(71),
(72),
(73),
(74),
(75),
(76),
(77),
(78),
(79),
(80),
(81),
(82),
(83),
(84),
(85),
(86),
(87),
(88),
(89),
(90),
(91),
(92),
(93),
(94),
(95),
(96),
(97),
(98),
(99),
(100),
(101),
(102),
(103),
(104),
(105),
(106),
(107),
(108),
(109),
(110),
(111),
(112),
(113),
(114),
(115),
(116),
(117),
(118),
(119),
(120),
(121),
(122),
(123),
(124),
(125),
(126),
(127),
(128),
(129),
(130),
(131),
(132),
(133),
(134),
(135),
(136),
(137),
(138),
(139),
(140),
(141),
(142),
(143),
(144),
(145),
(146),
(147),
(148),
(149),
(150),
(151),
(152),
(153),
(154),
(155),
(156),
(157),
(158),
(159),
(160),
(161),
(162),
(163),
(164),
(165),
(166),
(167),
(168),
(169),
(170),
(171),
(172),
(173),
(174),
(175),
(176),
(177),
(178),
(179),
(180),
(181),
(182),
(183),
(184),
(185),
(186),
(187),
(188),
(189),
(190),
(191),
(192),
(193),
(194),
(195),
(196),
(197),
(198),
(199),
(200),
(201),
(202),
(203),
(204),
(205),
(206),
(207),
(208),
(209),
(210),
(211),
(212),
(213),
(214),
(215),
(216),
(217),
(218),
(219),
(220),
(221),
(222),
(223),
(224),
(225),
(226),
(227),
(228),
(229),
(230),
(231),
(232),
(233),
(234),
(235),
(236),
(237),
(238),
(239),
(240),
(241),
(242),
(243),
(244),
(245),
(246),
(247),
(248),
(249),
(250),
(251),
(252),
(253),
(254),
(255),
(256),
(257),
(258),
(259),
(260),
(261),
(262),
(263),
(264),
(265),
(266),
(267),
(268),
(269),
(270),
(271),
(272),
(273),
(274),
(275),
(276),
(277),
(278),
(279),
(280),
(281),
(282),
(283),
(284),
(285),
(286),
(287),
(288),
(289),
(290),
(291),
(292),
(293),
(294),
(295),
(296),
(297),
(298),
(299),
(300),
(301),
(302),
(303),
(304),
(305),
(306),
(307),
(308),
(309),
(310),
(311),
(312),
(313),
(314),
(315),
(316),
(317),
(318),
(319),
(320),
(321),
(322),
(323),
(324),
(325),
(326),
(327),
(328),
(329),
(330),
(331),
(332),
(333),
(334),
(335),
(336),
(337),
(338),
(339),
(340),
(341),
(342),
(343),
(344),
(345),
(346),
(347),
(348),
(349),
(350),
(351),
(352),
(353),
(354),
(355),
(356),
(357),
(358),
(359),
(360),
(361),
(362),
(363),
(364),
(365),
(366),
(367),
(368),
(369),
(370),
(371),
(372),
(373),
(374),
(375),
(376),
(377),
(378),
(379),
(380),
(381),
(382),
(383),
(384),
(385),
(386),
(387),
(388),
(389),
(390),
(391),
(392),
(393),
(394),
(395),
(396),
(397),
(398),
(399),
(400),
(401),
(402),
(403),
(404),
(405),
(406),
(407),
(408),
(409),
(410),
(411),
(412),
(413),
(414),
(415),
(416),
(417),
(418),
(419),
(420),
(421),
(422),
(423),
(424),
(425),
(426),
(427),
(428),
(429),
(430),
(431),
(432),
(433),
(434),
(435),
(436),
(437),
(438),
(439),
(440),
(441),
(442),
(443),
(444),
(445),
(446),
(447),
(448),
(449),
(450),
(451),
(452),
(453),
(454),
(455),
(456),
(457),
(458),
(459),
(460),
(461),
(462),
(463),
(464),
(465),
(466),
(467),
(468),
(469),
(470),
(471),
(472),
(473),
(474),
(475),
(476),
(477),
(478),
(479),
(480),
(481),
(482),
(483),
(484),
(485),
(486),
(487),
(488),
(489),
(490),
(491),
(492),
(493),
(494),
(495),
(496),
(497),
(498),
(499),
(500),
(501),
(502),
(503),
(504),
(505),
(506),
(507),
(508),
(509),
(510),
(511),
(512),
(513),
(514),
(515),
(516),
(517),
(518),
(519),
(520),
(521),
(522),
(523),
(524),
(525),
(526),
(527),
(528),
(529),
(530),
(531),
(532),
(533),
(534),
(535),
(536),
(537),
(538),
(539),
(540),
(541),
(542),
(543),
(544),
(545),
(546),
(547),
(548),
(549),
(550),
(551),
(552),
(553),
(554),
(555),
(556),
(557),
(558),
(559),
(560),
(561),
(562),
(563),
(564),
(565),
(566),
(567),
(568),
(569),
(570),
(571),
(572),
(573),
(574),
(575),
(576),
(577),
(578),
(579),
(580),
(581),
(582),
(583),
(584),
(585),
(586),
(587),
(588),
(589),
(590),
(591),
(592),
(593),
(594),
(595),
(596),
(597),
(598),
(599),
(600),
(601),
(602),
(603),
(604),
(605),
(606),
(607),
(608),
(609),
(610),
(611),
(612),
(613),
(614),
(615),
(616),
(617),
(618),
(619),
(620),
(621),
(622),
(623),
(624),
(625),
(626),
(627),
(628),
(629),
(630),
(631),
(632),
(633),
(634),
(635),
(636),
(637),
(638),
(639),
(640),
(641),
(642),
(643),
(644),
(645),
(646),
(647),
(648),
(649),
(650),
(651),
(652),
(653),
(654),
(655),
(656),
(657),
(658),
(659),
(660),
(661),
(662),
(663),
(664),
(665),
(666),
(667),
(668),
(669),
(670),
(671),
(672),
(673),
(674),
(675),
(676),
(677),
(678),
(679),
(680),
(681),
(682),
(683),
(684),
(685),
(686),
(687),
(688),
(689),
(690),
(691),
(692),
(693),
(694),
(695),
(696),
(697),
(698),
(699),
(700),
(701),
(702),
(703),
(704),
(705),
(706),
(707),
(708),
(709),
(710),
(711),
(712),
(713),
(714),
(715),
(716),
(717),
(718),
(719),
(720),
(721),
(722),
(723),
(724),
(725),
(726),
(727),
(728),
(729),
(730),
(731),
(732),
(733),
(734),
(735),
(736),
(737),
(738),
(739),
(740),
(741),
(742),
(743),
(744),
(745),
(746),
(747),
(748),
(749),
(750),
(751),
(752),
(753),
(754),
(755),
(756),
(757),
(758),
(759),
(760),
(761),
(762),
(763),
(764),
(765),
(766),
(767),
(768),
(769),
(770),
(771),
(772),
(773),
(774),
(775),
(776),
(777),
(778),
(779),
(780),
(781),
(782),
(783),
(784),
(785),
(786),
(787),
(788),
(789),
(790),
(791),
(792),
(793),
(794),
(795),
(796),
(797),
(798),
(799),
(800),
(1006),
(9996),
(9997),
(9998),
(9999),
(10004),
(10005),
(10006),
(10007),
(10008),
(10011),
(10012),
(10015),
(10016),
(10018),
(10019),
(10020),
(10021),
(10022),
(10024),
(10025),
(10026),
(10027),
(10028),
(10029);

-- --------------------------------------------------------

--
-- Table structure for table `Product`
--

CREATE TABLE `Product` (
  `id` int(11) NOT NULL,
  `name` varchar(100) NOT NULL,
  `description` text DEFAULT NULL,
  `Image_url` text DEFAULT NULL,
  `category` varchar(100) DEFAULT NULL
) ENGINE=InnoDB DEFAULT CHARSET=utf8mb4 COLLATE=utf8mb4_general_ci;

--
-- Dumping data for table `Product`
--

INSERT INTO `Product` (`id`, `name`, `description`, `Image_url`, `category`) VALUES
(1, 'Memory Card Reader', 'USB card reader for SD and microSD cards.', 'https://images.pexels.com/photos/7610457/pexels-photo-7610457.jpeg?auto=compress&cs=tinysrgb&h=350', 'Storage'),
(2, 'Cable Organizer', 'Magnetic cable organizer for tidy desk setup.', 'https://images.pexels.com/photos/7014509/pexels-photo-7014509.jpeg?auto=compress&cs=tinysrgb&h=350', 'Accessories'),
(3, 'Reusable Straws', 'Set of eco-friendly stainless steel straws with cleaning brush.', 'https://images.pexels.com/photos/7772141/pexels-photo-7772141.jpeg?auto=compress&cs=tinysrgb&h=350', 'Kitchen'),
(4, 'Desk Lamp', 'LED desk lamp with adjustable brightness and color modes.', 'https://images.pexels.com/photos/1112598/pexels-photo-1112598.jpeg?auto=compress&cs=tinysrgb&h=350', 'Lighting'),
(7, 'Insulated Water Bottle', 'Stainless steel bottle keeps drinks hot or cold for hours.', 'https://images.pexels.com/photos/10598847/pexels-photo-10598847.jpeg?auto=compress&cs=tinysrgb&h=350', 'Lifestyle'),
(8, 'Toaster Oven', 'Countertop toaster oven with convection baking.', 'https://images.pexels.com/photos/7746657/pexels-photo-7746657.jpeg?auto=compress&cs=tinysrgb&h=350', 'Kitchen'),
(9, 'Knife Set', 'Stainless steel kitchen knife set with wooden block.', 'https://images.pexels.com/photos/3827668/pexels-photo-3827668.jpeg?auto=compress&cs=tinysrgb&h=350', 'Kitchen'),
(10, 'Coffee Grinder', 'Electric burr coffee grinder with adjustable settings.', 'https://images.pexels.com/photos/1309778/pexels-photo-1309778.jpeg?auto=compress&cs=tinysrgb&h=350', 'Kitchen'),
(11, 'Fitness Tracker', 'Waterproof fitness tracker with heart rate and sleep monitoring.', 'https://images.pexels.com/photos/437038/pexels-photo-437038.jpeg?auto=compress&cs=tinysrgb&h=350', 'Fitness'),
(12, 'Bluetooth Speaker', 'Compact Bluetooth speaker with deep bass and 12-hour playtime.', 'https://images.pexels.com/photos/1279365/pexels-photo-1279365.jpeg?auto=compress&cs=tinysrgb&h=350', 'Audio'),
(13, 'Action Camera', 'Compact action camera with 4K recording and waterproof case.', 'https://images.pexels.com/photos/690806/pexels-photo-690806.jpeg?auto=compress&cs=tinysrgb&h=350', 'Photography'),
(14, 'Monitor Riser', 'Wooden monitor riser with storage compartments.', 'https://images.pexels.com/photos/13620266/pexels-photo-13620266.jpeg?auto=compress&cs=tinysrgb&h=350', 'Accessories'),
(15, 'LED Monitor', '24-inch full HD LED monitor with ultra-slim design.', 'https://images.pexels.com/photos/317371/pexels-photo-317371.jpeg?auto=compress&cs=tinysrgb&h=350', 'Computers'),
(16, 'Robot Vacuum', 'Smart robot vacuum with app control and auto-charging.', 'https://images.pexels.com/photos/4112723/pexels-photo-4112723.jpeg?auto=compress&cs=tinysrgb&h=350', 'Home Appliances'),
(17, 'Portable Chargers', '10000mAh power bank with fast USB charging!', 'https://images.pexels.com/photos/5083411/pexels-photo-5083411.jpeg?auto=compress&cs=tinysrgb&h=350', 'Electronics'),
(18, 'Flash Drive', '128GB USB 3.1 flash drive with metal casing.', 'https://images.pexels.com/photos/5474298/pexels-photo-5474298.jpeg?auto=compress&cs=tinysrgb&h=350', 'Storage'),
(19, 'Security Camera', '1080p smart security camera with night vision and alerts.', 'https://images.pexels.com/photos/96612/pexels-photo-96612.jpeg?auto=compress&cs=tinysrgb&h=350', 'Security'),
(20, 'Cutting Board', 'Bamboo cutting board set with juice groove.', 'https://images.pexels.com/photos/616484/pexels-photo-616484.jpeg?auto=compress&cs=tinysrgb&h=350', 'Kitchen'),
(21, 'Eco Lunchbox', 'Reusable bento-style lunchbox made from recycled materials.', 'https://images.pexels.com/photos/7879812/pexels-photo-7879812.jpeg?auto=compress&cs=tinysrgb&h=350', 'Lifestyle'),
(22, 'Gaming Mouse', 'Ergonomic gaming mouse with customizable DPI and RGB lighting.', 'https://images.pexels.com/photos/2115256/pexels-photo-2115256.jpeg?auto=compress&cs=tinysrgb&h=350', 'Computers'),
(23, 'Phone Tripod', 'Flexible phone tripod stand for vlogging or photos.', 'https://images.pexels.com/photos/17792248/pexels-photo-17792248.jpeg?auto=compress&cs=tinysrgb&h=350', 'Photography'),
(24, 'Smartphone Case', 'Durable and stylish case for smartphones with shock protection.', 'https://images.pexels.com/photos/696645/pexels-photo-696645.jpeg?auto=compress&cs=tinysrgb&h=350', 'Accessories'),
(25, 'Electric Kettle', 'Fast-boil electric kettle with auto shut-off feature.', 'https://images.pexels.com/photos/32117666/pexels-photo-32117666.jpeg?auto=compress&cs=tinysrgb&h=350', 'Kitchen'),
(26, 'Mechanical Keyboard', 'Backlit mechanical keyboard with tactile switches.', 'https://images.pexels.com/photos/2115257/pexels-photo-2115257.jpeg?auto=compress&cs=tinysrgb&h=350', 'Computers'),
(27, 'USB-C Hub', 'Multiport USB-C hub with HDMI', 'https://images.pexels.com/photos/4195398/pexels-photo-4195398.jpeg?auto=compress&cs=tinysrgb&h=350', 'Computers'),
(28, 'Air Purifier', 'HEPA air purifier with quiet operation and 3-stage filter.', 'https://images.pexels.com/photos/3554239/pexels-photo-3554239.jpeg?auto=compress&cs=tinysrgb&h=350', 'Home Appliances'),
(29, 'Camera Backpack', 'Water-resistant backpack with padded camera compartments.', 'https://images.pexels.com/photos/32165577/pexels-photo-32165577.jpeg?auto=compress&cs=tinysrgb&h=350', 'Photography'),
(30, 'Smartwatch Band', 'Breathable and comfortable band for all smartwatch models.', 'https://images.pexels.com/photos/6192127/pexels-photo-6192127.jpeg?auto=compress&cs=tinysrgb&h=350', 'Accessories'),
(31, 'Wireless Headphones', 'High-quality wireless headphones with noise cancellation.', 'https://images.pexels.com/photos/610945/pexels-photo-610945.jpeg?auto=compress&cs=tinysrgb&h=350', 'Electronics'),
(32, 'Noise-Canceling Earbuds', 'Wireless earbuds with active noise canceling.', 'https://images.pexels.com/photos/28206207/pexels-photo-28206207.jpeg?auto=compress&cs=tinysrgb&h=350', 'Audio'),
(33, 'Ergonomic Chair', 'Comfortable ergonomic office chair with lumbar support.', 'https://images.pexels.com/photos/3653849/pexels-photo-3653849.jpeg?auto=compress&cs=tinysrgb&h=350', 'Furniture'),
(34, 'Motion Sensor', 'Wireless motion sensor with instant alert system.', 'https://images.pexels.com/photos/4390048/pexels-photo-4390048.jpeg?auto=compress&cs=tinysrgb&h=350', 'Security'),
(35, 'Solar Garden Light', 'Weatherproof solar-powered garden lights for pathways.', 'https://images.pexels.com/photos/30994232/pexels-photo-30994232.jpeg?auto=compress&cs=tinysrgb&h=350', 'Outdoor'),
(36, 'Smart Light Bulb', 'Color-changing smart LED bulb with app and voice control.', 'https://images.pexels.com/photos/16859997/pexels-photo-16859997.jpeg?auto=compress&cs=tinysrgb&h=350', 'Lighting'),
(37, 'Yoga Mat', 'Eco-friendly yoga mat with non-slip surface.', 'https://images.pexels.com/photos/2394051/pexels-photo-2394051.jpeg?auto=compress&cs=tinysrgb&h=350', 'Fitness'),
(38, 'Non-stick Frying Pan', 'Durable non-stick frying pan with ergonomic handle.', 'https://images.pexels.com/photos/31110049/pexels-photo-31110049.jpeg?auto=compress&cs=tinysrgb&h=350', 'Kitchen'),
(39, 'Wireless Presenter', 'Laser pointer and slide changer with USB receiver.', 'https://images.pexels.com/photos/8000659/pexels-photo-8000659.jpeg?auto=compress&cs=tinysrgb&h=350', 'Office'),
(40, 'Standing Desk', 'Height-adjustable standing desk with smooth lift system.', 'https://images.pexels.com/photos/1586973/pexels-photo-1586973.jpeg?auto=compress&cs=tinysrgb&h=350', 'Furniture'),
(41, 'Webcam Cover', 'Slide-on webcam cover for privacy protection.', 'https://images.pexels.com/photos/32133364/pexels-photo-32133364.jpeg?auto=compress&cs=tinysrgb&h=350', 'Accessories'),
(42, 'Wi-Fi Router', 'Dual-band gigabit Wi-Fi router with long-range coverage.', 'https://images.pexels.com/photos/28348054/pexels-photo-28348054.jpeg?auto=compress&cs=tinysrgb&h=350', 'Networking'),
(43, 'Smart Thermostat', 'Wi-Fi smart thermostat with programmable schedules.', 'https://images.pexels.com/photos/7616651/pexels-photo-7616651.jpeg?auto=compress&cs=tinysrgb&h=350', 'Home Appliances'),
(44, 'Drawing Tablet', 'Digital drawing tablet with pressure-sensitive pen.', 'https://images.pexels.com/photos/699459/pexels-photo-699459.jpeg?auto=compress&cs=tinysrgb&h=350', 'Computers'),
(45, 'Bluetooth Tracker', 'Key and bag tracker with Bluetooth and phone alerts.', 'https://images.pexels.com/photos/15228779/pexels-photo-15228779.jpeg?auto=compress&cs=tinysrgb&h=350', 'Accessories'),
(46, 'Espresso Machine', 'Compact espresso machine with milk frother.', 'https://images.pexels.com/photos/324028/pexels-photo-324028.jpeg?auto=compress&cs=tinysrgb&h=350', 'Kitchen'),
(47, 'Dumbbell Set', 'Adjustable dumbbell set for strength training at home.', 'https://images.pexels.com/photos/669580/pexels-photo-669580.jpeg?auto=compress&cs=tinysrgb&h=350', 'Fitness'),
(49, 'Storage Containers', 'Airtight food storage containers set for pantry organization.', 'https://images.pexels.com/photos/32151281/pexels-photo-32151281.jpeg?auto=compress&cs=tinysrgb&h=350', 'Kitchen'),
(50, 'External SSD', 'High-speed portable SSD with USB-C connectivity.', 'https://images.pexels.com/photos/2644597/pexels-photo-2644597.jpeg?auto=compress&cs=tinysrgb&h=350', 'Storage'),
(51, 'Foam Roller', 'High-density foam roller for muscle recovery and stretching.', 'https://images.pexels.com/photos/4587698/pexels-photo-4587698.jpeg?auto=compress&cs=tinysrgb&h=350', 'Fitness');

-- --------------------------------------------------------

--
-- Table structure for table `rate_limits`
--

CREATE TABLE `rate_limits` (
  `ip_address` varchar(45) NOT NULL,
  `endpoint` varchar(50) NOT NULL,
  `request_count` int(11) NOT NULL DEFAULT 1,
  `window_start` datetime NOT NULL DEFAULT current_timestamp(),
  `last_request` datetime NOT NULL
) ENGINE=InnoDB DEFAULT CHARSET=utf8mb4 COLLATE=utf8mb4_general_ci;

--
-- Dumping data for table `rate_limits`
--

INSERT INTO `rate_limits` (`ip_address`, `endpoint`, `request_count`, `window_start`, `last_request`) VALUES
('31302e33322e3133312e313837', 'AdminRecentReviews', 1, '2025-05-26 10:34:43', '2025-05-26 10:34:43'),
('31302e33322e3133312e313837', 'Login', 1, '2025-05-26 10:34:42', '2025-05-26 10:34:42'),
('3130352e3234352e3130382e3434', 'Login', 1, '2025-05-26 11:48:04', '2025-05-26 11:48:04'),
('3130352e3234352e3130382e3434', 'Register', 1, '2025-05-26 11:49:49', '2025-05-26 11:49:49'),
('3130352e382e302e313437', 'AdminRecentReviews', 2, '2025-05-24 16:57:40', '2025-05-24 16:57:48'),
('3130352e382e302e313437', 'getAllProducts', 2, '2025-05-24 16:57:42', '2025-05-24 16:57:42'),
('3130352e382e302e313437', 'GetAllRetailers', 1, '2025-05-24 16:57:42', '2025-05-24 16:57:42'),
('3130352e382e302e313437', 'getAllUsers', 1, '2025-05-24 16:57:46', '2025-05-24 16:57:46'),
('3130352e382e302e313437', 'Login', 1, '2025-05-24 16:57:10', '2025-05-24 16:57:10'),
('3130352e382e302e313437', 'QuickAddUser', 1, '2025-05-24 16:52:17', '2025-05-24 16:52:17'),
('3130352e382e302e313437', 'Register', 1, '2025-05-24 16:07:32', '2025-05-24 16:07:32'),
('34312e3134352e3231302e323531', 'Register', 1, '2025-05-26 11:12:49', '2025-05-26 11:12:49'),
('34312e3135302e35302e323531', 'Login', 1, '2025-05-26 11:09:34', '2025-05-26 11:09:34'),
('34312e3135302e35302e323531', 'Register', 1, '2025-05-26 11:12:50', '2025-05-26 11:12:50'),
('34312e3139332e3231322e3933', 'getMyReviews', 1, '2025-05-23 21:03:47', '2025-05-23 21:03:47'),
('34352e3232302e31352e313937', 'Register', 2, '2025-05-26 09:35:20', '2025-05-26 09:35:20');

-- --------------------------------------------------------

--
-- Table structure for table `Rating`
--

CREATE TABLE `Rating` (
  `id` int(11) NOT NULL,
  `score` int(11) DEFAULT NULL CHECK (`score` >= 1 and `score` <= 5),
  `description` text DEFAULT NULL,
  `user_id` int(11) DEFAULT NULL,
  `product_id` int(11) DEFAULT NULL,
  `updated_at` timestamp NOT NULL DEFAULT current_timestamp() ON UPDATE current_timestamp()
) ENGINE=InnoDB DEFAULT CHARSET=utf8mb4 COLLATE=utf8mb4_general_ci;

--
-- Dumping data for table `Rating`
--

INSERT INTO `Rating` (`id`, `score`, `description`, `user_id`, `product_id`, `updated_at`) VALUES
(410, 4, 'Very satisfied, would buy again.', 1, 1, '2025-05-26 11:59:41'),
(411, 1, 'Completely useless, regret purchasing.', 2, 1, '2025-05-26 11:59:41'),
(412, 2, 'Came in perfect condition.', 3, 1, '2025-05-26 11:59:41'),
(413, 4, 'Works perfectly, exceeded my expectations.', 4, 1, '2025-05-26 11:59:41'),
(414, 3, 'Came in perfect condition.', 5, 1, '2025-05-26 11:59:41'),
(415, 1, 'Feels very cheap and flimsy.', 6, 1, '2025-05-26 11:59:41'),
(416, 2, 'Fantastic build quality and features.', 7, 1, '2025-05-26 11:59:41'),
(417, 3, 'Will recommend to my friends.', 8, 1, '2025-05-26 11:59:41'),
(418, 4, 'Came in perfect condition.', 9, 1, '2025-05-26 11:59:41'),
(419, 1, 'Low quality, not worth it.', 10, 1, '2025-05-26 11:59:41'),
(420, 4, 'Came in perfect condition.', 1, 2, '2025-05-26 11:59:41'),
(421, 1, 'Poor customer service and product.', 2, 2, '2025-05-26 11:59:41'),
(422, 5, 'Top-notch performance, no complaints.', 3, 2, '2025-05-26 11:59:41'),
(423, 3, 'Product as described, fast shipping.', 4, 2, '2025-05-26 11:59:41'),
(424, 3, 'Came in perfect condition.', 5, 2, '2025-05-26 11:59:41'),
(425, 1, 'Had to return it immediately.', 6, 2, '2025-05-26 11:59:41'),
(426, 2, 'Very satisfied, would buy again.', 7, 2, '2025-05-26 11:59:41'),
(427, 5, 'It does the job well.', 8, 2, '2025-05-26 11:59:41'),
(428, 1, 'Not satisfied at all.', 9, 2, '2025-05-26 11:59:41'),
(429, 2, 'Exactly what I needed.', 10, 2, '2025-05-26 11:59:41'),
(430, 4, 'Really happy with this purchase.', 1, 3, '2025-05-26 11:59:41'),
(431, 1, 'Extremely poor performance.', 2, 3, '2025-05-26 11:59:41'),
(432, 1, 'Stopped working after one use.', 3, 3, '2025-05-26 11:59:41'),
(433, 5, 'Came in perfect condition.', 4, 3, '2025-05-26 11:59:41'),
(434, 2, 'Very satisfied, would buy again.', 5, 3, '2025-05-26 11:59:41'),
(435, 1, 'Poor customer service and product.', 6, 3, '2025-05-26 11:59:41'),
(436, 4, 'Everything works as expected.', 7, 3, '2025-05-26 11:59:41'),
(437, 4, 'User-friendly and reliable.', 8, 3, '2025-05-26 11:59:41'),
(438, 3, 'Five stars, would definitely recommend.', 9, 3, '2025-05-26 11:59:41'),
(439, 4, 'Everything works as expected.', 10, 3, '2025-05-26 11:59:41'),
(440, 5, 'Really happy with this purchase.', 1, 4, '2025-05-26 11:59:41'),
(441, 4, 'Great value for money.', 2, 4, '2025-05-26 11:59:41'),
(442, 3, 'Product as described, fast shipping.', 3, 4, '2025-05-26 11:59:41'),
(443, 5, 'Happy customer here.', 4, 4, '2025-05-26 11:59:41'),
(444, 4, 'Will recommend to my friends.', 5, 4, '2025-05-26 11:59:41'),
(445, 3, 'Much better than I thought.', 6, 4, '2025-05-26 11:59:41'),
(446, 1, 'Not satisfied at all.', 7, 4, '2025-05-26 11:59:41'),
(447, 1, 'Arrived damaged and unusable.', 8, 4, '2025-05-26 11:59:41'),
(448, 3, 'Great value for money.', 9, 4, '2025-05-26 11:59:41'),
(449, 5, 'Great value for money.', 10, 4, '2025-05-26 11:59:41'),
(470, 5, 'Works perfectly, exceeded my expectations.', 1, 7, '2025-05-26 11:59:41'),
(471, 3, 'Simple and effective.', 2, 7, '2025-05-26 11:59:41'),
(472, 4, 'Simple and effective.', 3, 7, '2025-05-26 11:59:41'),
(473, 2, 'Simple and effective.', 4, 7, '2025-05-26 11:59:41'),
(474, 2, 'Great value for money.', 5, 7, '2025-05-26 11:59:41'),
(475, 4, 'It does the job well.', 6, 7, '2025-05-26 11:59:41'),
(476, 3, 'Really happy with this purchase.', 7, 7, '2025-05-26 11:59:41'),
(477, 3, 'Came in perfect condition.', 8, 7, '2025-05-26 11:59:41'),
(478, 5, 'User-friendly and reliable.', 9, 7, '2025-05-26 11:59:41'),
(479, 3, 'Great value for money.', 10, 7, '2025-05-26 11:59:41'),
(480, 3, 'It does the job well.', 1, 8, '2025-05-26 11:59:41'),
(481, 1, 'Arrived damaged and unusable.', 2, 8, '2025-05-26 11:59:41'),
(482, 4, 'Five stars, would definitely recommend.', 3, 8, '2025-05-26 11:59:41'),
(483, 5, 'Five stars, would definitely recommend.', 4, 8, '2025-05-26 11:59:41'),
(484, 4, 'Came in perfect condition.', 5, 8, '2025-05-26 11:59:41'),
(485, 5, 'Great value for money.', 6, 8, '2025-05-26 11:59:41'),
(486, 1, 'Extremely poor performance.', 7, 8, '2025-05-26 11:59:41'),
(487, 5, 'Came in perfect condition.', 8, 8, '2025-05-26 11:59:41'),
(488, 5, 'Came in perfect condition.', 9, 8, '2025-05-26 11:59:41'),
(489, 1, 'Not as described, very disappointed.', 10, 8, '2025-05-26 11:59:41'),
(490, 2, 'Everything works as expected.', 1, 9, '2025-05-26 11:59:41'),
(491, 1, 'Does not work as advertised.', 2, 9, '2025-05-26 11:59:41'),
(492, 2, 'Excellent quality, highly recommend!', 3, 9, '2025-05-26 11:59:41'),
(493, 1, 'Completely useless, regret purchasing.', 4, 9, '2025-05-26 11:59:41'),
(494, 2, 'Came in perfect condition.', 5, 9, '2025-05-26 11:59:41'),
(495, 1, 'Completely useless, regret purchasing.', 6, 9, '2025-05-26 11:59:41'),
(496, 2, 'Came in perfect condition.', 7, 9, '2025-05-26 11:59:41'),
(497, 3, 'Will recommend to my friends.', 8, 9, '2025-05-26 11:59:41'),
(498, 5, 'Five stars, would definitely recommend.', 9, 9, '2025-05-26 11:59:41'),
(499, 4, 'Exactly what I needed.', 10, 9, '2025-05-26 11:59:41'),
(500, 2, 'Fantastic build quality and features.', 1, 10, '2025-05-26 11:59:41'),
(501, 4, 'Product as described, fast shipping.', 2, 10, '2025-05-26 11:59:41'),
(502, 3, 'Fantastic build quality and features.', 3, 10, '2025-05-26 11:59:41'),
(503, 2, 'Simple and effective.', 4, 10, '2025-05-26 11:59:41'),
(504, 3, 'Much better than I thought.', 5, 10, '2025-05-26 11:59:41'),
(505, 2, 'Product as described, fast shipping.', 6, 10, '2025-05-26 11:59:41'),
(506, 1, 'Not satisfied at all.', 7, 10, '2025-05-26 11:59:41'),
(507, 2, 'Works perfectly, exceeded my expectations.', 8, 10, '2025-05-26 11:59:41'),
(508, 4, 'Much better than I thought.', 9, 10, '2025-05-26 11:59:41'),
(509, 3, 'Top-notch performance, no complaints.', 10, 10, '2025-05-26 11:59:41'),
(510, 2, 'Impressed with the results, thank you!', 1, 11, '2025-05-26 11:59:41'),
(511, 1, 'Not as described, very disappointed.', 2, 11, '2025-05-26 11:59:41'),
(512, 4, 'Came in perfect condition.', 3, 11, '2025-05-26 11:59:41'),
(513, 4, 'Exactly what I needed.', 4, 11, '2025-05-26 11:59:41'),
(514, 4, 'Came in perfect condition.', 5, 11, '2025-05-26 11:59:41'),
(515, 5, 'Five stars, would definitely recommend.', 6, 11, '2025-05-26 11:59:41'),
(516, 2, 'Impressed with the results, thank you!', 7, 11, '2025-05-26 11:59:41'),
(517, 3, 'Very satisfied, would buy again.', 8, 11, '2025-05-26 11:59:41'),
(518, 1, 'Disappointed with the purchase.', 9, 11, '2025-05-26 11:59:41'),
(519, 2, 'Excellent quality, highly recommend!', 10, 11, '2025-05-26 11:59:41'),
(520, 3, 'Works perfectly, exceeded my expectations.', 1, 12, '2025-05-26 11:59:41'),
(521, 4, 'Works perfectly, exceeded my expectations.', 2, 12, '2025-05-26 11:59:41'),
(522, 5, 'Really happy with this purchase.', 3, 12, '2025-05-26 11:59:41'),
(523, 3, 'Fantastic build quality and features.', 4, 12, '2025-05-26 11:59:41'),
(524, 1, 'Instructions were unclear and confusing.', 5, 12, '2025-05-26 11:59:41'),
(525, 1, 'Not as described, very disappointed.', 6, 12, '2025-05-26 11:59:41'),
(526, 4, 'Impressed with the results, thank you!', 7, 12, '2025-05-26 11:59:41'),
(527, 2, 'Works perfectly, exceeded my expectations.', 8, 12, '2025-05-26 11:59:41'),
(528, 1, 'Would give zero stars if I could.', 9, 12, '2025-05-26 11:59:41'),
(529, 4, 'Excellent quality, highly recommend!', 10, 12, '2025-05-26 11:59:41'),
(530, 2, 'Exactly what I needed.', 1, 13, '2025-05-26 11:59:41'),
(531, 5, 'User-friendly and reliable.', 2, 13, '2025-05-26 11:59:41'),
(532, 1, 'Completely useless, regret purchasing.', 3, 13, '2025-05-26 11:59:41'),
(533, 3, 'Exactly what I needed.', 4, 13, '2025-05-26 11:59:41'),
(534, 4, 'Came in perfect condition.', 5, 13, '2025-05-26 11:59:41'),
(535, 1, 'Poor customer service and product.', 6, 13, '2025-05-26 11:59:41'),
(536, 2, 'Product as described, fast shipping.', 7, 13, '2025-05-26 11:59:41'),
(537, 1, 'Waste of money, do not buy.', 8, 13, '2025-05-26 11:59:41'),
(538, 3, 'Impressed with the results, thank you!', 9, 13, '2025-05-26 11:59:41'),
(539, 2, 'Fantastic build quality and features.', 10, 13, '2025-05-26 11:59:41'),
(540, 5, 'Happy customer here.', 1, 14, '2025-05-26 11:59:41'),
(541, 1, 'Does not work as advertised.', 2, 14, '2025-05-26 11:59:41'),
(542, 2, 'Excellent quality, highly recommend!', 3, 14, '2025-05-26 11:59:41'),
(543, 4, 'Everything works as expected.', 4, 14, '2025-05-26 11:59:41'),
(544, 4, 'Product as described, fast shipping.', 5, 14, '2025-05-26 11:59:41'),
(545, 3, 'Everything works as expected.', 6, 14, '2025-05-26 11:59:41'),
(546, 4, 'Simple and effective.', 7, 14, '2025-05-26 11:59:41'),
(547, 5, 'Will recommend to my friends.', 8, 14, '2025-05-26 11:59:41'),
(548, 5, 'Five stars, would definitely recommend.', 9, 14, '2025-05-26 11:59:41'),
(549, 2, 'Much better than I thought.', 10, 14, '2025-05-26 11:59:41'),
(550, 2, 'Exactly what I needed.', 1, 15, '2025-05-26 11:59:41'),
(551, 1, 'Low quality, not worth it.', 2, 15, '2025-05-26 11:59:41'),
(552, 1, 'Does not work as advertised.', 3, 15, '2025-05-26 11:59:41'),
(553, 1, 'Instructions were unclear and confusing.', 4, 15, '2025-05-26 11:59:41'),
(554, 2, 'Simple and effective.', 5, 15, '2025-05-26 11:59:41'),
(555, 3, 'Much better than I thought.', 6, 15, '2025-05-26 11:59:41'),
(556, 3, 'Product as described, fast shipping.', 7, 15, '2025-05-26 11:59:41'),
(557, 5, 'Will recommend to my friends.', 8, 15, '2025-05-26 11:59:41'),
(558, 5, 'Fantastic build quality and features.', 9, 15, '2025-05-26 11:59:41'),
(559, 1, 'Feels very cheap and flimsy.', 10, 15, '2025-05-26 11:59:41'),
(560, 5, 'Great value for money.', 1, 16, '2025-05-26 11:59:41'),
(561, 4, 'Exactly what I needed.', 2, 16, '2025-05-26 11:59:41'),
(562, 2, 'Impressed with the results, thank you!', 3, 16, '2025-05-26 11:59:41'),
(563, 1, 'Faulty and unreliable.', 4, 16, '2025-05-26 11:59:41'),
(564, 2, 'Definitely worth the price.', 5, 16, '2025-05-26 11:59:41'),
(565, 1, 'Completely useless, regret purchasing.', 6, 16, '2025-05-26 11:59:41'),
(566, 3, 'Happy customer here.', 7, 16, '2025-05-26 11:59:41'),
(567, 2, 'Great value for money.', 8, 16, '2025-05-26 11:59:41'),
(568, 3, 'User-friendly and reliable.', 9, 16, '2025-05-26 11:59:41'),
(569, 5, 'Everything works as expected.', 10, 16, '2025-05-26 11:59:41'),
(570, 3, 'User-friendly and reliable.', 1, 17, '2025-05-26 11:59:41'),
(571, 5, 'Fantastic build quality and features.', 2, 17, '2025-05-26 11:59:41'),
(572, 5, 'Product as described, fast shipping.', 3, 17, '2025-05-26 11:59:41'),
(573, 4, 'Great value for money.', 4, 17, '2025-05-26 11:59:41'),
(574, 2, 'Fantastic build quality and features.', 5, 17, '2025-05-26 11:59:41'),
(575, 4, 'Product as described, fast shipping.', 6, 17, '2025-05-26 11:59:41'),
(576, 4, 'Came in perfect condition.', 7, 17, '2025-05-26 11:59:41'),
(577, 1, 'Extremely poor performance.', 8, 17, '2025-05-26 11:59:41'),
(578, 4, 'Five stars, would definitely recommend.', 9, 17, '2025-05-26 11:59:41'),
(579, 5, 'Really happy with this purchase.', 10, 17, '2025-05-26 11:59:41'),
(580, 2, 'Impressed with the results, thank you!', 1, 18, '2025-05-26 11:59:41'),
(581, 3, 'Great value for money.', 2, 18, '2025-05-26 11:59:41'),
(582, 5, 'User-friendly and reliable.', 3, 18, '2025-05-26 11:59:41'),
(583, 2, 'Definitely worth the price.', 4, 18, '2025-05-26 11:59:41'),
(584, 1, 'Arrived damaged and unusable.', 5, 18, '2025-05-26 11:59:41'),
(585, 5, 'Impressed with the results, thank you!', 6, 18, '2025-05-26 11:59:41'),
(586, 3, 'Fantastic build quality and features.', 7, 18, '2025-05-26 11:59:41'),
(587, 2, 'Really happy with this purchase.', 8, 18, '2025-05-26 11:59:41'),
(588, 5, 'Simple and effective.', 9, 18, '2025-05-26 11:59:41'),
(589, 2, 'Much better than I thought.', 10, 18, '2025-05-26 11:59:41'),
(590, 3, 'It does the job well.', 1, 19, '2025-05-26 11:59:41'),
(591, 2, 'Excellent quality, highly recommend!', 2, 19, '2025-05-26 11:59:41'),
(592, 4, 'Fantastic build quality and features.', 3, 19, '2025-05-26 11:59:41'),
(593, 4, 'Top-notch performance, no complaints.', 4, 19, '2025-05-26 11:59:41'),
(594, 4, 'Works perfectly, exceeded my expectations.', 5, 19, '2025-05-26 11:59:41'),
(595, 5, 'Impressed with the results, thank you!', 6, 19, '2025-05-26 11:59:41'),
(596, 2, 'Will recommend to my friends.', 7, 19, '2025-05-26 11:59:41'),
(597, 2, 'Product as described, fast shipping.', 8, 19, '2025-05-26 11:59:41'),
(598, 1, 'Low quality, not worth it.', 9, 19, '2025-05-26 11:59:41'),
(599, 2, 'Top-notch performance, no complaints.', 10, 19, '2025-05-26 11:59:41'),
(600, 2, 'Fantastic build quality and features.', 1, 20, '2025-05-26 11:59:41'),
(601, 3, 'Five stars, would definitely recommend.', 2, 20, '2025-05-26 11:59:41'),
(602, 4, 'Simple and effective.', 3, 20, '2025-05-26 11:59:41'),
(603, 4, 'Great value for money.', 4, 20, '2025-05-26 11:59:41'),
(604, 2, 'Top-notch performance, no complaints.', 5, 20, '2025-05-26 11:59:41'),
(605, 4, 'Will recommend to my friends.', 6, 20, '2025-05-26 11:59:41'),
(606, 5, 'Everything works as expected.', 7, 20, '2025-05-26 11:59:41'),
(607, 3, 'Came in perfect condition.', 8, 20, '2025-05-26 11:59:41'),
(608, 4, 'Great value for money.', 9, 20, '2025-05-26 11:59:41'),
(609, 2, 'Exactly what I needed.', 10, 20, '2025-05-26 11:59:41'),
(610, 2, 'Excellent quality, highly recommend!', 1, 21, '2025-05-26 11:59:41'),
(611, 1, 'Low quality, not worth it.', 2, 21, '2025-05-26 11:59:41'),
(612, 1, 'Terrible quality, broke immediately.', 3, 21, '2025-05-26 11:59:41'),
(613, 1, 'Disappointed with the purchase.', 4, 21, '2025-05-26 11:59:41'),
(614, 2, 'Works perfectly, exceeded my expectations.', 5, 21, '2025-05-26 11:59:41'),
(615, 4, 'Works perfectly, exceeded my expectations.', 6, 21, '2025-05-26 11:59:41'),
(616, 5, 'Excellent quality, highly recommend!', 7, 21, '2025-05-26 11:59:41'),
(617, 2, 'Excellent quality, highly recommend!', 8, 21, '2025-05-26 11:59:41'),
(618, 5, 'Came in perfect condition.', 9, 21, '2025-05-26 11:59:41'),
(619, 4, 'Simple and effective.', 10, 21, '2025-05-26 11:59:41'),
(620, 4, 'Impressed with the results, thank you!', 1, 22, '2025-05-26 11:59:41'),
(621, 5, 'Excellent quality, highly recommend!', 2, 22, '2025-05-26 11:59:41'),
(622, 4, 'Everything works as expected.', 3, 22, '2025-05-26 11:59:41'),
(623, 3, 'Excellent quality, highly recommend!', 4, 22, '2025-05-26 11:59:41'),
(624, 2, 'Fantastic build quality and features.', 5, 22, '2025-05-26 11:59:41'),
(625, 5, 'Exactly what I needed.', 6, 22, '2025-05-26 11:59:41'),
(626, 1, 'Extremely poor performance.', 7, 22, '2025-05-26 11:59:41'),
(627, 2, 'Will recommend to my friends.', 8, 22, '2025-05-26 11:59:41'),
(628, 5, 'Works perfectly, exceeded my expectations.', 9, 22, '2025-05-26 11:59:41'),
(629, 3, 'Product as described, fast shipping.', 10, 22, '2025-05-26 11:59:41'),
(630, 4, 'Much better than I thought.', 1, 23, '2025-05-26 11:59:41'),
(631, 5, 'User-friendly and reliable.', 2, 23, '2025-05-26 11:59:41'),
(632, 1, 'Not satisfied at all.', 3, 23, '2025-05-26 11:59:41'),
(633, 4, 'Exactly what I needed.', 4, 23, '2025-05-26 11:59:41'),
(634, 3, 'Very satisfied, would buy again.', 5, 23, '2025-05-26 11:59:41'),
(635, 5, 'Impressed with the results, thank you!', 6, 23, '2025-05-26 11:59:41'),
(636, 3, 'Top-notch performance, no complaints.', 7, 23, '2025-05-26 11:59:41'),
(637, 5, 'Excellent quality, highly recommend!', 8, 23, '2025-05-26 11:59:41'),
(638, 4, 'Definitely worth the price.', 9, 23, '2025-05-26 11:59:41'),
(639, 2, 'Definitely worth the price.', 10, 23, '2025-05-26 11:59:41'),
(640, 1, 'Does not work as advertised.', 1, 24, '2025-05-26 11:59:41'),
(641, 2, 'Everything works as expected.', 2, 24, '2025-05-26 11:59:41'),
(642, 1, 'Completely useless, regret purchasing.', 4, 38, '2025-05-26 11:59:41'),
(643, 5, 'best product', 10003, 25, '2025-05-26 13:11:08'),
(647, 4, 'This is a great action camera. The quality amazing, just wish the battery lasted a bit longer.', 10028, 13, '2025-05-27 11:46:44'),
(649, 4, 'Great product', 10008, 12, '2025-05-27 12:14:21'),
(650, 5, 'I must say, this kettle can really boil water', 10030, 25, '2025-05-27 12:22:33'),
(651, 3, 'A good air purifier, except it is not very quiet (as stated in the product description). A more expensive air purifier would be a lot quieter, but it still does the job and works well.', 10028, 28, '2025-05-27 12:24:18'),
(652, 5, 'This tracker has prevented me from forgetting my bag multiple times. It is a life-saver!', 10030, 45, '2025-05-27 12:26:43'),
(653, 4, 'As other reviewers have stated, the air purifier is quite loud! Still, you can\'t really complain at this price.', 10030, 28, '2025-05-27 12:28:48'),
(654, 5, 'Maq the robo vac has really saved me from cleaning my apartment. As a student, I would definitely recommend this!', 10030, 16, '2025-05-27 12:32:14'),
(655, 4, 'Strong and well-built camera bag. The materials are very good.', 10028, 29, '2025-05-27 12:50:18'),
(656, 2, 'Really difficult to clean, since a pipe-cleaner is not supplied when you buy this product.', 10028, 3, '2025-05-27 12:51:10'),
(657, 3, 'A good yoga mat but I just wish it was slightly thicker.', 10028, 37, '2025-05-27 12:51:46');

-- --------------------------------------------------------

--
-- Table structure for table `Retailer`
--

CREATE TABLE `Retailer` (
  `id` int(11) NOT NULL,
  `name` varchar(100) NOT NULL,
  `email` varchar(100) NOT NULL,
  `suburb` varchar(100) DEFAULT NULL,
  `city` varchar(100) DEFAULT NULL,
  `street_name` varchar(100) DEFAULT NULL,
  `street_number` varchar(10) DEFAULT NULL,
  `zip_code` varchar(10) DEFAULT NULL
) ENGINE=InnoDB DEFAULT CHARSET=utf8mb4 COLLATE=utf8mb4_general_ci;

--
-- Dumping data for table `Retailer`
--

INSERT INTO `Retailer` (`id`, `name`, `email`, `suburb`, `city`, `street_name`, `street_number`, `zip_code`) VALUES
(1, 'Voonix', 'bodby0@ox.ac.uk', 'Cedar Hills', 'Carvalhais', 'Morning', '8687', '3040'),
(2, 'Eadel', 'newemail@retailerEadel.com', 'Cedar Hills', 'Johannesburg', 'Pierstorff', '9658', '4000'),
(3, 'Dazzlesphere', 'bmalloch2@chicagotribune.com', 'Willow Creek', 'Union', 'Dunning', '0734', '5609'),
(4, 'Camido', 'mconquer3@squarespace.com', 'Willow Creek', 'Fenghuangshan', 'Eagle Crest', '73', '2304'),
(5, 'Flashpoint', 'fsparrowe4@bizjournals.com', 'Willow Creek', 'Francisco Morato', 'Memorial', '66343', '0790'),
(6, 'Talane', 'ddeaves5@ebay.co.uk', 'Cedar Hills', 'Saint-Quentin-en-Yvelines', 'Arapahoe', '1517', '7806'),
(7, 'Jayo', 'tstanmore6@ted.com', 'Cedar Hills', 'Iznoski', 'Rutledge', '947', '6576'),
(8, 'Tanoodle', 'elippiett7@timesonline.co.uk', 'Cedar Hills', 'Agen', 'Kipling', '4', '4799'),
(9, 'Aivee', 'nleroy8@hubpages.com', 'Maple Ridge', 'Kedungbulu', 'Kings', '932', '5932'),
(10, 'Plambee', 'wsaphir9@boston.com', 'Willow Creek', 'Kobe', 'Kinsman', '71', '4146');

-- --------------------------------------------------------

--
-- Table structure for table `Supplied_By`
--

CREATE TABLE `Supplied_By` (
  `Retailer_id` int(11) NOT NULL,
  `Product_id` int(11) NOT NULL,
  `Price` float NOT NULL
) ENGINE=InnoDB DEFAULT CHARSET=utf8mb4 COLLATE=utf8mb4_general_ci;

--
-- Dumping data for table `Supplied_By`
--

INSERT INTO `Supplied_By` (`Retailer_id`, `Product_id`, `Price`) VALUES
(1, 1, 100.99),
(1, 3, 287.87),
(1, 4, 271.11),
(1, 7, 248.51),
(1, 9, 244.73),
(1, 10, 327.63),
(1, 12, 492.56),
(1, 13, 533.87),
(1, 14, 146.14),
(1, 19, 619.46),
(1, 20, 81.39),
(1, 22, 388.84),
(1, 24, 64.54),
(1, 25, 504.14),
(1, 26, 464.66),
(1, 27, 500.38),
(1, 29, 172.14),
(1, 30, 80.75),
(1, 31, 594.16),
(1, 34, 291),
(1, 36, 537.2),
(1, 38, 681.84),
(1, 39, 379.61),
(1, 41, 556.91),
(1, 42, 392.96),
(1, 44, 632.75),
(1, 45, 648.04),
(1, 50, 521.04),
(1, 51, 347.28),
(2, 1, 259.26),
(2, 12, 538.56),
(2, 13, 513.87),
(2, 14, 141.14),
(2, 18, 305.02),
(2, 21, 83.16),
(2, 22, 350.84),
(2, 23, 661.17),
(2, 24, 69.54),
(2, 32, 661.41),
(2, 33, 637.55),
(2, 34, 320),
(2, 36, 494.2),
(2, 37, 471.01),
(2, 39, 379.61),
(2, 43, 549.05),
(2, 46, 558.8),
(2, 49, 94.52),
(3, 1, 245.26),
(3, 3, 304.87),
(3, 8, 501.04),
(3, 9, 224.73),
(3, 11, 518.49),
(3, 15, 461.17),
(3, 16, 143.61),
(3, 17, 539.35),
(3, 18, 317.02),
(3, 19, 592.46),
(3, 21, 87.16),
(3, 23, 635.17),
(3, 24, 65.54),
(3, 26, 483.66),
(3, 31, 601.16),
(3, 32, 626.41),
(3, 35, 363.2),
(3, 36, 560.2),
(3, 40, 170.92),
(3, 41, 501.91),
(3, 44, 696.75),
(3, 46, 516.8),
(3, 49, 92.52),
(3, 51, 375.28),
(4, 2, 580.33),
(4, 8, 556.04),
(4, 12, 491.56),
(4, 16, 140.61),
(4, 17, 612.35),
(4, 18, 343.02),
(4, 21, 89.16),
(4, 22, 381.84),
(4, 25, 474.14),
(4, 26, 506.66),
(4, 27, 547.38),
(4, 28, 644.75),
(4, 29, 165.14),
(4, 32, 672.41),
(4, 33, 590.55),
(4, 35, 348.2),
(4, 36, 501.2),
(4, 37, 408.01),
(4, 42, 406.96),
(4, 43, 531.05),
(4, 47, 269.99),
(4, 49, 94.52),
(4, 50, 470.04),
(4, 51, 329.28),
(5, 4, 301.11),
(5, 7, 239.51),
(5, 9, 247.73),
(5, 10, 358.63),
(5, 11, 539.49),
(5, 20, 90.39),
(5, 23, 685.17),
(5, 25, 483.14),
(5, 27, 534.38),
(5, 29, 168.14),
(5, 30, 70.75),
(5, 31, 529.16),
(5, 33, 586.55),
(5, 34, 308),
(5, 35, 339.2),
(5, 39, 391.61),
(5, 41, 541.91),
(5, 45, 714.04),
(5, 46, 537.8),
(5, 50, 451.04),
(6, 1, 249.26),
(6, 7, 223.51),
(6, 8, 561.04),
(6, 10, 332.63),
(6, 11, 496.49),
(6, 12, 550.56),
(6, 13, 518.87),
(6, 14, 146.14),
(6, 15, 529.17),
(6, 16, 155.61),
(6, 17, 594.35),
(6, 18, 296.02),
(6, 19, 553.46),
(6, 20, 88.39),
(6, 22, 370.84),
(6, 24, 65.54),
(6, 25, 559.14),
(6, 27, 519.38),
(6, 28, 669.75),
(6, 29, 170.14),
(6, 32, 660.41),
(6, 33, 648.55),
(6, 39, 431.61),
(6, 40, 186.92),
(6, 44, 695.75),
(6, 45, 725.04),
(6, 50, 492.04),
(6, 51, 342.28),
(7, 1, 276.26),
(7, 2, 584.33),
(7, 4, 285.11),
(7, 7, 252.51),
(7, 8, 478.04),
(7, 10, 361.63),
(7, 11, 532.49),
(7, 12, 508.56),
(7, 16, 154.61),
(7, 18, 321.02),
(7, 20, 88.39),
(7, 21, 87.16),
(7, 26, 477.66),
(7, 28, 714.75),
(7, 29, 179.14),
(7, 30, 69.75),
(7, 35, 323.2),
(7, 38, 676.84),
(7, 39, 404.61),
(7, 43, 495.05),
(7, 44, 630.75),
(7, 45, 657.04),
(7, 46, 504.8),
(7, 47, 277.99),
(7, 49, 85.52),
(7, 50, 521.04),
(7, 51, 363.28),
(8, 2, 583.33),
(8, 3, 303.87),
(8, 7, 228.51),
(8, 9, 221.73),
(8, 11, 505.49),
(8, 13, 524.87),
(8, 16, 135.61),
(8, 19, 614.46),
(8, 20, 95.39),
(8, 21, 86.16),
(8, 23, 709.17),
(8, 24, 68.54),
(8, 25, 477.14),
(8, 29, 177.14),
(8, 34, 305),
(8, 36, 479.2),
(8, 37, 442.01),
(8, 38, 678.84),
(8, 40, 184.92),
(8, 41, 534.91),
(8, 43, 484.05),
(8, 45, 699.04),
(8, 47, 258.99),
(8, 49, 90.52),
(8, 50, 520.04),
(8, 51, 355.28),
(9, 1, 99.99),
(9, 2, 604.33),
(9, 4, 284.11),
(9, 7, 242.51),
(9, 9, 228.73),
(9, 15, 508.17),
(9, 16, 137.61),
(9, 19, 561.46),
(9, 23, 650.17),
(9, 26, 524.66),
(9, 28, 683.75),
(9, 30, 70.75),
(9, 32, 643.41),
(9, 34, 310),
(9, 36, 499.2),
(9, 38, 605.84),
(9, 41, 555.91),
(9, 42, 366.96),
(9, 44, 703.75),
(9, 45, 700.04),
(10, 2, 601.33),
(10, 3, 308.87),
(10, 4, 259.11),
(10, 8, 495.04),
(10, 11, 519.49),
(10, 12, 523.56),
(10, 14, 141.14),
(10, 15, 517.17),
(10, 17, 568.35),
(10, 18, 334.02),
(10, 21, 83.16),
(10, 23, 628.17),
(10, 25, 540.14),
(10, 30, 70.75),
(10, 31, 605.16),
(10, 32, 627.41),
(10, 35, 361.2),
(10, 37, 444.01),
(10, 39, 391.61),
(10, 40, 164.92),
(10, 41, 509.91),
(10, 42, 405.96),
(10, 43, 480.05),
(10, 44, 724.75),
(10, 47, 246.99);

-- --------------------------------------------------------

--
-- Table structure for table `User`
--

CREATE TABLE `User` (
  `id` int(11) NOT NULL,
  `name` varchar(50) DEFAULT NULL,
  `surname` varchar(50) DEFAULT NULL,
  `phone_number` varchar(22) DEFAULT NULL,
  `apikey` varchar(255) DEFAULT NULL,
  `email` varchar(100) DEFAULT NULL,
  `password` varchar(255) DEFAULT NULL,
  `street_number` varchar(10) DEFAULT NULL,
  `street_name` varchar(100) DEFAULT NULL,
  `suburb` varchar(100) DEFAULT NULL,
  `city` varchar(100) DEFAULT NULL,
  `zip_code` varchar(15) DEFAULT NULL,
  `user_type` varchar(50) DEFAULT NULL,
  `salt` text NOT NULL
) ENGINE=InnoDB DEFAULT CHARSET=utf8mb4 COLLATE=utf8mb4_general_ci;

--
-- Dumping data for table `User`
--

INSERT INTO `User` (`id`, `name`, `surname`, `phone_number`, `apikey`, `email`, `password`, `street_number`, `street_name`, `suburb`, `city`, `zip_code`, `user_type`, `salt`) VALUES
(1, 'Delila', 'Wanderschek', '630 535 0574', '$2a$04$2IFmJXdHXHuCqyGflMUQgu4201Xi7AxKpZttkWsrtPT7zr1Q7o3yO', 'dwanderschek0@squarespace.com', '$2a$04$TycKyhuHa7COGE416gLBMuPWZ7LybO1i.xbY9SnnCegRmOs/.p0e2', '07', 'Kinsman', 'Yeniköy', 'Hudong', '61300', 'admin', ''),
(2, 'Debra', 'Maddyson', '143 822 3801', '$2a$04$G56AbXhesQRD3XwJ0iJ6U...IDSbUvnivxNfUgdtws3x5oHQcTFK2', 'dmaddyson1@amazon.co.jp', '$2a$04$7vdDE9xf5bzuvkiqcJRSFeznbC6vj.KFSWl2FHsjc0fVeNMBLuN3u', '3', 'Jenna', 'Pasar Kulon', 'Aqtöbe', NULL, 'dmaddyson1', ''),
(3, 'Susannah', 'Mancer', '947 907 5481', '$2a$04$/mY99nVJyjD0AZVWIDIekuNekZUHd14NaUaeltQqDF6d1PTxYtVPm', 'smancer2@va.gov', '$2a$04$pnyMI0XQYm.i21F6Y.KM6eyF907Y8hwPlXOwC1Iy.Xcst5p6MC3Gq', '50', 'Red Cloud', 'Bubanza', 'Valinhos', NULL, 'smancer2', ''),
(4, 'Loria', 'Chesterton', '731 674 6280', '$2a$04$0yLhFUNMfzz4Y7H5WCduvuI2.u7ZccIofyHUil5X3PONv0zdIEsOS', 'lchesterton3@walmart.com', '$2a$04$7MdQuj8V151.k1HiwfxVYOqTlulD7gT3BpFqbuQKeHT5mjGvZk2jG', '36376', 'Sycamore', 'Dogondoutchi', 'Brzeszcze', NULL, 'lchesterton3', ''),
(5, 'Alyss', 'Carrier', '822 413 1946', '$2a$04$gYEOiwg5JVd4Aq9u5yLPVOnleRA1mcC92jIT5f9afBDfWVN9rMsiS', 'acarrier4@sfgate.com', '$2a$04$ltfUjU8Y5fZ.t2uEqeU3TeKXSlU.Q2ZBYtjuU1W/9ByHAwzZrHuE6', '75', 'Glendale', 'Khallat ad Dār', 'Utara', NULL, 'acarrier4', ''),
(6, 'Stavro', 'Dury', '711 998 7287', '$2a$04$61GLmLRTb5TjsG/lLwa1wuOMQhC8HUSyfbXvmhqQRl6847XMuT31S', 'sdury5@edublogs.org', '$2a$04$0Ccrnl4BMKKngfLjjR8dFegpkvITKqAMs128AbMtSQrGLTL4WxHNu', '39237', 'Fairview', 'Souflí', 'Groznyy', NULL, 'sdury5', ''),
(7, 'Filbert', 'Mullenger', '182 289 0678', '$2a$04$aZjECzuy.FouXN8EFRidp.BuFOJMnnul0OTPO8YyWa6ulEL5F9Rb2', 'fmullenger6@live.com', '$2a$04$TbFVpgE69C/m0FoAE1Dll.lsIX/jFLq5Qaga5f0kokuC.ZTiL3kEG', '1', 'Cody', 'Fómeque', 'Chutove', '251607', 'fmullenger6', ''),
(8, 'Sherill', 'Tarply', '513 718 1125', '$2a$04$gfbkTUUNVu3pH6osHU1lVucmS3j7PzTkeBNSMwJJdjOlqtTUoULmO', 'starply7@fotki.com', '$2a$04$I15m9zgNGl4R93jl5hhrxO0tFkIZhcIoZv5c4m/yjHJBVixAzESDG', '967', 'Heath', 'Oleiros', 'Candelaria', '6160-402', 'starply7', ''),
(9, 'Ricki', 'Ibberson', '470 398 9202', '$2a$04$BeIJP3Kj9C2dko37agzCbOpkVYDGsWFtn3ATH5am.HhwFcro9tQgm', 'ribberson8@joomla.org', '$2a$04$V/HBeHSHmDUbI3PiuAuazeVFYb/0bP4E4lUK2aWJ3/BdWI.9fix52', '9940', 'Caliangt', 'Wangchuanchang', 'Bailang', NULL, 'ribberson8', ''),
(10, 'Mercy', 'Dogg', '426 459 6887', '$2a$04$leaDChebqb2Lf.P03Vfi7uTkxJVEQCAWqsXmQNqPbAWZxfPAqE.v6', 'mdogg9@youtube.com', '$2a$04$aivzOVe0E9eRxzSDMVlB9uGUtPVwMNftzAR3IEaawI9b297efcP3K', '67112', 'Fallview', 'Dālbandīn', 'Standerton', '95100', 'mdogg9', ''),
(11, 'Reba', 'Peschke', '699 696 9298', '$2a$04$WditYnrtzo8wyr/ynmqF.e4YeG1gVO2SqP7RSemxzf0cLT9SC/VUa', 'rpeschkea@tripod.com', '$2a$04$3B4qn67e6V023REQvVbK/OsKB/7RKvYkC/VtYMA1vRX5oB/GkuEY.', '41', 'Basil', 'Gwandu', 'Nanjie', NULL, 'rpeschkea', ''),
(12, 'Franchot', 'Bernardet', '521 941 9685', '$2a$04$H1gKsOi29tU2ru/nUWTPFu.Q7U4mzMKTU3l/Lbr5SqEGaRr.N0uHC', 'fbernardetb@bravesites.com', '$2a$04$eBWp/S.uvxgL5ESn1LsMRuVy5zdVI1RqBcNVQ6ELLFSfjGj4M6h.m', '5146', 'Norway Maple', 'Soisy-sous-Montmorency', 'Bierawa', '95234', 'fbernardetb', ''),
(13, 'Avril', 'Lukacs', '188 310 6897', '$2a$04$ty3k0keiFyHCsNUXrZFuB.puDM38rL5eogStmVKeF5G9Y6WxH93f6', 'alukacsc@ucoz.com', '$2a$04$hNmaw9HfFnPvttNE4qQA6eniLQ1av7FpnUvInepeFCJvBcIznbqNe', '0', 'Rigney', 'Wako', 'Bintuni', '354-0046', 'alukacsc', ''),
(14, 'Lyle', 'Gantzman', '252 335 2060', '$2a$04$8FpOLS18UhUtfUhlE1Ixv.N518/tqxFgThJqWqupsmqNYQlen/Dhq', 'lgantzmand@jiathis.com', '$2a$04$sMxmihh21IZzZ6fz0/3kO.ZHWYkoO/B6Y1GkNcnzBGoHY8eU4E.wi', '20019', 'Lunder', 'The Valley', 'Cisantri', NULL, 'lgantzmand', ''),
(15, 'Corry', 'Gogerty', '909 378 6532', '$2a$04$TvCs7mSl4mr7AbIo1Yn9Q.2eWA5NbRJzahRcwAKHD8867Q4Q6tWsC', 'cgogertye@globo.com', '$2a$04$y0vmsxBIuB0MxjYQr3MTTempRK5u4/1DoGuC21Oy32z/tKXTBvxxu', '870', 'Paget', 'Além', 'Sabandia', '4720-551', 'cgogertye', ''),
(16, 'Rena', 'Montilla', '999 837 2268', '$2a$04$Xi5t2HCRISiuGkxy/gCrbeMO.88rMqcaXQJiX6T5oa8regxrvB/Z.', 'rmontillaf@nhs.uk', '$2a$04$lOMapaaia0F0gXLfh3TwYOdq8m.WgzQLOqQxTXQCcK6UJpfVt1Ev.', '3', 'Rockefeller', 'Curahkalak Tengah', 'Wonorejo Dua', NULL, 'rmontillaf', ''),
(17, 'Hillie', 'Larmet', '298 154 0589', '$2a$04$VmbvU0av6C6PerY5hTzVGeXHiODPobfwUQHDxwzVmpKa/.0yBYGTa', 'hlarmetg@ning.com', '$2a$04$gPc5qGwTzLzvkb.IGlntbeHUqNXT43ye6tux1BItqkP8E5s0/j.IK', '094', 'Briar Crest', 'Qaraçuxur', 'Tursunzoda', NULL, 'hlarmetg', ''),
(18, 'Borden', 'Schulter', '493 835 9811', '$2a$04$cpobtXp8H1maWR4LKNNnc.PwIBAvOjuMC1UJcJmO9gFT89/TNzf6C', 'bschulterh@diigo.com', '$2a$04$fJyUEse4Tx.torjR2GL/uu52PQmXAyPnakbSEnxeebkn2S4UT/yi2', '86', 'Shoshone', 'Morondava', 'Hatava', NULL, 'bschulterh', ''),
(19, 'Shannon', 'Dobrovsky', '380 253 2088', '$2a$04$qIA37UDs5yjqL1b32Dh9eOtxVNdqppp.JSBW5dPDOU6cL5nEKbkNe', 'sdobrovskyi@reverbnation.com', '$2a$04$nanluTO5KgvDdfgORgIlbOugE21knkVZ85HbmSB24lsGSIxygALuy', '94', 'Calypso', 'Sundsvall', 'Zhixia', '851 94', 'sdobrovskyi', ''),
(20, 'Shoshanna', 'Ferraro', '906 916 6944', '$2a$04$4djpcxhKoJqTEEgz53Z/1urDPmYItcB2riZZ/Gnspn.4VVgRhoWTS', 'sferraroj@free.fr', '$2a$04$g1keBT4cPp3qtAWf9Ot0teXGa54NjTDtipiY7ZpA.bzqLXtT8uC/C', '04', 'Gerald', 'Blerim', 'Vohibinany', NULL, 'sferraroj', ''),
(21, 'Analise', 'Phelips', '487 835 8298', '$2a$04$agVNz2OoHFJaSZcqREExFuL7Zv83t5GmS.6H4wUyHO5IgqThWgwHy', 'aphelipsk@globo.com', '$2a$04$OUZnDtywWnW7Zfpl/mGuCO9LXsdpBZRq4S3tDM0xcPZcfnzQl6/Ay', '8767', 'Bluestem', 'Åtvidaberg', 'Ciudad Bolivia', '597 96', 'aphelipsk', ''),
(22, 'Yanaton', 'Crease', '789 110 3145', '$2a$04$hPrDUJkc2Tf.xXaqm.vUieMDQAPqv1liOjcn06xpIDf9u8QuotynS', 'ycreasel@imdb.com', '$2a$04$ZLTO3YCUhzb3TovWr2mOq.nhIQuS2oBUbOwkfA9R9alCBecUjUeaW', '2', 'Nobel', 'Petaling Jaya', 'Längelmäki', '46547', 'ycreasel', ''),
(23, 'Kev', 'Jennions', '659 213 0631', '$2a$04$kHT1v4C9Pez2ck8UdjF04uZDAFi8afrVBlGVc0j49rmAlLR0vwEx2', 'kjennionsm@sakura.ne.jp', '$2a$04$Rvw/mD1nR2A0O2LNW.8WgesV7Cka82N7FLrWCGS2LunCATNPo7ssu', '981', 'Mendota', 'Longmen', 'Wugong', NULL, 'kjennionsm', ''),
(24, 'Myer', 'Brobak', '892 660 8119', '$2a$04$HCjdcEdUedGdsLu64m/RuuaGB9DsohvmMe.45/AF06E.CR4dDeznK', 'mbrobakn@t.co', '$2a$04$xlD7Lm45mHeHcNR7t4ae1eebQukgDX/VKbYLoloTcr/R1LA3SiI6y', '12', 'Huxley', 'Bacacay', 'Qobustan', '0905', 'mbrobakn', ''),
(25, 'Ashton', 'Martonfi', '379 158 9430', '$2a$04$jIXn/2csUaNaMsn1aibIp.oWFXZR/RFBCew20QC4.gyd96/L5BQyy', 'amartonfio@flickr.com', '$2a$04$58QZ1wraUcIXxITajZ84F.3jjSSe9pDptisvP86BzEDHpJiRStYb6', '6613', 'Eliot', 'Xianyi', 'Sayaxché', NULL, 'amartonfio', ''),
(26, 'Kirsti', 'Sings', '386 461 9008', '$2a$04$Da7JnpvrLNUOUBVHTnicvuqLIaxHiKwb6jn4vNORnZFSKrRzOiym2', 'ksingsp@virginia.edu', '$2a$04$w1VutSKaRmZNOORHni2VqO7IjdvbKQR8rK8KF0cEBmsXGuOHtN/2e', '893', 'Portage', 'Batobato', 'Xiangjia', '1091', 'ksingsp', ''),
(27, 'Nickie', 'Coudray', '719 818 6643', '$2a$04$YLPthra5thM.eXZbMCHocuIBfahwMk9Uhg4xsfpPA3j7XgMgXUj7a', 'ncoudrayq@google.pl', '$2a$04$LTP46H1XY7RbjGbFXpaKL.FIT5rNzTya4JaHMX7ZHjSYLdLMAKcD6', '1915', 'Granby', 'Colorado Springs', 'Voiron', '80905', 'ncoudrayq', ''),
(28, 'Malva', 'Inkin', '839 909 9449', '$2a$04$BghS8exQmdOf6KeOwwFmEOqAPPRCBQ6YFdrCcACLLNaHKsKLwXGZm', 'minkinr@forbes.com', '$2a$04$vXa3uXy6MjeSTQ8qOt09GeaFeldh77YcO7t1qCS3vaAx9Zx3L.UVS', '84065', 'Anniversary', 'Yangjiapo', 'Kumanis', NULL, 'minkinr', ''),
(29, 'Gusta', 'Beecraft', '251 658 6123', '$2a$04$9.fusQpAsnfb9aEyEI8y5uhqxPP8nf7tafwMTcg16gcRKVKNXc3ne', 'gbeecrafts@jiathis.com', '$2a$04$2hDW9gfY0IZ0YKQOAR29wOtfeAi6Y1LLjUaeJaEZ41gUPD3Zp9usW', '0', 'Del Mar', 'Ciénaga', 'Arnoia', '478008', 'gbeecrafts', ''),
(30, 'Turner', 'Duckers', '737 483 6533', '$2a$04$MUadF..h5qQa4Js40OsNUutY/V2DEJ9mBUBxBPlBWBj5fBpKCGJ.W', 'tduckerst@zdnet.com', '$2a$04$UCXj8HOFfmBs2v9VGno69uQSmeVv8ZynZUJGufRsKbJmTZl5r42Ym', '6364', 'Calypso', 'Dayuan', 'San Francisco', NULL, 'tduckerst', ''),
(31, 'Edgard', 'Rentcome', '611 908 5021', '$2a$04$0VC7WMnxo4AaC/x.NOzYU.qIgbe.lROg4Rrq4cvXO7f36MHRF7xfq', 'erentcomeu@yahoo.co.jp', '$2a$04$6p/9mI2sqX7KRpUKaRNTcODlm0wxINq2V888q4Vp0sKxm3c8Tkkf.', '2', 'Fremont', 'Lüjiabao', 'Corralito', NULL, 'erentcomeu', ''),
(32, 'Merna', 'Carlo', '279 807 9470', '$2a$04$/yNA0L3ULlH4C4/crRn3xeUib6IBWM/m..FmhQM94.r72nTGh/WCm', 'mcarlov@slate.com', '$2a$04$EyV24JWVmvd/S4IsCFULpOUL19YYTTTPTSKaR8lomSeiya/WUyaby', '24', 'Forest Dale', 'Söderhamn', 'Starobaltachevo', '826 86', 'mcarlov', ''),
(33, 'Octavia', 'Garmey', '563 697 4077', '$2a$04$RKbBrsc.gP90kIdNtMrwGOJ3m3vxehdCKEGVSNIpdMqCrNdrxnec6', 'ogarmeyw@barnesandnoble.com', '$2a$04$okEmQdy6qfBhJNhMI4C0WO36LCLyGw4TKo7HJrnPFCPHrz3z0RPDm', '09748', 'Grim', 'Ōtsuchi', 'Tokmok', '350-0134', 'ogarmeyw', ''),
(34, 'Derward', 'Huard', '613 362 9015', '$2a$04$EkUqNALJzk.VbP86AG74E.2uDYvO9m.HbtGUxiqlHdC81CqSxpp46', 'dhuardx@sitemeter.com', '$2a$04$ALPSci7IY8hvoK.lJn91RO7WRyGlv.Xsc0ThZ.alHg3iw2UBKW4.K', '98103', 'Crowley', 'Myitkyina', 'Maishi', NULL, 'dhuardx', ''),
(35, 'Wildon', 'Adamini', '337 434 1785', '$2a$04$GAr1waEE7m8RTIGu3VeQSeEkfwHL3rmU0PO2dybKjGuG8JSXm2B7e', 'wadaminiy@shareasale.com', '$2a$04$Gi4kmpdc/67.kuCUYqsLRu3PDO43VqjiBNEZWPrNEJP7cHAwK8Dwe', '5713', 'Bartillon', 'Bogorame', 'Hadapu Zhen', NULL, 'wadaminiy', ''),
(36, 'Guss', 'Serrels', '365 674 0218', '$2a$04$nOFUC0Xq9a/RZNPUdAY6ceZ7LLy31hi.SUj1T4EALewPcpu5Z9/KO', 'gserrelsz@apple.com', '$2a$04$g2swYGL.A9YKNhllawu2b.KoAWFuZfug384xzdN4az.NJrSPO/1Qu', '6151', 'Mcguire', 'Valleymount', 'Olho Marinho', 'A83', 'gserrelsz', ''),
(37, 'Jilli', 'Trewett', '551 477 5152', '$2a$04$BXELG5xe7pXl56Wqnp77M.OnfgJyrlD1Zq9PoVttWA19R01O8pgCq', 'jtrewett10@netscape.com', '$2a$04$t22FREgSsu8HEgjyElhZmurOQV4PSu/IZaB.1S2k7/0V/gJj6ZbJm', '9', 'Manufacturers', 'Najin', 'Stockholm', NULL, 'jtrewett10', ''),
(38, 'Jordana', 'Jent', '485 992 1087', '$2a$04$.Tyw980z7B7Jd3P/Cj1JcuqMr7aXPLnZp4UGtAEB.rayjsOgnF..K', 'jjent11@ovh.net', '$2a$04$rvuBSP.lhbJGRsPeNg1p6uPGJYgkvQk5hMaUIYyyZ6SVldIK7aJ46', '70', 'Farmco', 'Voskresenskoye', 'Pubu', '606735', 'jjent11', ''),
(39, 'Morie', 'Sakins', '201 194 7843', '$2a$04$o6P.0HbHtxfwVHpcRAu2IuqrDeb/eI677zkNhXvTOlLB0toizmLCm', 'msakins12@e-recht24.de', '$2a$04$WWoulqxAucZwNRDCsCxziO4xWzsYLXcoYXTCog84nhJ7EuSRPK68S', '81667', 'Havey', 'San José de Feliciano', 'Priargunsk', '3187', 'msakins12', ''),
(40, 'Beau', 'Gulleford', '465 928 1813', '$2a$04$eURb/LdPKMOYnu53fNRDlObMChvYvVX71w3pfO61w/AdRJidSJIdO', 'bgulleford13@reverbnation.com', '$2a$04$ZpZWmgqQu62W5nq..1cGEurP7FpIPa1DKjdO7.F9RmPYu1YMqQRzS', '844', 'Hauk', 'Farasān', 'Loakulu', NULL, 'bgulleford13', ''),
(41, 'Clevie', 'Burchall', '807 210 3737', '$2a$04$Ob0z9wZHmOWAw.1M8FzVP.2m872lL0Xr4bgYo4W00.H8iDElbH1ta', 'cburchall14@pcworld.com', '$2a$04$18oy6XLRNrP5/MH.BnrcsuQsw0VPSvnGQqoiVnTAG39La8MaJvlGC', '95', 'Texas', 'Lyon', 'La Loma', '69281 CEDEX 01', 'cburchall14', ''),
(42, 'Dion', 'Vigers', '430 941 6441', '$2a$04$85..kv7xfN4iFvLgcZ/3R.2AFQn3d/xaW0G8z6BrYgstq3YxXPNV6', 'dvigers15@washingtonpost.com', '$2a$04$D10Pqb84pnjfH2vue9WTxOiTctDH5BFpHlEgHM3TWlwIucqN0IPQy', '8823', 'New Castle', 'Sindangjawa', 'Zaoxi', NULL, 'dvigers15', ''),
(43, 'Portia', 'Mugleston', '302 161 0610', '$2a$04$oGrYQl4YvKgX9GJ36xu2m.aE29WpY8GzkZTRZ2ZxVKDiFWTbUSAiO', 'pmugleston16@columbia.edu', '$2a$04$iSrMBj2bZANwXqb3/PouNup9MY2pBrSptFkHCP9WzTqw0fvSGj58m', '7', 'Old Gate', 'Quilino', 'Sawahan', '5214', 'pmugleston16', ''),
(44, 'Ingaberg', 'Jenne', '399 436 8197', '$2a$04$zpWsocOHFOrEw4rMSuwAqutGixWJ54BmUGkEtn7ncGiOyRFdkzFOW', 'ijenne17@amazon.de', '$2a$04$fDyZABOf4ymoRa8GYa5bcegexZtfg9FxnHu0..NrjF5bjdh2cbLsy', '707', 'Boyd', 'Magersari', 'Herby', NULL, 'ijenne17', ''),
(45, 'Fielding', 'Trank', '574 172 7734', '$2a$04$DIFoe/ZeSTrevog3jqXPcO5h8fgIaPG7UrN3l1MFY8nB8rjaJ3EdO', 'ftrank18@hexun.com', '$2a$04$c.W1r/EnczyyMkPcQj9lhe1JT.AgGbZVvuXNYC4Mt9/YoT1PDUiOG', '428', 'Melody', 'Kunjāh', 'Jaunpiebalga', '55151', 'ftrank18', ''),
(46, 'Alana', 'Brabben', '680 750 6665', '$2a$04$adw0V/xj/weDT1WG3Ws2IeaZXqb7HkGB5zMcZACAIWhQ./QqXIbBy', 'abrabben19@state.gov', '$2a$04$Aj9dWNMw5G3C8JQFx2k68.6G.LSYfUYDV1QYub0l.rCm/6h4bFxZq', '86611', 'Buell', 'Sholokhove', 'Mino', NULL, 'abrabben19', ''),
(47, 'Coletta', 'Spivey', '530 505 0331', '$2a$04$5EvAIyj94ZjQy4QRYoul3eEZoZIPq6yhbdCnBdK5dTfBDbV/8rf8W', 'cspivey1a@guardian.co.uk', '$2a$04$agZxlZTFftMJavHhzDi5Rugmhc2aE4Dy99z0k8mplRQP910oh7.8y', '5396', 'Fallview', 'Federal', 'Serang', '3180', 'cspivey1a', ''),
(48, 'Mommy', 'Neasam', '428 201 5996', '$2a$04$K6j1UbFSevp8MU2RpnVcneWs4W60W4.HumiQnCu1MPJl5y32Ep/Wu', 'mneasam1b@hud.gov', '$2a$04$IQFbrD0p4gh4HWTTCXlWb.E6yG2JtWr/s0KwAbv06gxNATNDsHueS', '43232', 'Green', 'Phù Cát', 'Sonsorol Village', NULL, 'mneasam1b', ''),
(49, 'Dorena', 'Hartington', '262 206 9672', '$2a$04$wraQr8BZha1vKq7fgX4Q4.4VVIfRRsWTjBGjlfO.a22.qhsJgkaeG', 'dhartington1c@unesco.org', '$2a$04$k.PyIiZTTtDxhGrTKlQk0ucH2zAjclo4WWUIszVUqi37LVhZgwI2.', '8', 'Ronald Regan', 'Tenggong', 'Tangcun', NULL, 'dhartington1c', ''),
(50, 'Kylila', 'Slingsby', '835 189 1987', '$2a$04$E4qzy2.APGqsDsiFcVxGU.OPp1HuV4iGzr2VC2FocoUjLRqnp0j1K', 'kslingsby1d@topsy.com', '$2a$04$WbNoeqwXggaKuVXTPtRcJuiuSko6T/PNVAdglrw8iF/bMjU.KBd/S', '7080', 'Dahle', 'Llano Largo', 'Xiaping', NULL, 'kslingsby1d', ''),
(51, 'Aldis', 'Wilbor', '601 302 8844', '$2a$04$VuLDm8JI9o3zr7lndRVqwuvFY0upTnk.5/pv0Ok7EsJgRGTW3m.Ve', 'awilbor1e@stumbleupon.com', '$2a$04$lO4aT9M3a8HMJrPhVV9aYOUnMPPOpqST2H3NTC/zjpvYG81.tl9K6', '13704', 'Spaight', 'Siemianowice Śląskie', 'Tromsø', '41-106', 'awilbor1e', ''),
(52, 'Robin', 'Shetliff', '722 227 5372', '$2a$04$E6vCIET93oh9cgjS/jgqfuRNxK5uR14WiuZNoZn/90QH3PlFgAk1m', 'rshetliff1f@sciencedaily.com', '$2a$04$Ve0X/e8sb6945i4snKE.rOwucYkcbP6GaICi76SG1qLtOst8S4756', '8', 'Burning Wood', 'Martakert', 'Magan', NULL, 'rshetliff1f', ''),
(53, 'Jermayne', 'Lode', '536 319 1397', '$2a$04$kfujwNyi3mKYDokI9uhIF.T3KhYHNXG03vwY7SWaRABIWDyaq0RE.', 'jlode1g@myspace.com', '$2a$04$r5Xws1vV/SWNjm5OyDP20OfOqX.zoMKFppw7TR8Gu73yLsIUCFN7a', '2', 'Sunfield', 'Shar’ya', 'Urus-Martan', '157510', 'jlode1g', ''),
(54, 'Ulysses', 'Burnup', '621 350 1529', '$2a$04$PQLR0JFqOoubj9XniD8fku3TGeJ6wbaS5FQvPdBnweqvii2Owr5DK', 'uburnup1h@pagesperso-orange.fr', '$2a$04$qrVmPN7HPReCGFDeVsWewuu/hV6pfukpqdCOyQrJunYrZiKyaw7Sy', '43506', 'Victoria', 'Linan', 'Velingrad', '1105', 'uburnup1h', ''),
(55, 'Birch', 'Gilcriest', '108 972 0459', '$2a$04$ehjJlbG8aUS1A8O8gcJUt.wD.dZErusOylr7afCUsDoabDn4PsQyi', 'bgilcriest1i@sun.com', '$2a$04$1KfoF3F2DhbKeI0r5ROegeFKehyrRnj./hjG./.0gNew/vUhj1oO2', '55576', 'Helena', 'Embu', 'Dashiqiao', NULL, 'bgilcriest1i', ''),
(56, 'Remus', 'Samett', '121 422 2764', '$2a$04$9v/Hc3I4m3UikV9WspAgF.Wr/hPEiLtvUQzgytM2KhasImW48YbZC', 'rsamett1j@thetimes.co.uk', '$2a$04$/6.LLAqkWIT0TK4Ouexjue5vnYf1pds4.MlIK44cFP1402vrKYs1e', '10586', 'Pond', 'Krajan Sumurtawang', 'Jonkowo', NULL, 'rsamett1j', ''),
(57, 'Mendy', 'Hovell', '756 612 2138', '$2a$04$w1.cDeBfTKAvlL12uGVHpO4C1A20bH01WbTI6wjgpxE5OyypTm852', 'mhovell1k@businessinsider.com', '$2a$04$O7wRs71ExRkXoG2CaD.7COw2v1ikENdwms2s9Rp.ZIgUFAxB87rgq', '70', 'Donald', 'Getengan', 'Manisi', NULL, 'mhovell1k', ''),
(58, 'Osmund', 'Arpur', '230 895 1349', '$2a$04$ErXl6pqHB0B7JA0FdnBtqeixh2v3KNUwiBEyynt52gklQnfsIqDLG', 'oarpur1l@mayoclinic.com', '$2a$04$0w98CbpHmDEf7SMU1x6wEujdkc/aWzZeVSFmBcr8XxuGyBm/kks6q', '2977', 'Sage', 'Jedung', 'Shishan', NULL, 'oarpur1l', ''),
(59, 'Fredric', 'Buckston', '603 585 1864', '$2a$04$vk2ZwTIASnTFXBUdoxTni.1xqXhk/1cS4Hd7ix0AsxA9C0YQx9ufq', 'fbuckston1m@github.com', '$2a$04$zJw7hhVtvttIFFYqEOQcc.t5enDeLwVcpeQ1tm.hYgkYceWSpmrnG', '87438', 'Oneill', 'Tumpakkepuh', '‘Alāqahdārī Kirān wa Munjān', NULL, 'fbuckston1m', ''),
(60, 'Chere', 'Alphege', '911 706 8973', '$2a$04$EGqSfojXKNU8qxXYPOJQPuga2OXrULNKmwX5V.MMmoJ5JnUwxiwie', 'calphege1n@oaic.gov.au', '$2a$04$8yyV3NedXX8RDgpvlglfPO20VKxT1d/toMSRwU3uSJ3EEDL/Zvooa', '82', 'Trailsway', 'Xarag', 'Neiba', NULL, 'calphege1n', ''),
(61, 'Dulcia', 'Menichino', '141 524 1026', '$2a$04$xkhOSjaMjwqg1HEV8wKQZu5D3r5M44oGgYNV0bKcL.N2zxwmJ6zIm', 'dmenichino1o@patch.com', '$2a$04$79oSk3L9.GvqZPb0Zc22ZOu4lzG5zBnRSOicrVi9n1Lc7OqW3lyGC', '96804', 'Carberry', 'Bantarpanjang', 'Jinluo', NULL, 'dmenichino1o', ''),
(62, 'Angelika', 'Hunnawill', '956 155 2183', '$2a$04$bRtcb5PAsemDhFHiw38LceCmO0DprB5RJoUtHlEarlI/jc4FXpovy', 'ahunnawill1p@google.de', '$2a$04$bBABtDvBZQDNZsk0G.YzwuoDBf4LfJUj4/AjDFCQtGAgEh827.aau', '19', 'Anhalt', 'Pulau Pinang', 'Tivat', '10612', 'ahunnawill1p', ''),
(63, 'Cindee', 'Abela', '781 116 1225', '$2a$04$fnsNLjQW7gurP5y4GN8HwevK0jYCAJHhHh.R6OCigaMdl.YJ0UOoa', 'cabela1q@techcrunch.com', '$2a$04$7UKMNNDi7YKwALc6iE.khO3hq4nVZ2pu5VmSIf2u14o.Ymg.Gx14m', '25', 'Buell', 'Sukamaju Kidul', 'San Jose', NULL, 'cabela1q', ''),
(64, 'Sharlene', 'D\'Antonio', '495 683 3742', '$2a$04$4ERc97qm8aYBHM0nIJX98eiWh1URCP1W06g22./E3PkO0ynKMWyPq', 'sdantonio1r@alexa.com', '$2a$04$zj5fW5hxFBR1rgeWzaUU9.Mkas.q4wOkxseszZKUI5.FswtfgTe.q', '301', 'Riverside', 'Bua Yai', 'Qingdao', '30120', 'sdantonio1r', ''),
(65, 'Erica', 'Fernanando', '755 383 5092', '$2a$04$UXzPhY4.bxZFIFuPXnt2BuQuaVEiAwzxKXoXm6TM8hNRQ2QV9AaYC', 'efernanando1s@scientificamerican.com', '$2a$04$./jKr.Gk7/hGjZAm4pIKr.xTtiMd0OawPYTHAVht3fHS2pUkSpxqe', '74', 'Hanover', 'Jambulang', 'Fulu', NULL, 'efernanando1s', ''),
(66, 'Keelby', 'Trueman', '433 430 2302', '$2a$04$Kdm4Z1wORumpZgpoIiNeteD25mXfeNeZuHuScsEz8NrDl7hH//h3.', 'ktrueman1t@zdnet.com', '$2a$04$LeAV9iFrWqjz0cBe1tPcnuCMF2PwR35782UHKKaCtZfsqOKmEEM4a', '76', 'Blue Bill Park', 'Pampas', 'Miguel Hidalgo', NULL, 'ktrueman1t', ''),
(67, 'Saxe', 'Bulcroft', '665 537 3647', '$2a$04$WQPVTz7clUAuTLjO.9HzWeQuDbgODOThlEOzVwfOls14TuKjEBI0u', 'sbulcroft1u@stumbleupon.com', '$2a$04$z/3ic9Qi1TWwcvosoPTR9O53cIn2AI31dDQ8dlc1.nq1SktFf761i', '400', 'Sycamore', 'Beisijia', 'Butou', NULL, 'sbulcroft1u', ''),
(68, 'Dunstan', 'Duffyn', '814 761 1679', '$2a$04$IO7gQAX1X6Up/lGKghZ.d.rsC17vD0g1nvtUCOD.3/X.BpOGqZjIe', 'dduffyn1v@wordpress.org', '$2a$04$7ZLVaStgzoSWAZ1mksoFLe1SqICpxfo8Vm/FZvVf.ahxgx72lo8.2', '6011', 'Shoshone', 'Yangxunqiao', 'Toulouse', NULL, 'dduffyn1v', ''),
(69, 'Isadore', 'Ennever', '492 935 0950', '$2a$04$Vw7LLTr3vYvd55xP1OXnJuA0RHWwaE9meejPExG1ZUdbGBNhmuZL6', 'iennever1w@cdbaby.com', '$2a$04$1FSfJUdPuHubGE1zchPpGuF/YhPImhwMAnpzau87Ob9tH07AW8jHi', '8', 'Golf', 'Sukamaju', 'Cikubang', NULL, 'iennever1w', ''),
(70, 'Veronica', 'Mabson', '218 943 2047', '$2a$04$zq2gtgEOORKZaenDh48gr.KUWnsndym6VNZUbX3znMt9a0HebaSau', 'vmabson1x@seesaa.net', '$2a$04$xPr5cjCcolYnQA0AVA6E2uSOdVxgpnXnKaTaxK2ukY2Xsi/BIpnty', '7', 'Spohn', 'Liverpool', 'Pershotravneve', 'L74', 'vmabson1x', ''),
(71, 'Fanechka', 'L\'Hommee', '284 341 5476', '$2a$04$qPJlPq6aCm94WZJ3TegcEubZGg91NkxRlp/Fr0WNZzrTslgV.8IEu', 'flhommee1y@whitehouse.gov', '$2a$04$EXc1EhlLV0fmrAaKuhmNDO9jMldIOpiprWukOx1M8aedGOVaATwai', '2297', 'Oxford', 'Karasgede', 'Ouagadougou', NULL, 'flhommee1y', ''),
(72, 'Loise', 'Acutt', '550 612 0726', '$2a$04$.OTVgYWr/vy8/0jP/N4/f.YEzh..ZPzM982qIBU.0l06TAi64NbXy', 'lacutt1z@businessinsider.com', '$2a$04$JM.iBAu6v0styQ/4YFCcKea56G.4cGP4FW.WMshELG.oiQCJXlKRm', '05', 'Arizona', 'Dabbūrīya', 'Nozdrzec', NULL, 'lacutt1z', ''),
(73, 'Guillemette', 'Seakings', '514 647 9391', '$2a$04$WfaZIaEoj5IABfnENmswp.IMGjxvvDRGlgffcvvF9DQiK62yCMsAW', 'gseakings20@europa.eu', '$2a$04$AC/B4i.WiW2fxVstMK7.pOsJh16hmDzXE/nPqTjCDfTkI7sBtxx3K', '54671', 'Trailsway', 'Václavovice', 'Ibirama', '742 83', 'gseakings20', ''),
(74, 'Tore', 'Strutley', '859 600 7172', '$2a$04$uWNAp0wnafB1BkSRicORgOcWbdc8XMcSQT0Eus9Vxy76YLrE80OH2', 'tstrutley21@washingtonpost.com', '$2a$04$rLS6YLjqcn6fIhMQDrzkDO6SbHNmydcYq.U33FIVwGuTcgCoZiKXG', '865', 'Ridgeway', 'Alcoutim', 'Saint-Louis', '8970-055', 'tstrutley21', ''),
(75, 'Claudette', 'Moncrieffe', '832 870 3449', '$2a$04$vBh0GnJjfYcf3ML1oHVj6.nxaAWtUotsytkOOX8nglaqm92Xa8Ojy', 'cmoncrieffe22@whitehouse.gov', '$2a$04$tuyUV9bjhQD/7B8pEP98Ru3taLiwif/MEIRDO2wcDNXDWscN1HEr6', '8491', 'West', 'Riverton', 'Homeyo', '9847', 'cmoncrieffe22', ''),
(76, 'Merell', 'Mayers', '767 433 9168', '$2a$04$QTLAkLzgaOMV9vMWerV3G.EmmF9/kjfXKLBXZgDqGYGUYwPHS9FaO', 'mmayers23@feedburner.com', '$2a$04$VBmr7gtwuW14q1n2pUgTUeK.q7HD9T4WQaL9jBQFvFuS46f872FNm', '62783', 'Sachs', 'Tegalsari', 'San Jacinto', NULL, 'mmayers23', ''),
(77, 'Corny', 'Frisdick', '170 287 6531', '$2a$04$Da0Jy3cYC544Wq0EL3jxtOsUxWmhv0mBpWyTokIL79AbDSaznf5uS', 'cfrisdick24@oakley.com', '$2a$04$qkVsWzTylfMV59eU0xz9A.eAE1qcJ.JCH2KLN/q0YHke1QaCgT67K', '65178', 'Anniversary', 'Perístasi', 'Babakanjaya', NULL, 'cfrisdick24', ''),
(78, 'Chaddy', 'Westlake', '809 558 9869', '$2a$04$LsBtjH2RcmcXIyQ8lVdeauaavRuJXuIyqj7AFn3Bbvz.mF.HDon4O', 'cwestlake25@accuweather.com', '$2a$04$f38CayHHDPBkPYuIgLrp8On2KDTNxtQ8JSvgdIiqRPzTPz7P6SWf.', '8674', 'Amoth', 'Trollhättan', 'Tiflet', '461 63', 'cwestlake25', ''),
(79, 'Leese', 'Oswell', '803 264 2245', '$2a$04$cjS8pBHFRQ3uiZAFHnZhg.xva2R8aF3NqBlOIiGX0TM/XdsMIuOsm', 'loswell26@opensource.org', '$2a$04$ZplEZ0l6Uh/VQJ2adgwnmOHNmyPUyiVIDCTUg42zDsdr8neYtm4Ie', '5', 'Onsgard', 'Ubatã', 'Likasi', '45550-000', 'loswell26', ''),
(80, 'Alicia', 'Ausiello', '799 968 2878', '$2a$04$STVbkfv4Yr2oltl/8CO4Y.vMqgNqnIc.ffP.PdTv3eBs2BclI/noK', 'aausiello27@mysql.com', '$2a$04$CoA2omZpgoShV5ckCZcO4erg/L12eHWxAiLUZhIHLsq3mgI7VItiq', '498', 'Division', 'Guáimaro', 'Massaranduba', NULL, 'aausiello27', ''),
(81, 'Cynde', 'Caldicot', '114 844 4325', '$2a$04$IaHElk3qSfjSIMwsAb2.VOlRSfrZ2vfI4SJcK661q8TgD8WsVODKe', 'ccaldicot28@stumbleupon.com', '$2a$04$j8J29qbizYhtcH1dX82W9uwOhEz./GtC3lQXFHG.hW/MsbgDV58aO', '880', 'David', 'Buka', 'Yaurisque', NULL, 'ccaldicot28', ''),
(82, 'Natal', 'Clowser', '196 781 8957', '$2a$04$BivHXAaTm2q9xYMgK6hrXOA9IlytoaIIj8ilaWM/MQXn7qh6TyPDW', 'nclowser29@latimes.com', '$2a$04$GMUIk2tjqmMhLRJLHP9zp.sHXQH0dMs9.F4s7P6WXgptaA916s4Zu', '2247', 'Warbler', 'Tours', 'Kopychyntsi', '37044 CEDEX 9', 'nclowser29', ''),
(83, 'Louisette', 'Chaloner', '938 795 1672', '$2a$04$gzmxZ6nou3UcZshE2p6oUOvzRlybOfLPVMp/fQYg93ecir7QS52BS', 'lchaloner2a@surveymonkey.com', '$2a$04$9LzT9ji53tuDCJ5keigu.OhL.VqXRQ94Sh24SzFRuL3alo.G1iRZK', '587', 'Petterle', 'Huangjiakou', 'Nkayi', NULL, 'lchaloner2a', ''),
(84, 'Saleem', 'Esparza', '801 592 7706', '$2a$04$Dh16HGCwltKGqRQZfGSwquPBHWdYx/TXuVnZ1yYxIsUmmWlURfhS6', 'sesparza2b@stanford.edu', '$2a$04$Zr7c3U/xY.Fhwa60HFMwPesPgDstoZTFC5MGKYWzB42BKjm3CGPae', '15', 'Dapin', 'Petrodvorets', 'Franceville', '462823', 'sesparza2b', ''),
(85, 'Gracie', 'McElhinney', '118 589 2461', '$2a$04$IGaRd3ZlOb.8PsfUp3dMReu/hApZ4yBBzC/y6J74reLM9lZBk7V/m', 'gmcelhinney2c@aboutads.info', '$2a$04$8cW1BpFgPrHAGRsqJDaUn.NZsv/7HX.nJVFK1OeNZe/vRhwcI3bX.', '8918', 'Schiller', 'Tororo', 'Pittsburgh', NULL, 'gmcelhinney2c', ''),
(86, 'Phillie', 'Hartgill', '593 448 0555', '$2a$04$Odw.iBoG1FZbrX4P8sriLO4ZPgTco/7bo27X.8bmtrT7bNfpuoLbK', 'phartgill2d@freewebs.com', '$2a$04$qbPt5uSGSEw28SrOpj00leZSfP1vFXeEmi4sCpJeBg1kph98GXx/K', '7', 'Cherokee', 'Riobamba', 'Kirovsk', NULL, 'phartgill2d', ''),
(87, 'Mendy', 'Reichhardt', '367 401 7096', '$2a$04$Ve8Vtu3V0suHNO2ACuS87eaQRbPDZS5Ic9cSAzO8pIjFy8..fJcNu', 'mreichhardt2e@hatena.ne.jp', '$2a$04$MOYZZ1PPyiCF/s6gg/nUEeQN7Px6cn7o46Jm8qCuM16MG/TXybIWC', '187', 'Rusk', 'Lazi', 'Gradec', NULL, 'mreichhardt2e', ''),
(88, 'Leilah', 'Ducker', '483 526 9765', '$2a$04$Fn7hT1J1PCPxkMnugu8/leg5eOyMexn1QzPgR8s.GvkPNB.YXz8j.', 'lducker2f@hexun.com', '$2a$04$LpFAS9B9bwgXBjASSfpY2OCP/Eon8tNQmbnK.slSJLEQtRWWihHr.', '715', 'Clarendon', 'Limoeiro do Norte', 'Karolinka', '62930-000', 'lducker2f', ''),
(89, 'Brigitte', 'Faughnan', '614 627 8884', '$2a$04$ReYDsFmnhwXNkdpYQOhfSeTzvibL7r6xJvwOU74Q4nSn5kM9utKqC', 'bfaughnan2g@mapy.cz', '$2a$04$maTus.0P2GfhOtIhUrvwbOQ719C53Det9SKcRSaSPLMH1okCxdUXq', '7', 'Dixon', 'Xiapu', 'Voznesen’ye', NULL, 'bfaughnan2g', ''),
(90, 'Olly', 'O\'Devey', '513 332 0964', '$2a$04$XpEqnDaqlRyGtj0tmc2Oo.cWoVg2WrzrNRFT00Dsd3U9F5BXDtfxO', 'oodevey2h@wix.com', '$2a$04$YLiVfXJEsQsH4.b7ejk.r.oLGXTuYgupz7J3g3TgAYzi/fEm/SCO6', '43439', 'Bayside', 'Champigny-sur-Marne', 'Chipyela', '94504 CEDEX', 'oodevey2h', ''),
(91, 'Malinde', 'Christofle', '549 311 9430', '$2a$04$akWzgQbd/BCdk7uMHswvXOl47yHJt4L1XZucHHPSK.ItfVZdQG4cC', 'mchristofle2i@about.me', '$2a$04$vIxh110mEB/csNT3Jpw5yO9wK7bqXe.c60fA0tHJYYAhIwqcUHUT2', '8', 'Loomis', 'Higashimurayama-shi', 'Ginowan', '359-1144', 'mchristofle2i', ''),
(92, 'Sonnnie', 'Roscam', '948 959 4272', '$2a$04$vZyy5L0ce58ufi64K1S98.Um9xS4VkB4H/a0FnLwZMk5Tj/0y3GZS', 'sroscam2j@sbwire.com', '$2a$04$UPVQAAFtZwF7i3SZ67JR0uyystLjW0lLJOs0gECOCdAkgaWOXXIqG', '30', 'Northwestern', 'Barwałd Średni', 'Souto da Costa', '34-103', 'sroscam2j', ''),
(93, 'Shanan', 'Shillan', '984 490 0428', '$2a$04$gCRTxMyFipNrwJujRWu4KOVLjrVRHda.PW2GXFWCILeBtbGN9S1Lm', 'sshillan2k@europa.eu', '$2a$04$Ca0XVDgrLqB0tyB44n/3Fu.YRVhzXrpFVbUT3e6bBOIfxWRUpSUPq', '38937', 'Main', 'Chaumont', 'Izvestkovyy', '52915 CEDEX 9', 'sshillan2k', ''),
(94, 'Bette-ann', 'Moffatt', '693 588 2356', '$2a$04$e8WXYax5OTIq/mnzBH3dR.dH//ZIy2dTMNZ4hC6aFibFjzSPRBKXS', 'bmoffatt2l@pcworld.com', '$2a$04$U87NWtZKhceHCUpTiXMrnuQP/48G7vkMuACiZsTNyZ4i.XQtthk5e', '49', 'Kropf', 'Castelsarrasin', 'Worcester', '82104 CEDEX', 'bmoffatt2l', ''),
(95, 'Neville', 'Lowcock', '746 188 4194', '$2a$04$kvMlW9Y4J6u.C43g6NpqcukXlL7eEKBXfe4hjoenTT98/L5NosP4W', 'nlowcock2m@biblegateway.com', '$2a$04$fS3RL15Cra3HTifb8D.mauH1iUv/kFWYjoqYtiaISkbQ2kIAZabD2', '24286', 'Bunting', 'Nagaoka', 'Ghormach', '999-2222', 'nlowcock2m', ''),
(96, 'Darb', 'Aronoff', '530 764 9490', '$2a$04$3W0Me0d7poPPJC7JBsWUPOoL7PvphVW8zignS/rH9W2HT/v/S08WS', 'daronoff2n@behance.net', '$2a$04$36KUrZTXbDtvu0m9fpAHzeuiKJRrOvluxwthZ/7L8N4qJB0DcLYq.', '910', 'Melvin', 'Burgas', 'Mariestad', '8000', 'daronoff2n', ''),
(97, 'Mike', 'Turney', '487 991 4372', '$2a$04$9T9eoDUzcgnGfXujbyiiTOUbCUX75ApW9QXT1Yk7fP3Va0Qp8mt9e', 'mturney2o@cbc.ca', '$2a$04$Fro6Qz.e4Syr/U7BYy2x7uKitXcoEYPzTcgQahwwl3AkU.1MgaPZa', '109', 'Steensland', 'Wiązownica', 'Čajetina', '37-522', 'mturney2o', ''),
(98, 'Madelaine', 'Skipsea', '159 977 5930', '$2a$04$GC3T9J4XL7QL.E7f/tKDUO2XK4tcdXV50Kofz/A/as9BbCHlR25KC', 'mskipsea2p@gov.uk', '$2a$04$mP2YmMuAqt/ZR/5jpKifmuQFtUeNNKuOSNF3/l3v5SdTRiZAV1a.e', '273', 'Grayhawk', 'Chocos', 'Uva', NULL, 'mskipsea2p', ''),
(99, 'Woodie', 'Silversmid', '608 441 8376', '$2a$04$bIWZA2DUXyXpqW/xSXIc2ep/KsRw1MYcJDbit3lFZrymO/oldQf02', 'wsilversmid2q@amazon.co.uk', '$2a$04$AbZRsZKJ8eAt4BfzIaedPup/STlPxXMktKMA7jLvaZPLhx/.eH/Wi', '49', 'Hoard', 'Češinovo', 'Angol', '2333', 'wsilversmid2q', ''),
(100, 'Ferd', 'Adney', '601 745 6907', '$2a$04$lhGdEBYFPb8pkigz5gfJVORItOcMoIjtm0jhVnOxsFnnSqVtbUxgu', 'fadney2r@goodreads.com', '$2a$04$GN3Vrnn.fYRMRTTSDWxZSu/yqGcQ/Mwyifxi8h2jKEhX0RKc5B7qW', '6148', 'Macpherson', 'Tapilon', 'Vale de Touros', '6013', 'fadney2r', ''),
(101, 'Niles', 'Sherr', '542 818 3693', '$2a$04$571SjRwbCu792RJ7g7FYMu8Z.ooatBaeYUwC1iXfupFye01mCaozC', 'nsherr2s@bing.com', '$2a$04$n9t5Q3HoZ2tTzGAn.x3FxOBcNR1TOWL0WVEfh7soWtWH8mkFQ7LSa', '194', 'Lake View', 'Straldzha', 'Behbahān', '8693', 'nsherr2s', ''),
(102, 'Bradney', 'Giampietro', '740 780 1370', '$2a$04$Ph.Hojm1aUL0pYwshteIcuMaCstZ91R1.Ys4yymMIEUxo4t8xuyMe', 'bgiampietro2t@list-manage.com', '$2a$04$2Ih0z0uxR1r79xaUzLA24.kp3fllVu7KdGGQUVYHzrFPnJYaBRgEK', '0985', 'Arapahoe', 'Lý Sơn', 'Jiangfeng', NULL, 'bgiampietro2t', ''),
(103, 'Kariotta', 'Longworth', '341 129 1120', '$2a$04$EUdLbPkSBi8VgYTqig8Q0OZW3KfY1QSRhTwCkWaAVKzI8LUtX8J.K', 'klongworth2u@pen.io', '$2a$04$elqYjz5ABmC6DMj/GTNZRuvEn54hDinuAVehTSKI3P7vy.Ty9uaKa', '5776', 'Aberg', 'Pingli', 'Sedatiagung', NULL, 'klongworth2u', ''),
(104, 'Bealle', 'O\' Faherty', '468 410 3684', '$2a$04$SqDcS.M7AP54aDcVDZOf5uPesKuRUsElIV1R4aoJqnOZSODIHZrT.', 'bofaherty2v@google.pl', '$2a$04$rOsqw7PI9SD6pQ6a6deVBOIC/zonDITe6/bZnMk6MQpUGdp22mCBO', '4', 'Buena Vista', 'Liuqiao', 'Kondinskoye', NULL, 'bofaherty2v', ''),
(105, 'Jeralee', 'Demchen', '258 766 5278', '$2a$04$Gr1lif2BqwbtJh7025hGVeL.D8.Yu7Bavl5QBeKRs6ca1kLqy2.ju', 'jdemchen2w@stanford.edu', '$2a$04$QYVYJcqnlWDubWvptUrOR.2l3jgKax.9RXel38lUOhESwZnfhynW6', '9351', 'Stephen', 'Chongwen', 'Leuwibuleud', NULL, 'jdemchen2w', ''),
(106, 'Hildagard', 'Icke', '996 323 8732', '$2a$04$FahL7kOw0Gktu0V1C6nVW.2.AKkWJDSlfjqwGNUHKNdXcgducWWVu', 'hicke2x@google.co.uk', '$2a$04$liS3KuWtiG.sx6DgFbvrf./Z3HawQ7ByNVUdu..SnO/JNcPGnPugi', '1285', 'Pankratz', 'Camacupa', 'Święciechowa', NULL, 'hicke2x', ''),
(107, 'Samuel', 'Ballintyne', '711 827 7431', '$2a$04$IoLErMPynNV8Vnvcj57NTOj9DjY6HGzRV.VhZIElp0wDR9Ryy17KG', 'sballintyne2y@vkontakte.ru', '$2a$04$05tuVIZ0bHyxuPK2mKNl8OBQvj4UhjpwjIYl/QQz3lisviAYGoSvC', '7', 'Jay', 'Nyachera', 'São Pedro da Aldeia', NULL, 'sballintyne2y', ''),
(108, 'Christiane', 'Ceccoli', '497 275 3632', '$2a$04$JsCAktQsrK5kDFPx9QlpCuhaxFhrjQWtJG42djhRHG5g8WvFXQVRy', 'cceccoli2z@thetimes.co.uk', '$2a$04$AC0tcEfgz3ZwrGNQ1gzth.WQdvYWJ3.Qf2T1cScnYk0PZeFZ1BUFO', '71', 'Fulton', 'Chubek', 'Haparanda', NULL, 'cceccoli2z', ''),
(109, 'Fairleigh', 'Fransoni', '292 913 7830', '$2a$04$WIpp9LH9qMX.bHefbau5RO1H57Lzn3skNc.4pJBkMS2l7tD7.vDOi', 'ffransoni30@nps.gov', '$2a$04$4b3FrtvZGVrJq9Kb.JPs.uBEz34FxlB/0jrTv4KfzdPvsFO9SQ216', '5416', 'Porter', 'Dawuhan', 'Timpas', NULL, 'ffransoni30', ''),
(110, 'Wit', 'Demageard', '320 976 1351', '$2a$04$u0DBGIdLbthSTONDRASIwOumuDzhtJJv8XPDDjeOKEi6yoL27Ow6.', 'wdemageard31@t.co', '$2a$04$7sTdE0.tkvGtuwJiZ/VMnOt6FF2YnSCx3AIzq7JyCwZZGQXuFUZ8C', '47', 'Gateway', 'Saint Cloud', 'Jiaodai', '56372', 'wdemageard31', ''),
(111, 'Lissi', 'Corwood', '723 763 4500', '$2a$04$qGS/LWt4raKrD5AGZ3XY4uxvEc6XOCvAkrNRuwfueJZJf./uQdYVK', 'lcorwood32@nydailynews.com', '$2a$04$nCT1CBDgTQpLrbsOziMtmeuwAoANN2Wgc7jYnFZDokcQRk3oGYMs2', '376', 'Briar Crest', 'Benevides', 'Naval', '68795-000', 'lcorwood32', ''),
(112, 'Betsy', 'Harden', '458 582 1119', '$2a$04$H3T1uPtNElpwVHdU/Fjovu9OQXkXcPUDbr7O4J9W7LZijcbq94Khu', 'bharden33@netlog.com', '$2a$04$8upny07VGQlGZdlW6W1qDOKuPTzaT.pDE2L2YCTEawZaWVs/AV5AS', '510', 'Holy Cross', 'Yam', 'Methven', '142008', 'bharden33', ''),
(113, 'Lamond', 'Kinahan', '388 983 1500', '$2a$04$.wkWgcCsatRgRPo8HewKOeYuWjpZ2nEouzFVmP8yn7X3d3VITn1PG', 'lkinahan34@odnoklassniki.ru', '$2a$04$AIcfMm9mdtuPaBTDDreEgupfSEdK70sbuWwKjknH4YcV2cW/sZ5xS', '0394', 'Trailsway', 'Nailung', 'Singa', NULL, 'lkinahan34', ''),
(114, 'Yoko', 'Fudge', '814 304 0217', '$2a$04$h7bpl69gvgnMy0ykC3crPeksRQPAydSnK9KC.vqkrgYxnrtk1PCWC', 'yfudge35@elpais.com', '$2a$04$4ROCcPLbkfwS6ge6BCRpf.P3do0GU8Urikxx7NCPIHyeBCkNW3hiS', '15756', 'Derek', 'Libode', 'Brandfort', '5163', 'yfudge35', ''),
(115, 'Ronnica', 'Darbyshire', '195 870 4774', '$2a$04$Q8ZY1c0e0Vom5ZY6Xu6YOePEV/mchPBa3WpfQr7Hgi.pF.4KKxVEC', 'rdarbyshire36@fotki.com', '$2a$04$IaJ15kH9sIIqywIEUCaXIuoPZH9IRhISa7pfaTRZNdNqC1g1pT1zK', '5268', 'Scott', 'Hartola', 'Dungon', '19601', 'rdarbyshire36', ''),
(116, 'Porter', 'Aymeric', '798 437 3007', '$2a$04$9ZxchWDKmzeKBkrgA2Fq7uFwZlXSJZhQ/ABy606PMT/KHHk6Hnhie', 'paymeric37@instagram.com', '$2a$04$0KP/gDi4C7bCcnks9oMlPujY37hJvGBTjenc0v9NdZJk2LdffF6Em', '024', 'Prentice', 'Gonghe', 'San Ignacio de Velasco', NULL, 'paymeric37', ''),
(117, 'Marie-jeanne', 'Clemonts', '114 429 0363', '$2a$04$Im3Pnun5o6dpsHRjTWAbeOMdw2GKS1kdUE4Ylvp1TjMWH3Mx96q6.', 'mclemonts38@woothemes.com', '$2a$04$URWQ3GLeUL9oZey2U2eWFOr.ksx.uK9yFEO5WAkPvqZ1z/5DdYn4a', '1', 'Rusk', 'Soa', 'Bila', NULL, 'mclemonts38', ''),
(118, 'Denis', 'Priestner', '190 586 9880', '$2a$04$8C9JKEy43cec2bZdkRq3QuXddvvLYkd0/fa78yy/byHRugEq9B1Xy', 'dpriestner39@nba.com', '$2a$04$nxzKYhp9Q2ogcs0NlvS2cOzJmA3VKOQ6Bhu77PJByAg3utIpx5XVa', '918', 'Clemons', 'Al Hadā', 'Saba Yoi', NULL, 'dpriestner39', ''),
(119, 'Devondra', 'Jakubovski', '760 420 4825', '$2a$04$2OsAffXcw37Au2aI7f73UOuz7SMmvVxlRQv8IRlGZl.IGCuJM1l.S', 'djakubovski3a@msn.com', '$2a$04$XTb1JkDfcIbkRHDao1Ipteag5.bJfbg2PcEfDoDEXfRhRRneDrNmK', '1', 'Springview', 'Yŏng-dong', 'Bastan', NULL, 'djakubovski3a', ''),
(120, 'Esta', 'Goreway', '277 409 7720', '$2a$04$BG6CTEIfOYdLmH3L4VOkmOlR.xrgyikt2nYeoQbPOO7jYTERchrL.', 'egoreway3b@ucsd.edu', '$2a$04$dcWf85ok4JfvRsJHL7v5ieIq1wHwMh4oae0tIdKUzo6p3DGt8GbxC', '62480', 'Troy', 'Péfki', 'Ribeirão Preto', NULL, 'egoreway3b', ''),
(121, 'Meredithe', 'Bore', '298 456 8630', '$2a$04$f8wP0XPZuCJK2K3S0qJk6eN6G8xvHbCRiLNLrxPcSqT2fvJDkUrrq', 'mbore3c@exblog.jp', '$2a$04$GeeQbUu5kcWIS00WizbX1OogWVZkNhZiGogTh4Yp//1z2rPBwyk4.', '57', 'Carioca', 'Dao', 'Estreito Câmara de Lobos', '5810', 'mbore3c', ''),
(122, 'Tiphany', 'Badby', '738 789 6882', '$2a$04$lBDqe9p95n.kylGFUrpo/.E3PhA4GObYi6X9KqOsPofgA7VlAlyRi', 'tbadby3d@netlog.com', '$2a$04$ABlGYmZ6t2dSn7qBMD8lROvA8/ir5dg/MQlShSZXLdSSGmyiD.Nhe', '831', 'Barby', 'Puerto Galera', 'Bor', '5203', 'tbadby3d', ''),
(123, 'Cyrillus', 'Jakubowski', '911 848 1233', '$2a$04$9bxB9fFU3rhMay8qSh3EXumjSwTaGlm1ulpppTcGfxZ8TPhNgUX3e', 'cjakubowski3e@newyorker.com', '$2a$04$nD.dPxjI.KJc9HPNhH4XnO0UwD74BNrKalVSIETWeOEQ3.YVu.uzG', '982', 'Russell', 'Bohicon', 'Yezhu', NULL, 'cjakubowski3e', ''),
(124, 'Frazier', 'Pollack', '670 966 5051', '$2a$04$qCDeaU8tECcbEydYWT83N.30hE2ke/LseF8Xa36mgM/m0eRv7DRhu', 'fpollack3f@yahoo.com', '$2a$04$srhsIfUbnl7iK./K96MVIuyQasfo5pIReST5DPcQH4umb6OHmVP.m', '8', 'Luster', 'Pilpichaca', 'Sanjwāl', NULL, 'fpollack3f', ''),
(125, 'Ardelis', 'Ablitt', '318 278 3979', '$2a$04$E3Y2VU3McjohB5i2yXaDmOJd1ktptI7M0c9Wvcki16NsFnTsFkiV.', 'aablitt3g@wufoo.com', '$2a$04$8YQ0B4NFhditBjuzZB.9oO43yskG/v.oGIaBt5YPoL.sOD0bGW19u', '42', 'Derek', 'Opaka', 'Banjeru', '7844', 'aablitt3g', ''),
(126, 'Sigismond', 'Coger', '718 891 6050', '$2a$04$fd6EmckyYASFnVaMtyjNUud5.umG73vBS7NcaDYw71F0ZWBzFXXYW', 'scoger3h@go.com', '$2a$04$6sJj6ZtykbLJTt57F0vpIOCeSQDPdMD.jyIxukSLGPshJfhulsJPa', '02', 'Delladonna', 'Zhangaqorghan', 'Uglyanets', NULL, 'scoger3h', ''),
(127, 'Say', 'Layland', '481 784 3231', '$2a$04$mO2XlvwvIs9kgJZ6FVIgKeLQxRhDQ8AnMEdvZuHiFR27w4NC2dBhW', 'slayland3i@nbcnews.com', '$2a$04$86uNQKJvI9LN92O2QPH57eydx/Y4SzPURP.61gCLW5JYgKlsQ76v.', '0570', 'Lighthouse Bay', 'Mayuge', 'Sa Kaeo', NULL, 'slayland3i', ''),
(128, 'Stinky', 'Auguste', '375 180 5099', '$2a$04$dc012qkLlEWryxpHPbAK/ekh.OFEse98FDV9vPTOfV/vA5PQlnjYi', 'sauguste3j@constantcontact.com', '$2a$04$KoWvtlt5CjbEfQe63HdXq.2Nk3HVFGM21nkYbFs0aObsnqInBBI86', '2216', 'Bartelt', 'Yanghu', 'Sanlanbahai', NULL, 'sauguste3j', ''),
(129, 'Leigh', 'Kleinplatz', '850 853 3611', '$2a$04$KF5cOKnMeWDJraeOWlXxiuUJnJYh7lojV118ab6vCY83JZPabRy4.', 'lkleinplatz3k@mtv.com', '$2a$04$tG.GOxWsyZSYz5Bt3kZoG.rOT83sTZZ8IMYrcA1DXMOPnGIvOOjCO', '8915', 'Memorial', 'Tallahassee', 'Trebisht-Muçinë', '32314', 'lkleinplatz3k', ''),
(130, 'Wilek', 'Mordanti', '512 584 6066', '$2a$04$ddR0kgjDsgv.t68js5xuVOvfHdbU2.k1S750PcPRz/EaHFllh9d/2', 'wmordanti3l@instagram.com', '$2a$04$ahLVewrJm.nI5rwof7dkIuGYUqUmW0OxLZvctnxJiY4eGiqooD.7u', '640', '7th', 'Cibingbin', 'Rego de Água', NULL, 'wmordanti3l', ''),
(131, 'Emilio', 'Jessup', '173 296 3526', '$2a$04$j/N9jkG/oUU1wYPwmEcIs.uOGQFiLRtksNNlSq3CP/B42rnhyz3OK', 'ejessup3m@example.com', '$2a$04$0cbsV0u6SusmaYHcfw9LMe1fz5NCwxzk834.O4QSUVkBsoyZAw6me', '9673', 'Summit', 'Shebekino', 'Solok', '309296', 'ejessup3m', ''),
(132, 'Bogey', 'Menzies', '613 856 5869', '$2a$04$nCgDEJ2gR1Ty5Wy4fenGLu1rD4X0zHkxb6gqW2MM998cjr.SIuc7C', 'bmenzies3n@timesonline.co.uk', '$2a$04$MhxwsoNtk6jGmHobXTo0T.NJU83IJIGohnkozb9kb44BwGbwO2/mS', '02', 'Porter', 'Shaochang', 'Shiquan', NULL, 'bmenzies3n', ''),
(133, 'Corrina', 'Follin', '630 400 0817', '$2a$04$agULIjhlm5aOwTXleio.uONZK4QJcN3mOsQjJwkZn3Oj.uYtxeZn.', 'cfollin3o@illinois.edu', '$2a$04$v/A.wV.AspAOer6UpDPBP.4l7ykP.UqzQUSl/XE1a8ynCNs230KAG', '16', 'Fieldstone', 'Qabqir', 'Hanjianglu', NULL, 'cfollin3o', ''),
(134, 'Phedra', 'Ferns', '425 455 9363', '$2a$04$j8lC/B0TWIY4T41ak7hO/uodgIn9ZKXOe4IHsK0aewKNdJwfVF2ia', 'pferns3p@pen.io', '$2a$04$w/Gd3MdBqOw9719lSwRwFe.00B0WCNifmRdhmSEcnKegm5qpySNj6', '57', 'Tony', 'Hato Mayor del Rey', 'Lindome', '11003', 'pferns3p', ''),
(135, 'Coop', 'Farfull', '960 463 0633', '$2a$04$7Fx0SIX5IDGWeClwmC9O0uDMAQHPCDZzGxRp/2j8p7G6.KKFvJZDW', 'cfarfull3q@irs.gov', '$2a$04$FsPjGnBXSdoJbNgWGD0iCe06BIdEpJHAIpMvgYibGhmF9dGjBqWVa', '9373', 'Bluejay', 'Pailles', 'Conchucos', NULL, 'cfarfull3q', ''),
(136, 'Trefor', 'Jacobsz', '661 622 4003', '$2a$04$K7qYIfdE05MaIYcQi3aE1e5qdvrcsrKD.7kjbTKZsbyJgof/RxPVK', 'tjacobsz3r@amazon.com', '$2a$04$GiObB/CaikQtgoVmVS4lvu2R7jQlriVQ4qmGO5oARaCuDF1aqLP1m', '5', 'Utah', 'Nueva Esperanza', 'Santa Barbara', '29216', 'tjacobsz3r', ''),
(137, 'Daisie', 'Wheatcroft', '673 847 8088', '$2a$04$CJzX8HFsptL6AV8aQhFfNuUTvxLBCX.hdd.EIjQ3H9xMdqZjvaNtW', 'dwheatcroft3s@smh.com.au', '$2a$04$.UsJmrhxMwqFArqj4rG89uuH5p0AU8IP/yjnTYGmNAkG7GrwoNVqK', '22', 'Novick', 'Qala i Naw', 'Liquica', NULL, 'dwheatcroft3s', ''),
(138, 'Giffy', 'Dredge', '272 498 6115', '$2a$04$zxZAwOa9knCRShEM5W6U3ei5xg0F21ZBu9WO4P.m8U8xBS/fT5Ls.', 'gdredge3t@aboutads.info', '$2a$04$0OHWN6IDGw3FXZivZm2Fku6aQ6uf.qlXSOx/SgOXeyq4r/BeJWRFC', '46', 'Wayridge', 'Būrkah', 'Guinsadan', NULL, 'gdredge3t', ''),
(139, 'Loralee', 'Caroll', '261 640 2576', '$2a$04$BVE81SCnUPYPu6ChNtm2GevjO4AZSUqHToenOZQA7x1kSZj5L9MN2', 'lcaroll3u@tuttocitta.it', '$2a$04$nO2nQoAN7na8XV1581UL/OxtKc1iY8bLRbIfQOIwMkxRMCAJ5lxYC', '58624', 'Crownhardt', 'Huangxikou', 'Santa Teresita', NULL, 'lcaroll3u', ''),
(140, 'Silvanus', 'Peter', '586 760 2367', '$2a$04$iaYHaE3scbQxNzCk7Gi47uxqSo.tmrqEks2V03rCfHadB4QCiesR6', 'speter3v@domainmarket.com', '$2a$04$eoJHS7nk1TBiEXyIbjI.Q.wD5AF2ctnFSawQxe.rlrKsan4tJDDqq', '621', 'Goodland', 'Urho', 'Kedungwringin', NULL, 'speter3v', ''),
(141, 'Kurt', 'Sterricker', '657 226 7723', '$2a$04$uRJ7TTecaGlqB4/No6UJBOcBFGiVlbucjxMRQ2QrFqQ8miB3wIl2y', 'ksterricker3w@desdev.cn', '$2a$04$nJSZozvmdec2W4th94YqEuzF4Zkqcol0hX/iZb0M7juxUu.rBP6py', '6435', 'Blackbird', 'Río Grande', 'Baranowo', NULL, 'ksterricker3w', ''),
(142, 'Drucie', 'Spalton', '518 467 9285', '$2a$04$RMjfHlAWiO8IS5iiKgn8WutUTCU3eoIq2/h.BV3yH.0Heh9umU1K.', 'dspalton3x@sakura.ne.jp', '$2a$04$YHUyEvH.iJN5gYIRcXexg.48gtWo19c71SIabctRaaoQqv3GuaPu2', '89108', 'Melvin', 'Halayhayin', 'Shixian', '4010', 'dspalton3x', ''),
(143, 'Konrad', 'Krinks', '912 439 7422', '$2a$04$0TrGFlQKu4mLjxVNpiHpIugOG66xHcQ4W66sHvVwGRYVCfhu49nSK', 'kkrinks3y@linkedin.com', '$2a$04$otMuNqu/cOI20BgG3h6RLOVwU50nJrbMcm5J5S6oGHPAbEYxvZxIG', '8', 'Scofield', 'Zlynka', 'Järvakandi', NULL, 'kkrinks3y', ''),
(144, 'Dickie', 'Thurling', '741 120 1867', '$2a$04$Iu7y9Y51i0st/2/IsXB...oUWztkIYNhsrfp4f.jBmvciroiA01gS', 'dthurling3z@icq.com', '$2a$04$WxyjEgk8hAY1Mxq5VL8zvuKHVAgTHohc.LduTNU3DHnFLeMj3zH9i', '7', 'Banding', 'Boncong', 'Iúna', NULL, 'dthurling3z', ''),
(145, 'Kasper', 'Cheel', '302 472 2975', '$2a$04$dIAUwkpKTTTMbL7m7LFIJerWvrhpaDNeVrjbBkREry031UIf7dnMS', 'kcheel40@icio.us', '$2a$04$ah2L0Y7zDcvr/TkMLg1fEe7L92Llwfdn8CpCjHHtnkc34qKITf6O6', '69', 'Stuart', 'Ciodeng', 'Boulemane', NULL, 'kcheel40', ''),
(146, 'Wainwright', 'Espinola', '675 795 5356', '$2a$04$TC3EqRomWc9iJak8uQbfYeNaaM4ylwb0bpYI//aifzWC4wa4h.JAy', 'wespinola41@privacy.gov.au', '$2a$04$NjSLc07kLIqDyskrIXpyu.PU72rJqpy1KqKbH1qvaqsYK2pY5bwhi', '9', 'Fieldstone', 'Longtang', 'Ja Ela', NULL, 'wespinola41', ''),
(147, 'Willey', 'Thairs', '265 249 8893', '$2a$04$7LWPVnhV/db4LG4E0Dg.Vur9mlmUChrNKlCmYjgNlxyEI0hGK011G', 'wthairs42@jiathis.com', '$2a$04$JA81LQDyZSpRjf.taw63S.bSpSpKPdSZzyhS2CtGE5W19L/U8tKZC', '6', 'Northridge', 'Magtangol', 'Périgueux', '1114', 'wthairs42', ''),
(148, 'Arne', 'Weatherburn', '528 993 5711', '$2a$04$r4RB9um4pdk/MJkwx/SABOqcnqPPn6/O3MrV.99HG83YSFhiy.nmO', 'aweatherburn43@dmoz.org', '$2a$04$AuhuJ7CVM5HiIMT8qBqr/OGgTbE6EBvL7r.Re6XUeojCDxFnOzPp2', '704', 'Little Fleur', 'Robīt', 'Czarnowąsy', NULL, 'aweatherburn43', ''),
(149, 'Marty', 'Fishpond', '645 419 9992', '$2a$04$vNKAEqGEWcX7c2TSyfRnuO7.lw6y8DnhlU78emqi7UfQ/kOdc/5Sy', 'mfishpond44@dmoz.org', '$2a$04$oywjM0u1NK8Y2G/ama3ujOMsA9BnH7z0RV6CXtTpcvX5FlQeBUAsm', '818', 'Summer Ridge', 'Abiko', 'Bucaramanga', '595-0031', 'mfishpond44', ''),
(150, 'Andee', 'Lesaunier', '987 329 2038', '$2a$04$GTP1yPbuOYX18HCVq4.WaO21N/lnEXFPT9Cv2v9PCSLzRMvK1dsmu', 'alesaunier45@mediafire.com', '$2a$04$0gSL/yT5OW9aZNsbkZNMeezcAn6lIjpXLSRvZ1Wm8mMdrO8qLG6r6', '72', 'Mccormick', 'Iguape', 'Kandangan', '11920-000', 'alesaunier45', ''),
(151, 'Tomkin', 'Necolds', '785 298 0683', '$2a$04$D4odbSvd1p3o8ek0joGOJeMPxHg4jPEToScZmTflDyHDk8OudogmG', 'tnecolds46@artisteer.com', '$2a$04$lazcSCtmgCTaqmji9M6vcOMTsqEb4TcX5jKn3FKhNfg5z0EZlEc6i', '0', 'Welch', 'Topeka', 'Nafada', '66611', 'tnecolds46', ''),
(152, 'Cleveland', 'Palke', '422 258 1482', '$2a$04$b1AlWUacWHMakjti3IqwWeTCH/q9cgxzmPNnn/y4A2jMYAZ6zLz/K', 'cpalke47@fastcompany.com', '$2a$04$8X78aa31R9Kp1Zimt8NZt.0aZKG.oajZNRarJneOYz04WhSY/0waa', '69', 'Brentwood', 'Victoria Falls', 'Paranavaí', NULL, 'cpalke47', ''),
(153, 'Wood', 'Goose', '886 121 4245', '$2a$04$wTVXGPipgxFeEe1IeF0/deqOHqpdRxDi4cV0/YzNNUZHF2B5y5fyO', 'wgoose48@quantcast.com', '$2a$04$HVkBTXPXxUFBF3UHG/lLR.I5Fj3P5TDKMR9Psd/XqZygvwo.6P6DG', '17', 'Mcguire', 'Tanggung', 'Paiçandu', NULL, 'wgoose48', ''),
(154, 'Justinn', 'Elsworth', '331 507 5282', '$2a$04$VKF7H.55EX4JFcpFtnVNR.ofFix3LynI6WJP7E0QplPmrYZe8RR1C', 'jelsworth49@disqus.com', '$2a$04$ghEsA3RM/AVcKqeoMW8QfenLCFc9w6eQ9KcQWoiAm0WfdN5dlAO0u', '9010', 'Del Mar', 'Toulouse', 'Jaruco', '31201 CEDEX 2', 'jelsworth49', ''),
(155, 'Arline', 'Varley', '437 139 0851', '$2a$04$lgagS3PwzLz8PiKgKEUVoOxFnDmmYEWLJdGXk3H65CWHJ/BmXFa6S', 'avarley4a@indiatimes.com', '$2a$04$VRzRnGd6KcvHJ4B42qvtP.L84IyVFN1LJC2sSIVSlZTPAyepHyPli', '867', '7th', 'Tamel', 'Jagna', '4750-040', 'avarley4a', ''),
(156, 'Darya', 'Dewdeny', '747 561 3540', '$2a$04$DKw40G7XxK/xEixnLMsbi.tZcABtYOkGRn.RIYhg5pEVGj1D8kGG2', 'ddewdeny4b@kickstarter.com', '$2a$04$Pe3NsgzpHwzxRUnEMCmIn.05hva1LyqZvoBxTZTbD3vueWEsGJp9u', '467', 'Farmco', 'Babagan', 'Mingguang', NULL, 'ddewdeny4b', ''),
(157, 'Erastus', 'Knewstub', '321 155 7184', '$2a$04$S7Uk7jtrStGfMpkZwvxJeu6GRWASDYBFlgAzkQhVljIv4hA2kEepS', 'eknewstub4c@is.gd', '$2a$04$Ggok6HzfV78jrCLNr/Sn.eqgNaKp7wrwU1Syy9zS8EUqZp0Ssc25a', '4053', 'Brentwood', 'Majdal Banī Fāḑil', 'Shah Alam', NULL, 'eknewstub4c', ''),
(158, 'Maddie', 'Splevins', '918 271 0301', '$2a$04$6XsSZDWISFk2mkPp3vDH5OrLHAU.sBIPvzOxXIXHQ.Slgkn3ONsNy', 'msplevins4d@answers.com', '$2a$04$UDSXFlzFwKb7d6IVjsoaK.un5kG13TfxXSGk1Veq8jiCwmrJtY5Tm', '66469', 'Logan', 'Lišov', 'Xiatuanpu', '373 72', 'msplevins4d', ''),
(159, 'Bale', 'Levi', '931 935 6138', '$2a$04$WQwUhLV54AWW123GEj38YOpUJx.c8wmTlZJy6qL2gvIIuYkIzQuXy', 'blevi4e@storify.com', '$2a$04$yVj/uB9Ww2psN1MHeABcy.JqB0rs1c/qDmYYOS8teLpK7IoDgaMIi', '781', 'Sundown', 'Nizhniy Lomov', 'Ketawang', '442153', 'blevi4e', ''),
(160, 'Byrom', 'Willshear', '725 727 5517', '$2a$04$nlP55NKJ2kgVfHuZcjcSj.AXsLg8h8aKE4tiVODIAZobp.dNDMJQG', 'bwillshear4f@behance.net', '$2a$04$fxlMInFmA6evX3R2k5wwyOnZa42WG12lH8qrO1HsowvYpk1Kc6IUG', '178', 'Esker', 'Tô Hạp', 'Paico', NULL, 'bwillshear4f', ''),
(161, 'Horatius', 'Teaze', '437 304 1941', '$2a$04$y66Jki6wRGKS5GVg4jsxdeZfOaNpyxr1/Y0noP4BnylH6K8cfRl5C', 'hteaze4g@irs.gov', '$2a$04$1loWygeWpoMgi3pBobxUSe.RQwKxfb49sFbzixgYruLcnD4bLPoG6', '6', 'Granby', 'Sacanche', 'Şuraabad', NULL, 'hteaze4g', ''),
(162, 'Uta', 'Blackster', '576 377 3139', '$2a$04$0DOuzkR2YtjXRbh.H5pVVOHiXkiNTToxOxM54yA0vivAJU5lnxHBW', 'ublackster4h@globo.com', '$2a$04$PqoAUjqsRaJnCBO73lhL0uJ5i.6vDIt9TgWCKbYgDnjRHqoBMkN8G', '6', 'Hazelcrest', 'Santa María Chiquimula', 'Töreboda', '08006', 'ublackster4h', ''),
(163, 'Stanfield', 'Ondrus', '975 763 0097', '$2a$04$G8PTmOXMtU3/iI3gzI8b2.XnzLuLDTIkcuoY/0HNUC1DezCJtio9C', 'sondrus4i@thetimes.co.uk', '$2a$04$53WKs1yJpY.W3BXD8tcS.uGwgA2temZRgb9Dr0n4mHq4zAAEOW3Ya', '756', 'Montana', 'Nālūt', 'Karangbalong', NULL, 'sondrus4i', ''),
(164, 'Zsazsa', 'Spencook', '214 724 6457', '$2a$04$zhSP8qGC2UasE8QCcKk1JOJRFkl5zoZ9qY1ehYBYd2oxnjJ9GuCdS', 'zspencook4j@icio.us', '$2a$04$uITAWUgY43gszE5qyfXuEuEd1yQ/yBHDb24odGSKbAaKCtCpdlKs2', '22', 'Dryden', 'Dallas', 'Solec-Zdrój', '75372', 'zspencook4j', ''),
(165, 'Suzann', 'Gilhespy', '787 565 0514', '$2a$04$kpJYuq7MublqBf69XavoQ.D3W2fC9LC/I0/lsxlZWmxMbYuWcLWce', 'sgilhespy4k@paypal.com', '$2a$04$vgHJA7iyZWccdqQsCfdFp.IkOWmPzKoZxNa3wL4XYt9OuT5MLFYwK', '72', 'Maple', 'Fria', 'San Sebastián', NULL, 'sgilhespy4k', ''),
(166, 'Adolphus', 'Bourthoumieux', '660 916 0068', '$2a$04$Th57Jz1YmZljEdIMKWvOrOy0e.Fj1jj.ie1/Wi.JM/ne3Pb/h3k4e', 'abourthoumieux4l@archive.org', '$2a$04$Xh8xPInqx3st2El4JCidtOx/4IhEPmZg00biA0awsYSD3sP9EIvvm', '91672', 'Canary', 'Maragogi', 'Salanegara', '57955-000', 'abourthoumieux4l', ''),
(167, 'Caralie', 'Chomicki', '540 500 7612', '$2a$04$4NeBASHghmzV76rv5CJEwOf7qkEb8VUXoWIepVvcIsOU/nXQuJPV6', 'cchomicki4m@plala.or.jp', '$2a$04$.D0JY1DWU6S8syRka3Rb8ethi1j4BRMhA1u4XxZru/BCMCaLlVmrS', '635', 'Manitowish', 'Torkanivka', 'Ikot-Ekpene', NULL, 'cchomicki4m', ''),
(168, 'Case', 'Cleator', '746 708 3284', '$2a$04$1u6RqnxZ8i9VXdeCjpllgeftsGp4iIC6.Of2Tlwzhg7C4YsY8pO.i', 'ccleator4n@ucsd.edu', '$2a$04$gG8Sj/ON5wVbfD2oMfgY/eZww9.k7a7Ke.g3j4jam8lNWQUQmPEly', '87872', 'Karstens', 'Kwatarkwashi', 'Junyang', NULL, 'ccleator4n', ''),
(169, 'Read', 'Burnhard', '158 137 5033', '$2a$04$Z64RKgQ4eoLQWsHps47iqOUr.kzzVBAq67ZjKUlDBUsgLNAnuR4Te', 'rburnhard4o@technorati.com', '$2a$04$fYSH75OPRVUcF4R/86E.feChGGa8JA7jVsTl1gEuG6Iq468qvwK3u', '08', 'Eggendart', 'Huiwen', 'Troitsk', NULL, 'rburnhard4o', ''),
(170, 'Cordie', 'O\'Drought', '419 579 0262', '$2a$04$5UTnOcACUIiAImEb9tt2NeNF2GX6G7Bb1vBUTh6lw2LQVg9nkLqey', 'codrought4p@barnesandnoble.com', '$2a$04$f76EhGnrR0QV/45CaOS2zOFlCUqVkfY23SKBZsxSBYEr.XXGD4pVK', '229', 'Cody', 'Jiancheng', 'Vyselki', NULL, 'codrought4p', ''),
(171, 'Tammy', 'Goggins', '589 953 2011', '$2a$04$fM5TQXwTiVJduMwaRChVbeMmsVzgdC4C5k1AGAIuE9mbRV7sl7MY6', 'tgoggins4q@tinypic.com', '$2a$04$nvY8pCKaDPncPqeP3GhFpexNh5xduX1ZYlPObAtWirwXAJvAu7ASa', '97', 'Eagle Crest', 'Juncheng', 'Tyringe', NULL, 'tgoggins4q', ''),
(172, 'Henriette', 'Duker', '696 897 1946', '$2a$04$u01.rZP0.gD7CNNVNPuJ9eyhLZThqo8eVXtL3AzbqXVhyphhBPn8C', 'hduker4r@nasa.gov', '$2a$04$HYkkcwuJ8eVfJ6oCOAwo5ehHtPTwKFls2ttUjk2mV.W4WnIS79zmq', '70921', 'Express', 'Kostryzhivka', 'Kirkton', NULL, 'hduker4r', ''),
(173, 'Lidia', 'Ivshin', '347 552 6705', '$2a$04$15VWkE/FgtEl3DXVW.iW/.Rzz8CZ2uGbht4nYR0kXs8iGJNQdbB1e', 'livshin4s@issuu.com', '$2a$04$JxXHXQHnnaLZeYP9PJITbuFoBS1ewNPOd8GbY2bam/pUiQmE7KBUa', '6', 'Kinsman', 'Palmas De Gran Canaria, Las', 'Angoulême', '35005', 'livshin4s', ''),
(174, 'Sean', 'Tanzer', '989 605 0624', '$2a$04$foL76OJ6JBZE1GqX/H8mEe9R6DtBpbSjZJV.rG71.R6.afH8LI5vu', 'stanzer4t@dion.ne.jp', '$2a$04$hXlor2l7r8TyRjOyoHB7BeWUppZ8MMMfLIl/PSkQa3LPYyErfhraa', '29068', 'Spohn', 'Gualán', 'Tuochuan', '19004', 'stanzer4t', ''),
(175, 'Giacopo', 'Kilgallon', '525 673 9149', '$2a$04$CJ8lpNzJDOT.IsQVhuttmujTPbkm1QZyDpWBqv4A0pDV9P50DA9X6', 'gkilgallon4u@domainmarket.com', '$2a$04$HvvOL735uWqxbvrWx2ugley4oMZKLbw4G./A4ekcoZttJg9tZRLsa', '38020', 'Sycamore', 'Banyubang', 'Temaiku Village', NULL, 'gkilgallon4u', ''),
(176, 'Che', 'Kolushev', '364 480 3968', '$2a$04$3iqsefsTNX2s14Kky8YwdeI8gVrUswWGo8jKBtd2IGmKLABJlwem2', 'ckolushev4v@csmonitor.com', '$2a$04$i.BC8Pqf5RaVFvvXjuC2o.l0jnwqPh3i.xyf47jbchuhfQ0hIAJlu', '87', 'Heath', 'Wangmo', 'Cerro Corá', NULL, 'ckolushev4v', ''),
(177, 'Artus', 'Lyenyng', '243 461 8926', '$2a$04$y5WdNMhXxYMDCEcXOI78su7GFIk1wa6arW0RC0ArBAOIyaFhjE1jS', 'alyenyng4w@smugmug.com', '$2a$04$i/cCn241P8NzxLZ1qAfQxOwL0l2MvETd2SD/VxhOQDFuzjs5F5RiG', '990', 'Warner', 'Bayan Gol', 'Seminole', NULL, 'alyenyng4w', ''),
(178, 'Tarra', 'Tucker', '846 622 2729', '$2a$04$DxMdDuwhO5VMrYnJ7wdT4e1qtvw/DAnf4RE/8Vbty9zG8NpkfIPFG', 'ttucker4x@theatlantic.com', '$2a$04$1k8nEFmx4TQ/.dj6DWGBq.4jmj7GhElGMJnLl6eZ9s2LVp3ZjIJzi', '67110', 'Butterfield', 'Khadīr', 'Canchayllo', NULL, 'ttucker4x', ''),
(179, 'Maighdiln', 'Ashling', '518 262 3811', '$2a$04$pQiDxFYTDmQUG7kmcvGot.1Dxrv0I5m24I6KKfoExm3R6JGtM8z7e', 'mashling4y@indiegogo.com', '$2a$04$7GV.DJUVRTPBKbq19Rnb4uFDyEtoMYR6yoSCFPPX.ErV8SsLPdpIq', '13', 'Ramsey', 'Albany', 'Xinqiao', '12247', 'mashling4y', ''),
(180, 'Addia', 'Redbourn', '946 314 6007', '$2a$04$A0Secwwn6Dxqj7cwjR6M4e5BfJ0ADCyZ3xwLDV3eUm.3PrsnIUDaC', 'aredbourn4z@state.tx.us', '$2a$04$3McjFzYq4xo6HAGKUVQXU.AdgszvHDDHwwtgR4nq4DZA7IEhbWRsW', '521', 'Alpine', 'Bangonay', 'Sambong', '4114', 'aredbourn4z', ''),
(181, 'Tuck', 'Bohlsen', '913 875 8853', '$2a$04$3eNRLm12JkZFghwHZoZX3OlxLd2lTbg3RFdERT4k928WwNLrWtCKW', 'tbohlsen50@zdnet.com', '$2a$04$Oeizz.Ig88hoCpNI9W3oj.f7Sa0WCqmQmR5w1z.yqYS2WXkcdx/fy', '72759', 'Dexter', 'Stockholm', 'Odintsovo', '105 52', 'tbohlsen50', ''),
(182, 'Edith', 'Minigo', '601 719 9535', '$2a$04$DVFAJ6aqtaxHFFrO1N7MgOLokbzvryuh4pdahUyAh09kF73JQPwyq', 'eminigo51@si.edu', '$2a$04$/9WziiJxoPFX9VmDuAFi4OhZ.qOSX7dKiKOQF.4wvpekrJL.7ag6y', '24', 'Fieldstone', 'Makrýgialos', 'Siding', NULL, 'eminigo51', ''),
(183, 'Laural', 'Ratledge', '328 375 1869', '$2a$04$M3lX9HvKy6i00f7Pro/a3ObU94Hs177BeOCQ820TkU1daheBEUPvy', 'lratledge52@sogou.com', '$2a$04$ALXoOgLEk.eACpXW0rX0m.GnXIRH5xBpqFJFHxFYgQOixA.pw7KDi', '91', 'Swallow', 'Chão de Couce', 'Nagbalaye', '3240-466', 'lratledge52', ''),
(184, 'Bran', 'Bastide', '779 580 2283', '$2a$04$X138GPl6nAIsoE4ED2LPG.fAy/dkbIirgrKeCI4e/nrtMxUctQs5O', 'bbastide53@myspace.com', '$2a$04$sdIiGT2eiqE20OHQpscA2OAHFUbtOpiF2FWkBfRfQ.gm9C.myvWXu', '49843', 'Bowman', 'Fontaínhas', 'Thị Trấn Tam Sơn', '2300-174', 'bbastide53', ''),
(185, 'Karole', 'Mesnard', '549 587 3044', '$2a$04$9ddGdgokEoaR3hCBNEcSZ.UD6KYybHtN6v7MfhRQtOnd0/gfR9Aq6', 'kmesnard54@networksolutions.com', '$2a$04$sAdKjuTZzdar2vFf/5qL4eSuzK6F06giufFP1duOXL0CAqTOZZFf2', '273', 'Oriole', 'Kilifi', 'Zilang', NULL, 'kmesnard54', ''),
(186, 'Alec', 'Ettels', '895 354 7748', '$2a$04$65HLGTKKBLfVAgDM4Ln3D.grdt23/z6D.D/VPSZp4cWuwKlF3OZaa', 'aettels55@gnu.org', '$2a$04$K.pNfN1x2.3O3hfH46SIG.jFzwSGhJnuki9e77Wkz9e5y/6bhrMBu', '927', 'Springs', 'Kamyanyets', 'Vukovije Donje', NULL, 'aettels55', ''),
(187, 'Odelle', 'Yglesia', '140 566 9226', '$2a$04$QGqSw9UGddnYScNsQ1EXu.4Ff0Zr6ZMx1IuK4H3.doNLh8Tz7B1cy', 'oyglesia56@netlog.com', '$2a$04$HRqDXyHRkqCb9J5EvgVhs.4k19Mm30/ujgakwr5BQG/q/kps3rbri', '9488', 'Cottonwood', 'Punggurharjo', 'Chenji', NULL, 'oyglesia56', '');
INSERT INTO `User` (`id`, `name`, `surname`, `phone_number`, `apikey`, `email`, `password`, `street_number`, `street_name`, `suburb`, `city`, `zip_code`, `user_type`, `salt`) VALUES
(188, 'Anne', 'Scanlon', '819 184 5754', '$2a$04$z07nH9D5ZzpLHMzbSHcUyecsQ1pAjcGekJIEg2L1M9WvbpFmrfDFW', 'ascanlon57@ibm.com', '$2a$04$.EuawAWng5sK.DZcZcwaKesO4zMPqM19An8hrt0wFwNrcWvkVerMe', '936', 'Everett', 'Nam Som', 'Baixi', '41210', 'ascanlon57', ''),
(189, 'Dickie', 'Aird', '482 679 1311', '$2a$04$GTraWdpXJdQwwW.FJ1CFLOVL27jeL6eqjthNPdxc1yM..yA2kvhNS', 'daird58@flickr.com', '$2a$04$Ms6yOk5lOYdvuOfH6s.GpuR209iDWHvXjbPw8IlMo0wQMJVb3CxB6', '4321', 'Manitowish', 'San Andrés Xecul', 'Guantou', '08004', 'daird58', ''),
(190, 'Jasun', 'Tunbridge', '390 167 0569', '$2a$04$zJaxTTVsYbFthMCS9ytHq.SjPbCeRp4BN4vg/UtwgGmVlrnjNsY/K', 'jtunbridge59@wordpress.org', '$2a$04$ryQk1X35dLWJnpgnGFFMLeQdD.v.Sol9OEP3l1QjjMprJEIeJN7MW', '5824', 'Badeau', 'Dongfeng', 'Kolwezi', NULL, 'jtunbridge59', ''),
(191, 'Vevay', 'Sparshatt', '228 683 7804', '$2a$04$EWHj8vhnzj3hIk40jPeD7.ElwvYpSR/W5EFOeN0lNYdMGvk6WWEhK', 'vsparshatt5a@typepad.com', '$2a$04$2GAEy9My7dmfXpnNtKYXL.Euqw4ukbQfCtEXS/bZSvCR6ntRftzTm', '399', 'Donald', 'Kuala Lumpur', 'Lengor', '50150', 'vsparshatt5a', ''),
(192, 'Armin', 'Gehrels', '674 697 2320', '$2a$04$s3cPvWstnT4cF9zTGR6gbuG.ofxwuDWAqeGuTrzV2g3A04eAo/IUi', 'agehrels5b@reuters.com', '$2a$04$r8YQqTchEfKBHYT1PAWl8udQN8zAS/30i3AWxDf1pllGirDHAEyFi', '04754', 'Gina', 'Darenzhuang', 'Kokopo', NULL, 'agehrels5b', ''),
(193, 'Sigfried', 'Aberkirder', '163 775 9322', '$2a$04$Y5zk9BKPFB7X2tuDQW7JneR8M2LHfH4DLn9IDfOApeLNxwlu5DNFi', 'saberkirder5c@eepurl.com', '$2a$04$9huzTX7gCN04VRmtzyGKK.R1PlodsScAcicv3qStrQqb.PEbgOey2', '992', 'Alpine', 'Farap', 'Hasuda', NULL, 'saberkirder5c', ''),
(194, 'Eudora', 'Pitman', '705 287 3972', '$2a$04$4IMjNk5gWrchU3G2O5Jin.rIgyfqkslD8meNZMTcKJ.AA8pvEdtJG', 'epitman5d@toplist.cz', '$2a$04$wjkEzcUE3BchecR8PycAd.aX4VLAffEBJIxsyXl8HOJKTUoPAQaaW', '9844', 'Merry', 'Nîmes', 'Al Minyā', '30011 CEDEX 4', 'epitman5d', ''),
(195, 'Biddy', 'Worthy', '585 394 9845', '$2a$04$XYAvyWb8aKwV0LL.q51I8eVRjyHfAEoF.IT3PnjPFjgNw8DoVJSEe', 'bworthy5e@buzzfeed.com', '$2a$04$5DUFAUJD4lC5R/otaoszw.j.X9NlTtAfVAbswBSi7NDrB6tZPcp.K', '2', 'Truax', 'Nato', 'Seke', '4421', 'bworthy5e', ''),
(196, 'Rivkah', 'Benadette', '517 628 4843', '$2a$04$8kJfvt2zNf3s9VZqv1Ca/es6knGGqUJIROIH9EMQg2F4BrA3gkuvy', 'rbenadette5f@theguardian.com', '$2a$04$Hoh4iOveYJDmiPHA3aKLV.1Juae5TycxOIIUQtyguNRxjzVHEyjky', '18', 'Drewry', 'Wugong', 'Kamojimachō-jōgejima', NULL, 'rbenadette5f', ''),
(197, 'Silva', 'Algeo', '530 519 4399', '$2a$04$MVXnBFMgCJ9zkA.wHUGUae/fcP43EKKKzNyBMfYEUllsPoh0QoeqK', 'salgeo5g@mozilla.org', '$2a$04$afX1Esvzv13iKAoq/lJ16eTdv6I9DRPyP/SPBVbcM9ln0AMGDpnVG', '21022', 'Nobel', 'Kuala Terengganu', 'Barrosas', '21009', 'salgeo5g', ''),
(198, 'Launce', 'Colin', '699 366 0641', '$2a$04$vj/HG6fVBKYNKRzX/NE7Uuz0/uD9Jkh17W1ft2V1C7xY2te.eTsHC', 'lcolin5h@yelp.com', '$2a$04$uNAAODG2eyI3/LHIn2ZIfOG3C1X9c1GC1Ye23vBAOaZKLxlFr70Za', '6', 'Service', 'Providencia', 'Nossebro', '38477', 'lcolin5h', ''),
(199, 'Lonnie', 'Woodbridge', '997 520 7532', '$2a$04$emsz4rBq74zWvWxBi/lo3.GJsG3VDczljVTcqZdesZUE5lJJm7kvi', 'lwoodbridge5i@mail.ru', '$2a$04$saAGTMgXs8gPwwwaQsWXtupq5H6DjF5cepSJ3nr7bPOHPPqbt9Uiu', '54459', 'Golf View', 'Liminka', 'Santa Apolonia', '91901', 'lwoodbridge5i', ''),
(200, 'Carly', 'Woodman', '477 562 3204', '$2a$04$.TZeq2lzUUOeRx6HJPsGwel0HGsgttvwLoqsF88Qfo.NZOpzZMDAG', 'cwoodman5j@mit.edu', '$2a$04$376YqSu8O5YQnCNjyizfQuiUepU.0L30Du/Y0Pmnxten1So13MjY6', '7467', 'Melrose', 'Barra Bonita', 'Krapyak Kidul', '17340-000', 'cwoodman5j', ''),
(201, 'Violante', 'Seivertsen', '321 999 4716', '$2a$04$TtVBW.FipXEzcGJp9UR7ruriRwqhdnO/9vn80WIqAlYcq5SRqd/DC', 'vseivertsen5k@scientificamerican.com', '$2a$04$2/18QvYiGwklvikU.mskQOH64l/56MiOIruBtIdh08IfXcYcxpmd6', '6363', 'Starling', 'Las Palmas', 'Kamyzyak', NULL, 'vseivertsen5k', ''),
(202, 'Anne-corinne', 'Jordanson', '124 195 1761', '$2a$04$dYiv3Cpdi5BGxNt.G/qYWurzjeme4zwdrwFGU1p6S7DqukMLtaQWG', 'ajordanson5l@wordpress.com', '$2a$04$tLsvs0kldRt7bFv71TS4DuCpDy667YWpRLcsxEzBa2JfVpRxDZaOm', '07', 'Twin Pines', 'Fort Liberté', 'Libertad', NULL, 'ajordanson5l', ''),
(203, 'Lucita', 'Arnoud', '193 537 2491', '$2a$04$7sQ7a0wLZEb79rQyKjpXuOjA7y5ZCp57imGM3er.hudFibgfC0vf6', 'larnoud5m@cmu.edu', '$2a$04$0dQhvE8dxEiWdzpcClMz.OQtswgKQKupW.wU.k.I3j9U58s0Xx0p.', '76', 'Chinook', 'Makrychóri', 'Diancun', NULL, 'larnoud5m', ''),
(204, 'Lee', 'Creenan', '586 888 8893', '$2a$04$Sl7XoJN8VQZ2vKWPmTPNYuerRPclWXUamU9yt8B1RQ71I4NFIXHXG', 'lcreenan5n@dedecms.com', '$2a$04$GWyyKn6W/VBwR5fifAMzG.n9lLZkYzPZTj6vLv5SelVeODncdQOg2', '2', 'Anthes', 'Bratislava', 'Novo', '851 03', 'lcreenan5n', ''),
(205, 'Zea', 'Elwyn', '683 679 6406', '$2a$04$HzaMsNsKLW8b13rJJJuup.dofd4IrcUbpiVl0PKH2cQXixJxIlS1K', 'zelwyn5o@hhs.gov', '$2a$04$gvhf/Lc7k2NRP8ks8TGkcO.4nJ2UY1M.jlPbYZlnYkwOZezcvzElK', '05', 'Claremont', 'Suhopolje', 'Sukadana', '33410', 'zelwyn5o', ''),
(206, 'Kimble', 'Gohier', '231 575 5457', '$2a$04$0Q5C8E0y7nHL5aVjFV/kUeBlEAmLIDE4a.ccg8Legv4YWA.p6UMkO', 'kgohier5p@sitemeter.com', '$2a$04$ncPuI2AznkDglSvUhf0dqedtFqGIQz66zejLlZY8qFH3Dv3ZMCJRq', '2555', 'Loomis', 'Kangxung', 'Diaowei', NULL, 'kgohier5p', ''),
(207, 'Bathsheba', 'Braunston', '755 525 7780', '$2a$04$GP3HCAMIlK2OVJ9fc/ls.erzgRawuC7vqwPh2d2/fWinEuu1lmCyG', 'bbraunston5q@xinhuanet.com', '$2a$04$5o9Wm.tY.sb0jEWH/BcK/u/bCVnEQzzYxUhsTdBgoaRvhVBEYwfeC', '33', 'Mendota', 'Bakulong', 'Loujiadian', '3119', 'bbraunston5q', ''),
(208, 'Riordan', 'Filipic', '809 604 1463', '$2a$04$2mNsZT0QxPdxb5j.H/z9teoo7f3YQ9HmTc.PFGSH8gClVmdvW5J5C', 'rfilipic5r@printfriendly.com', '$2a$04$9XbgO1HBvYppfMu1Y6JBz.7a38eBjnYqUpdonWnxrmnFcL5zSPEHC', '8', 'Oneill', 'Xiniu', 'Bajina Bašta', NULL, 'rfilipic5r', ''),
(209, 'Ryley', 'Woollin', '959 263 1720', '$2a$04$Gj7iDhcEjxylbxeybJxJAe2aIYPx/5oOZHLWw5vQzxdqe1vazq3z.', 'rwoollin5s@columbia.edu', '$2a$04$wvyQe1qTnb1QhEZY6llaJuAdDJ99KVSkDnrWhfdxpa8Ewr7bD.HTu', '8', 'Morning', 'Horní Bečva', 'Charlotte', '756 57', 'rwoollin5s', ''),
(210, 'Halimeda', 'Jewel', '392 938 7174', '$2a$04$r32UcFtWkwKfPkoJMEeyqeE3b6DEEypFnJB3JFuzDw1cLeW1VHfMy', 'hjewel5t@hc360.com', '$2a$04$k3dnXmTXLdy7NbEKUt/GHee6UGfg4JjyLCzPWp4ghC/Oem6CslWNC', '31', 'Lake View', 'Liuji', 'Panitan', NULL, 'hjewel5t', ''),
(211, 'Sinclair', 'Tobin', '459 885 8703', '$2a$04$EMHiLcKfZ7EaWZIXvX2BpO3xt4/RFoiZhc6E50f6PQ3atvZlbIA32', 'stobin5u@desdev.cn', '$2a$04$tjN4KY8uF.JmXBy/zFBYD.CKdmhF05iIeUNKZs7JqDs5PYzkg/K5y', '044', 'Crownhardt', 'Wenjiao', 'Wuqiao', NULL, 'stobin5u', ''),
(212, 'Lyman', 'Pengilly', '823 586 1233', '$2a$04$k8MK1yGF.MvDo73EyNnUzeGsEJd3oTk0CslnVVd45VgnIh7kxk606', 'lpengilly5v@huffingtonpost.com', '$2a$04$FGUcTDKctWTL/w61mAk9teTBo4TqbRpJph81AGnkbodgTDhYceK22', '2', 'Granby', 'Tanggung', 'Marisgama', NULL, 'lpengilly5v', ''),
(213, 'Wilt', 'Labbe', '542 293 0289', '$2a$04$.sj4Llcb6jH9oLTAzySFWuG0nPhBkhJx6uogcSy2bUpO.8YjioKwO', 'wlabbe5w@ovh.net', '$2a$04$nQcDElc0JsAzVpohJq5rd.IvurgXrUUzqmhh5qlStm18m4UjCwq0S', '379', 'Vernon', 'Ryōtsu-minato', 'Liji', '952-3421', 'wlabbe5w', ''),
(214, 'Tallulah', 'Gricks', '944 368 0307', '$2a$04$sOO.fVOmrK51lW/vd.MPV.8VWB.KZ8PmvKLlCFSJt4bsZpRVi0K2y', 'tgricks5x@marriott.com', '$2a$04$vR7aRtW8h.6FbylxnvJl1.TkCsL.auk9cyebN/gadzrf5nr/l/OWO', '2', 'Westerfield', 'Conselheiro Lafaiete', 'Fálanna', '36400-000', 'tgricks5x', ''),
(215, 'Filip', 'Goford', '456 943 2766', '$2a$04$o1eU1FFBPD7oGvobhlbMkO8QEWwRny6BcqALgjUkVYDTNeMnJtQCy', 'fgoford5y@wired.com', '$2a$04$kHQTL9A9FGbBpNIaJCN/.upeWRFb8f9DKj9725ySpl1ldx89QbRuS', '2718', 'Hauk', 'Pul-e Khumrī', 'Giado', NULL, 'fgoford5y', ''),
(216, 'Maritsa', 'Braunds', '784 609 8957', '$2a$04$BLejt/i18eXqyuXIwbekPOdUx3mj4xNXggL4IFgVnbS/CGgcfTEC6', 'mbraunds5z@hostgator.com', '$2a$04$O/pVbOlMeDjZ0I90VPluGO.xwHMLw.9Fo7Z74QUasrMmWHImsaEH6', '57', 'Roxbury', 'Bagorejo', 'Sahline', NULL, 'mbraunds5z', ''),
(217, 'Nicolas', 'Silverlock', '196 347 0949', '$2a$04$boAIKUXTT4gKBopA62R0quxmgQXGUdc1ZsJuZJG75bCQ3mqkHGpMq', 'nsilverlock60@utexas.edu', '$2a$04$J8JjYaCimG8VFezgxHN/GePEE0A9f2GQ41DosjjxTqYR/QdSCemYm', '99', 'Kim', 'Iñapari', 'Čair', NULL, 'nsilverlock60', ''),
(218, 'Emmery', 'Eshmade', '727 319 9871', '$2a$04$K.1DmDsoRvKsEiqPVaHBG.b9RN04WPTN2mLmCthmeJFDxpcIn6FJq', 'eeshmade61@mashable.com', '$2a$04$bwEQWyRZ6015b01UUqeWIOANjhygXSFBb.lenfxSsS4aOn656A2Wi', '42178', 'Merchant', 'Sundsvall', 'Larkird', '851 06', 'eeshmade61', ''),
(219, 'Willem', 'Mengue', '730 830 9528', '$2a$04$03uqKLMbhz10A3QT/LJsouWTatO19n8Yqdf.Qqmw752JVMxw.1C5S', 'wmengue62@dailymotion.com', '$2a$04$hfTISDc0xLCP8/rCyq8R1OQrxOAAn8Ivk8QwQNNQKO3X/Pmols9VK', '158', 'Oriole', 'Pereiro', 'Karavan', '4950-840', 'wmengue62', ''),
(220, 'Gwenette', 'Smurthwaite', '132 581 7439', '$2a$04$XEVPJkKV6f0ZLPXSErd/Q.Y0VnPGu9fp8ZhwE3.mEPbcU42a0VQki', 'gsmurthwaite63@printfriendly.com', '$2a$04$SgEWtSUyryR9bNB4lPSLEeEWu67CIw3vPMYOr2/bH/9DiemBWGTxi', '75670', 'Graceland', 'Muraloka', 'Cuauhtemoc', NULL, 'gsmurthwaite63', ''),
(221, 'Lonna', 'Matzkaitis', '779 314 7666', '$2a$04$3DieF1QSBsg01Zth1MNlke9S7RAI1L9Y6zf0y3P.YMhRVmzXZ5ajq', 'lmatzkaitis64@theglobeandmail.com', '$2a$04$5k751FSpkpf.VAJXtjf/Ae/7ej4LooyblWdPFL8GRSrGgaYDmd/Sq', '5', 'Oak Valley', 'Setun’', 'Paizhou', '249028', 'lmatzkaitis64', ''),
(222, 'Dave', 'Ranyard', '385 707 9364', '$2a$04$/79UuDDS/0qOLczl8Nbjp.ZSeSdNgUo8kTBAWa87l/iGX6teF0dTu', 'dranyard65@dagondesign.com', '$2a$04$8C5CSv/rYDoswNtz4bW.VuV1E4NnJaR41xbyiR9IBBbzSvkfvcjWW', '94', 'Morning', 'Xinhe', 'Ratchathewi', NULL, 'dranyard65', ''),
(223, 'Dene', 'Studdard', '219 425 7871', '$2a$04$SzpllZFZ5HnzVtGF..4yiewkfGLDnhtDU3Y/2dHMHJMwPPA3HN8Ri', 'dstuddard66@slate.com', '$2a$04$IzzG6xymhA50519HqMgnP.8fbYOpibvXZGaVwoEIPRu5QZfT4FTqS', '829', 'Grasskamp', 'Lubao', 'Palermo', NULL, 'dstuddard66', ''),
(224, 'Stesha', 'Martin', '262 632 3577', '$2a$04$/AomL0KtqA6zUseYGRHkveffEc0CcB5C63iX27a3GL4Iw6ylxMsv.', 'smartin67@nydailynews.com', '$2a$04$LLGUhL1KgqVlkaTFiWe7IegUY5.PFL6L169ky1FbZu1CGI8Cv.T0K', '6', 'Kropf', '‘Irbīn', 'Sikonge', NULL, 'smartin67', ''),
(225, 'Elly', 'Pennington', '405 818 0271', '$2a$04$cTkOu/gT3D2JF7EuXr4HUuUW/RFtcvJtfUJEj4Ggi6y2mI7Sfa9Vu', 'epennington68@nymag.com', '$2a$04$vtX2spRfOqsX2ztfS.3Bx.LwSCduBG.UGw1nkfGnI/yYd6yLIl7xm', '3447', 'Manley', 'Shahe', 'Dassun', NULL, 'epennington68', ''),
(226, 'Darrel', 'McGarahan', '178 280 2827', '$2a$04$jEueGrgya86z7cB9.NwpCesytSj2PDypWYd0hWM9NYSOAKF5tgK9m', 'dmcgarahan69@google.ru', '$2a$04$LFsfmD.A19uG4dtwsaT95.JFhX1zrYyTH6YPzR8sqBHEETf.MSaVy', '21', 'Northport', 'Jaú', 'Chicago', '17200-000', 'dmcgarahan69', ''),
(227, 'Lucila', 'Harwin', '667 606 9845', '$2a$04$NNY.P.ZD/sG2gAnQKHD3Oupq.VkaBFfYOnOMPugAW8mpQkZKPWeSK', 'lharwin6a@sfgate.com', '$2a$04$TiZhrHneTBBjreAUtc6A..CEvtxajkVQ1lLMVwHnIVr1EJLYsgd4i', '84687', 'Algoma', 'Örnsköldsvik', 'Mongaguá', '891 30', 'lharwin6a', ''),
(228, 'Gay', 'Bramer', '241 255 2031', '$2a$04$61hdnOat1ODPEVw3j.dF8uH72SexXXKc3HEOJqQ5mL6CbSiIthn8S', 'gbramer6b@oakley.com', '$2a$04$N25Cty35Y0R30Mz69Cptp.9GBBMkmVa6AiyVcPMqKKqxRamQGQKda', '91', 'Coolidge', 'Yanggu', 'Jiefang', NULL, 'gbramer6b', ''),
(229, 'Lazar', 'Harding', '655 798 3986', '$2a$04$8hlrc0R3E84XQllN5.Ua9u3uBQkoVidHxispU7xO15EZoWWLNH.4O', 'lharding6c@phoca.cz', '$2a$04$Qk0gF3OHkb6xeKj66DZuXuMEUDHUqPB5fsIbYCQsfTL.p31RrB9IG', '694', 'Sunbrook', 'Miatli', 'Krzyżanowice', '368156', 'lharding6c', ''),
(230, 'Krystyna', 'Fattore', '389 894 2574', '$2a$04$T6K8Xk3JPWxhbjaFbPrylekgEm2bGedPnsVabZ0oIFvmuAqhWwd8e', 'kfattore6d@spiegel.de', '$2a$04$c3RY5rjvzRdn/YNAXva8Z.ZtWZvw7PD9rZhysT4IYqLZ5puN.Gate', '7', 'Linden', 'Itu', 'Gaur', '13300-000', 'kfattore6d', ''),
(231, 'Marcy', 'Rupp', '838 265 8849', '$2a$04$HaLd4KYDAxeoZUv2FcUz0u1xsXisenOT8WUBHlWlV2qMXjTPg36Cm', 'mrupp6e@washington.edu', '$2a$04$wAtPcDFCrHAlN0vhq8ts5ehkOp./9wCLH1pRpNbnVHJ4to9K7L6/G', '9', 'Ohio', 'Rustāq', 'San Sebastian', NULL, 'mrupp6e', ''),
(232, 'Yoshi', 'Hurle', '415 220 0772', '$2a$04$//mn.MikpKwMvEW8V0q8QOZMMpht0w83wmZuIIlqvkWwVhth7rOR6', 'yhurle6f@yale.edu', '$2a$04$d5lmdYcSBFai5D7UGMPDkOdyntb1ZQ5EVQ9i7qfB.6yEzrHqHk7P6', '169', 'Blaine', 'Songkan', 'Mamburao', NULL, 'yhurle6f', ''),
(233, 'Yoshi', 'Kuhwald', '720 861 9863', '$2a$04$2EEQVV1P6JWi54AIOjiRkOQbMZdh5woi2y5j/JvH27yb9.9T5m2VO', 'ykuhwald6g@sbwire.com', '$2a$04$xfKca8FBtko/xeu/qR0KFuJmwQdVR6Gx06ho0zU86r4arRVk2ryVm', '68', 'Anderson', 'João Câmara', 'Sigli', '59550-000', 'ykuhwald6g', ''),
(234, 'Vinny', 'Kalkofen', '138 430 2727', '$2a$04$zTCri7JH3n0Y204t2gTmleQPiZoKfPfeyfezzRZ.fGGIE7fEGElT2', 'vkalkofen6h@storify.com', '$2a$04$NvSvykP6nuCo2SCkxKiFfeozNjEVdsv75O/.4IlEQGrkGBBIfZ2a6', '74446', 'Graedel', 'Patrang', 'Hetan', NULL, 'vkalkofen6h', ''),
(235, 'Holly', 'Lorkings', '909 896 6490', '$2a$04$5VJGLS7xDM.NIMDBM416AeVAU/pnjHtN3nkww8I3uTcLcSFtLScBu', 'hlorkings6i@bloglines.com', '$2a$04$QAt/Mh7ev6J84cJjHm5yMeZqiPTerwE7v8mJA5inZqcocp9gcmBym', '67211', 'Hallows', 'Tieremu', 'Doibang', NULL, 'hlorkings6i', ''),
(236, 'Nara', 'Fabry', '265 224 9275', '$2a$04$PZV4RyNfEzaWyxhZEHIrS.nkDU0yX3ueL52q0YfWQlNno4FouUqHy', 'nfabry6j@e-recht24.de', '$2a$04$GuzXpkbraS/gpI3.fleQBObfCWuTKeQ9y6R7abt27Ich8miDXkqmS', '1087', 'Scoville', 'Foz do Iguaçu', 'Werasari', '85850-000', 'nfabry6j', ''),
(237, 'Emlyn', 'Jenkerson', '145 847 2705', '$2a$04$VfjMVz/wQEu46HQpNcD.kO1kYzjD67HLnBhYrA./nntwNQvjCWrO2', 'ejenkerson6k@mlb.com', '$2a$04$sONx4SyfZ5CTQSNO24wD2O8WxD1jjKHSl.jPEN77Mq/oxJpSN0Y22', '6', 'Lyons', 'Frýdek-Místek', 'Niebylec', '733 01', 'ejenkerson6k', ''),
(238, 'Liam', 'Topper', '800 504 1356', '$2a$04$sP3Slp8v2d.V2/YBUWY.uuA7gbglZgjmQzktk2LJTPheQwiz2kuTi', 'ltopper6l@nymag.com', '$2a$04$vffXuUCrKJjNqNm.oi8MSeJsYaDlXPg6lZ2DgdPsYsQGetuPWYdq.', '3948', 'Bowman', 'Tongyu', 'Krasnokamsk', NULL, 'ltopper6l', ''),
(239, 'Audi', 'Frankel', '502 286 9566', '$2a$04$m2CSmyQzhESMwUrzS8GpeOxpC9em8B.r.UevrWHacRIFJOs6GrDka', 'afrankel6m@unc.edu', '$2a$04$ZmsB4uSfL4vm2ZN0AbKPgOE6zUWSVKbHG5XbKrrytraxPufrSpEZq', '7042', 'Northfield', 'Cimanggu', 'Gandzak', NULL, 'afrankel6m', ''),
(240, 'Emilee', 'Isakson', '742 488 7596', '$2a$04$2kHq.LwZP0J3QTIr1jLhmuC23K7QTdk4Ej3cd9ndyqGIjD6GcqDYC', 'eisakson6n@state.gov', '$2a$04$x2AeAYpLvNNyutbaNY8IAeo511MSdKwyM7YUmTzRrZEQ8lLkPQYwK', '1164', 'Claremont', 'Roriz', 'Péruwelz', '4795-193', 'eisakson6n', ''),
(241, 'Biddy', 'Toderi', '705 372 8541', '$2a$04$6lpxP8DDbSPGAWt00bzlQupabo31HCk/15hmEcKK4GgKyPa4btN4S', 'btoderi6o@hc360.com', '$2a$04$yfPJRPLrfr2M3tGquZjnzu3zJHSlwh3gsuoUkSmrbL/k/F0ufk6Iu', '17017', 'Lillian', 'Jiujie', 'Bandar-e Lengeh', NULL, 'btoderi6o', ''),
(242, 'Meryl', 'McBain', '870 106 1990', '$2a$04$/EHPpOqgjoG1gfRPWSY1/.PlQ71pTYDql2NqZOlC1Rox4QA8wRJLS', 'mmcbain6p@hhs.gov', '$2a$04$HCMvukvQhxqt5wVgNWWfreJVNSAaf.v1JqTrTRf9Q5.4yAC.PX3dS', '2', 'Namekagon', 'North Bay', 'Pagedangan', 'P1A', 'mmcbain6p', ''),
(243, 'Desiri', 'Popping', '546 671 5373', '$2a$04$UuGUDreoyIhDTFTi01yUeef4Ar0c6ko9igTM0LV0lSoF.0YOM6llu', 'dpopping6q@mapy.cz', '$2a$04$6siHEQUvxg.ZLc7XDEG.kO.S8uC.h9100pTd4BXdCChsYQFBFZ8rm', '585', 'Swallow', 'Poříčí nad Sázavou', 'Saint Louis', '257 21', 'dpopping6q', ''),
(244, 'Deanna', 'Zoellner', '299 435 1118', '$2a$04$ipS29vltXFdDAiOx..eySeiXNpo2kFoa3zBIUlWv0ZMRm0jDvgPfe', 'dzoellner6r@smugmug.com', '$2a$04$kL3fCQAgVvQ2PIzFCYZP7.lykOdD54s/xNKhGQGiYPe9.Gvvx2/sG', '14', 'Bashford', 'Redon', 'Xinqiao', '35605 CEDEX', 'dzoellner6r', ''),
(245, 'Allyn', 'Swale', '648 552 2958', '$2a$04$vzwl33Sg3mj2FDNr1NUgCeh.2NO08K1T9QzmgrZ3b8nS22nLK3Q/i', 'aswale6s@army.mil', '$2a$04$MwzHNlrXwN09ACb2egcpmeSR14sVAqFbDwI0WcajmzEyQI7qZ3h2a', '7', 'Sunbrook', 'El Pino', 'Tapiramutá', NULL, 'aswale6s', ''),
(246, 'Hastie', 'Sarten', '176 604 5897', '$2a$04$8TCMFvZN.a9MdqQVBKxQsuxTMNyM3LboFJz5jBN4Y3IpwQNEyjpAu', 'hsarten6t@senate.gov', '$2a$04$aGew.yyx5H6O8vOXWCiu5epAAgkjPDQrQpkRDA8/JrMU8BY9SVh62', '4', 'Arizona', 'Lokwabe', 'Quitilipi', NULL, 'hsarten6t', ''),
(247, 'Margaretta', 'Jirka', '404 412 3744', '$2a$04$29Hg0nMQsHkS7MgI3Nslye/6NqEAKzNZn4/vBmNwc1UD8tLsn/2kG', 'mjirka6u@vinaora.com', '$2a$04$WOeEwh4DjRUekeVmDJQHIeWLRkJ5PGjScIIYtk/lk9vSAJgpi/3Bq', '04123', 'Summit', 'Tirlyanskiy', 'Zhouling', '442815', 'mjirka6u', ''),
(248, 'Aubrette', 'Cours', '275 311 6235', '$2a$04$mkitgiTLLa3b6twkvqi/iu/nf3AgmbG5.tM7L1y2.1G915zO22Er.', 'acours6v@businessweek.com', '$2a$04$pwsz1bOWj1Yc7rQhVIc9pu9Bq3NBARNmonJeAByvyFyB5T0qV5hzG', '06309', 'Center', 'San Mariano', 'Hova', '3332', 'acours6v', ''),
(249, 'Shayne', 'Sedworth', '618 897 9802', '$2a$04$hgQjTDDOnHJWA9eHM2SLzuxYoArSCb1rdMjY.LxvX85RI2o2gXtGy', 'ssedworth6w@multiply.com', '$2a$04$r/MoSG4NlYDxoE0yVRJ.FOEuMbvz6BYwC9Q.GsuUFgP9ibKYSSpSO', '9', 'Sunbrook', 'Dimbokro', 'Clichy', NULL, 'ssedworth6w', ''),
(250, 'Dorelle', 'Cardow', '543 963 1263', '$2a$04$O2.DY6DU.P1Ij5c/1VD41ek4jGN7YlDFlvjhWCbVJFKcHdTKUi13a', 'dcardow6x@virginia.edu', '$2a$04$WmGJ/X4Loj5Wso5YCcF6xuwN80btp4RM.Zj3ekhXgh3P5AOYVuHVK', '2448', 'Barnett', 'Zawiya', 'Koilás', NULL, 'dcardow6x', ''),
(251, 'Mendie', 'Cron', '949 499 8982', '$2a$04$KpElZzTm81CV9W0Of2Sh0euMXOouqfDUR9iY2txlMn48vCYPFrrdK', 'mcron6y@merriam-webster.com', '$2a$04$TjPxItL1C0AE163RZ5bGROpeRC4DuJV7M3yIFvZLpPn8bGi2615RK', '30', 'Village', 'Masuda', 'Moscow', '999-8201', 'mcron6y', ''),
(252, 'Cobby', 'Braden', '733 273 0463', '$2a$04$Mwa09a/uJXRjsr/LKWVeEO8ex4x2Q0lxvLnXwulXmq4LMtJxI2Vdu', 'cbraden6z@disqus.com', '$2a$04$bZBGRUaXtOmwhv0KFGfrre26n1lJYO1tsIJMtMEPmqFQc7tjD5nNa', '44', 'North', 'Guisa', 'Zinder', NULL, 'cbraden6z', ''),
(253, 'Dolf', 'Billsberry', '947 887 1507', '$2a$04$23zf6hwJVSddOoIhqxp51Od3MJ5fyhJMQpLfDpz5eSw/dMzLe1q.q', 'dbillsberry70@usnews.com', '$2a$04$VijuMzfS03ehGGDiPQtdm.diu5Lzy4TUuXVI48TCn7tcZoh9LCeMK', '6', 'Bultman', 'Napel', 'Horodne', NULL, 'dbillsberry70', ''),
(254, 'Dulci', 'Fellgatt', '222 760 1595', '$2a$04$2y.di746b/zXuvcic7hvluic1XO8eVRkEIKO/niazd6kAQoc/PRaG', 'dfellgatt71@storify.com', '$2a$04$sfaMtZPFW41LuJHfQSGPIOYp.rWmw70a9fVVIZ6AC8UIq8yLTEOxa', '998', 'Trailsway', 'Aminga', 'Арачиново', '5301', 'dfellgatt71', ''),
(255, 'Andrey', 'Wealleans', '790 276 0728', '$2a$04$tNPZSZb3QeSFpeBhNEKH6Oh4WIjRVvdurMuXFe0DgFYQ.t5bqo/ES', 'awealleans72@boston.com', '$2a$04$FRbQkwlnmyTM4V7zk3O/2eKMcRnRW8Wv3D10j7k0USKFqk7bpCO6i', '4609', 'Roxbury', 'Sudzha', 'Santiago do Cacém', '307831', 'awealleans72', ''),
(256, 'Marlyn', 'Larvent', '714 358 3680', '$2a$04$Tr/oNMTSTnZBwyp.buFK0.37DlOenZXcTiAVEk3GoWfZsfs3c8Tzm', 'mlarvent73@1und1.de', '$2a$04$.fgFVUp3M2b6GLGX6gdYsuOZUBXsmQRu6WPS1tDBxhHEPMj1L.JCm', '43', 'Marquette', 'Kudinovo', 'Francisco Villa', '249064', 'mlarvent73', ''),
(257, 'Domingo', 'Hards', '166 469 7285', '$2a$04$vhM4.PCLBBZs4HESSMQd8uNXxz2UJ7E5AcTnTrZWNc2YTlvDvZa.y', 'dhards74@netlog.com', '$2a$04$fQsuRXGJHL/AW3FTx5yGpu7kxf654ZRkPQ.LlOxDAHTFMK5AherI.', '30219', 'Farragut', 'Tolosa', 'Bangolo', '6503', 'dhards74', ''),
(258, 'Jacinthe', 'Frude', '515 702 2693', '$2a$04$EWgVhRpTCOGNbP7ameANVe7ESfwJD5wy/zonLLZnLh/E7L5jnTRvO', 'jfrude75@imageshack.us', '$2a$04$roSKSc.h4p7jV24r82He2.aaQnEjwrof2T5q9NlO9fKDGjmF5NrOm', '709', 'Vahlen', 'Poniklá', 'Ayotupas', '512 42', 'jfrude75', ''),
(259, 'Mirelle', 'Meo', '837 455 4123', '$2a$04$RNwQ8z.F.h6iq5IgVq8oLuiSy.VD.0TrvFZPMh0zfWNJQV6DNpMg6', 'mmeo76@tiny.cc', '$2a$04$sl.mNHHC3YBZsFqSdLoHnOuQrhiXpewRzCQ0upbJa86mZt9hccK2a', '881', 'Hansons', 'Takahagi', 'Bururi', '350-1213', 'mmeo76', ''),
(260, 'Dex', 'Huffy', '517 245 3028', '$2a$04$cqepoEw4xJY397kzYsERF.HUxBLYT6aWSkK1E1am1H8d5tVYuyCE6', 'dhuffy77@myspace.com', '$2a$04$DXG7QSN6Ep.9EfWOQlMvHeoDTVlo9pdxL9lnVQMk32asrDGD27kY6', '48518', 'Sullivan', 'Xiyuan', 'Keli', NULL, 'dhuffy77', ''),
(261, 'Richmond', 'Randles', '924 981 3523', '$2a$04$NXzhe3hffUxflIE.ug806O3eZ3NB9gxDZibsPwt3oPl1v25zASL5K', 'rrandles78@moonfruit.com', '$2a$04$yQ9J/Y.JiSN79mbZRBqsZOga.6yQl1riL6pTi.0NWOEU9Jj9w3bJq', '7', 'Morning', 'Zahlé', 'Cela', NULL, 'rrandles78', ''),
(262, 'Lurline', 'Giorgini', '838 604 5863', '$2a$04$hbp2kZjGnLyZlD07FZb2fe85Kb5l1RbYK/neE3Wjmt0CoDP6OMYcy', 'lgiorgini79@google.fr', '$2a$04$TB17P6pu6zxpx6UdSo/g8uwPot/NjRqAmPBArH.mcub59L6Czmbgu', '01595', 'Brentwood', 'Morales', 'Binawara', '134548', 'lgiorgini79', ''),
(263, 'Noe', 'Legh', '780 671 2104', '$2a$04$glAIu1K4TsO5Qky/ItdD.u/rNKcsRLYQJgx3MDpYNqyCfqhPJVwra', 'nlegh7a@goo.gl', '$2a$04$7VEi6bLqFWDm1E78uHbz3uhGgPnVRwWb6Ok4IVyNiFgM4YaASyw7y', '6276', 'Morning', 'Al Başrah', 'Bojano', NULL, 'nlegh7a', ''),
(264, 'Darnell', 'Aksell', '693 626 2941', '$2a$04$bIThbWuxbXMpG.fuF/Bbb.hl3ZRy2u6TTAwxj0kbOHhmSHcPyPeoq', 'daksell7b@nyu.edu', '$2a$04$0MwE44p4t3.D/saOllvx0eFbxmXltRwcWomtReUMYm91WIN1bNxA.', '302', 'Mcbride', '‘Attīl', 'Villamaría', NULL, 'daksell7b', ''),
(265, 'Sabine', 'Young', '733 243 2836', '$2a$04$urmnVKpkYunk5iqd7nGtz.zU.xxLAQ/5Dn.kdBE.CVRjXqPy/wQ8i', 'syoung7c@weibo.com', '$2a$04$f12OWIpGU2yd7F66nHcc.utLEdeGGE/2m3W3Lx2RDOjqHj6Z0/fvK', '0887', 'Fisk', 'Cedry Wielkie', 'Liaobu', '83-020', 'syoung7c', ''),
(266, 'Zulema', 'Gittose', '622 379 9411', '$2a$04$ABTOXkGdY8TKy.VUe/hG9uhxPRCFGG0ziXGDm0TmK9b8/YAQu7b4O', 'zgittose7d@amazon.com', '$2a$04$3dngBKI2dO8zZnoI.R6RXuWZy/jmIVO5MMjkpjyAnl6RoHLXHNFEW', '1', 'Eagan', 'Qiaonan', 'Merdeka', NULL, 'zgittose7d', ''),
(267, 'Fleurette', 'Hinchon', '329 399 1792', '$2a$04$AGAy.zRyk.qtiLxYBizAD.RXO8YPmTEYqTR694k72tPS13baJXnv2', 'fhinchon7e@fema.gov', '$2a$04$7sWBG5FU9QfPsnAAmfJgYuMqXtitpFoqaL3cYoygA8ATsUMVjw32.', '8', 'Florence', 'Cagayan', 'Mitrofanovka', '7508', 'fhinchon7e', ''),
(268, 'Katha', 'Wynch', '264 857 4243', '$2a$04$CjK38.FyqSk1WuklIQKyle8F/TZSRd9y/oQE1S74ptRHC4X1.MbNa', 'kwynch7f@theguardian.com', '$2a$04$n8N2sX8gwxj3DiRXx1h/AOcAReo.b9P2xdLL6dGBfEGafVBLYaVbW', '6808', '5th', 'Tembeling', 'Beigong', NULL, 'kwynch7f', ''),
(269, 'Gran', 'Reicherz', '824 496 1222', '$2a$04$8Sik91Zpb6sMWR9KFbMjquEYrNbNUvObd8J7KNAXoy9pvDjEaaq.K', 'greicherz7g@over-blog.com', '$2a$04$hkeoKYSJ99u0bKo.INmsl.MJDXxVkMXLDpK5FNYYIcL0WlMbr1adq', '139', 'Daystar', 'Junyang', 'Karangsembung', NULL, 'greicherz7g', ''),
(270, 'Ardis', 'Van den Broek', '737 390 4646', '$2a$04$lFq0NybyiM93qmOsLSjPMuTK17eWnJY6D/m7IHbWlv16c.rtP2peG', 'avandenbroek7h@infoseek.co.jp', '$2a$04$U9Kfs.Sz.uq7U27mGOsise3yaUwwT5tXZt5yClL7hlPha43taXkPO', '3564', 'Lakewood Gardens', 'Kerrouchen', 'Badai', NULL, 'avandenbroek7h', ''),
(271, 'Jenine', 'Friatt', '915 253 3261', '$2a$04$iflS1CQX2P7WlZriR8Siw.A.ZXtyAeVogq2MRJFEIBeJwV/OqexLu', 'jfriatt7i@topsy.com', '$2a$04$VTC1UrTA/t12PmibnO1pL.jYPQeoxgesAjPL1VQqiYHEFFsEZqJs6', '52847', 'Elgar', 'Sąspów', 'Las Palmas', '32-082', 'jfriatt7i', ''),
(272, 'Gratia', 'Armit', '995 396 9243', '$2a$04$aPUWwqZQv8PpOrqdyAOs2.m1UCDFUq0RB64yN4aoJ1GHPDC7BmAci', 'garmit7j@jiathis.com', '$2a$04$eIMaEGf6samV/WXqryl9feisUlGX0CfDBEa0FbzlXipfkLZmQUmO.', '0930', 'Nova', 'Majzar', 'Vrede', NULL, 'garmit7j', ''),
(273, 'Ewan', 'Huggen', '238 478 8205', '$2a$04$KQIp0Xq0M1GnqIHyuinT4.B.3FdWYa6OIxv5vxMS/mNcbtdU1Is3.', 'ehuggen7k@booking.com', '$2a$04$oORUFqGQhJhUEMu5jIja/up3libgfx7uj0FKyxfBaPlNvlZ897w2C', '0296', 'Hansons', 'Golbey', 'Vyatskiye Polyany', '88194 CEDEX', 'ehuggen7k', ''),
(274, 'Alexandro', 'Clancy', '515 114 3224', '$2a$04$ZsfA11CdJLHq5VQVU7tKGukBtO4pZr.5hZTXHq//Dq3shiCW.cmpy', 'aclancy7l@cbc.ca', '$2a$04$DA2nfaTYVcRB751WvCdEKuDa1N9utBqErxcBBU.FNM8msanKnb66q', '372', 'Pawling', 'Debre Werk’', 'Deventer', NULL, 'aclancy7l', ''),
(275, 'Berny', 'Lacky', '426 789 1258', '$2a$04$VPn5nZtsBQO1Guk73Xi6Xehx78JvLM0Mj241jTLF3rL/1toT3vSt2', 'blacky7m@disqus.com', '$2a$04$rui.5bk0BzrR9884c8ShbOV.htLIkTEWuNKpnjEJT5Ih.2sOYGSM6', '76', 'Continental', 'Tyret’ Pervaya', 'Taoxi', '666330', 'blacky7m', ''),
(276, 'Clotilda', 'Laird-Craig', '726 505 1267', '$2a$04$cdYkVE.MuhIFdiuZvrHCQeaeGX1jXKfAMJZ5VfEiSa9Bu/.EwJNKO', 'clairdcraig7n@apache.org', '$2a$04$z//xkePbvhXVz2CfqG2mTO3jg8VsylOt3bUz0uqUnIMsCvN7CmS6a', '96827', 'Ilene', 'Shuinanxu', 'Banjar Kajanan', NULL, 'clairdcraig7n', ''),
(277, 'Chiquita', 'Maccaig', '511 508 5636', '$2a$04$oBD9H5LJYeAE0e.HgwSsseARouyQ7RAVQDAo1s5GuvaPCLwx1E.6S', 'cmaccaig7o@cnn.com', '$2a$04$MLF0KnKbn4J6SL3jHkCvVe.AT0.gqV.x0GGAj6JwhZfri99GpKWfa', '7', 'Jana', 'Kuchurhan', 'Tánh Linh', NULL, 'cmaccaig7o', ''),
(278, 'Lauretta', 'Aspall', '572 671 9379', '$2a$04$s7Oj8pOq6XAatq1C2GXHI.3KgkL34Bpr6McYO5c0ZHtwt3d9xWUc.', 'laspall7p@shop-pro.jp', '$2a$04$XmYRqRRGcXWMsVri23O2qeKs7AtM0V7yC7qbWVZPUuLSlJBPHv2e6', '052', 'Crescent Oaks', 'Minle', 'Lianghe', NULL, 'laspall7p', ''),
(279, 'Audra', 'Skinley', '891 635 4663', '$2a$04$AWSqVJBxB92wnyduulFRUOYw/FrXOofhU9Vu3AssekjlrGrEOqtoS', 'askinley7q@wordpress.com', '$2a$04$7Oe7PNTBwlZEXmxxOCLBs.hBepGSKWKtVBMS8iqilNnFxqIXPD/pK', '1', 'Huxley', 'Ojo de Agua', 'Pervomayskoye', '51372', 'askinley7q', ''),
(280, 'Micky', 'Stanaway', '140 160 6823', '$2a$04$HcrQD67UW5hYkTtoCx.ze.a2n9OrvH5f3wnEwYX6AWOfCj.nfxgcu', 'mstanaway7r@goodreads.com', '$2a$04$PfjFplrmrL7glLV3S5k9uuu17PIojDFu.iP.zRgh4Y5IV6/zhcSeK', '0', 'Bluejay', 'Xishaping', 'Mamboma', NULL, 'mstanaway7r', ''),
(281, 'Wendel', 'Bugden', '839 404 4413', '$2a$04$p3hil1webwakf74ksOc9BORVD5P8AbESPPw2el.qCvlkgIUvoVOv6', 'wbugden7s@usnews.com', '$2a$04$A9qpIhmM3ULpIS93kq/wwelrIaTOpIMqmifUS6XVYtS9btoibXjGa', '61577', 'Blue Bill Park', 'Boudinar', 'Pengchang', NULL, 'wbugden7s', ''),
(282, 'Bradly', 'Schubbert', '773 302 6353', '$2a$04$A6jSLgVaDiM5GifLJAp7OenSL/DXe.2OJzZMBY46WodeHDOgbFZdG', 'bschubbert7t@clickbank.net', '$2a$04$Q7Sz8ZLLwNcXqbKvV9cOKeTbM3/D/6LDOkKYXelWe0/voFgR3v8Q.', '91173', 'New Castle', 'Padangpanjang', 'Nantes', NULL, 'bschubbert7t', ''),
(283, 'Prentiss', 'Richin', '387 444 7169', '$2a$04$lGHqCk3CMPuo4LOaPVuTjOhSRHWAwLoIAf2mPqipoMhvbIj0sWzzW', 'prichin7u@soup.io', '$2a$04$kdGwz7pxYyiT.99HTrCHsOv1ZQD5/7VULF.zhjxDk7VPjSRyBKNw2', '717', 'Little Fleur', 'Liutangting', 'Canillo', NULL, 'prichin7u', ''),
(284, 'Arlyne', 'Mitskevich', '724 746 3074', '$2a$04$u0tsmsanl3ET2PP3Td5mSOfLG3Q5JzQuKlRUwNOpJc/MO946RT72e', 'amitskevich7v@guardian.co.uk', '$2a$04$RxDRpRyWBU907OY8AX9Oh.UGg3/bCdjx2I1ht9w6Z7Nfs9y44DYAC', '6', 'Bonner', 'Alvesta', 'Dao’er', '342 80', 'amitskevich7v', ''),
(285, 'Sonnie', 'Wessing', '709 214 1836', '$2a$04$UhEHHYNpV3GPg5D2vcq4b./4OzwSK61TrWubnsAvYtvesxLVxMO2K', 'swessing7w@weather.com', '$2a$04$tSE14fmDjsjLOSScqHWiy.VxCo6Zwh62W5n2Cz7pWtfR.weqYV2IO', '78149', 'Crowley', 'Kými', 'Atambua', NULL, 'swessing7w', ''),
(286, 'Celina', 'Cockton', '920 600 4639', '$2a$04$/KXxArrmUlb9vwPYf2XQC.jwsVS07JEkecxkL7k7oKa9JnEzz2OTe', 'ccockton7x@comsenz.com', '$2a$04$ofDGuJ..tRssyJiSB6D01.YsvmKHlZWjY3j8UqLCUppXbE65LbQXe', '79517', 'Orin', 'Castelli', 'Bang Ban', '7114', 'ccockton7x', ''),
(287, 'Katleen', 'Button', '953 529 4873', '$2a$04$.ZuLV.K1w3pTnEbZthl7j.zUpc/oDHeW8E6SJObUq5HaiFNz0q7eW', 'kbutton7y@unblog.fr', '$2a$04$3onRC9v9xtSBYXa1F.2tjOH.2fbiq0bkWVekdNnS7iD7QzpIIzDPa', '4215', 'Fulton', 'Victoria', 'Cabinda', '6406', 'kbutton7y', ''),
(288, 'Elayne', 'Hefferan', '225 166 7970', '$2a$04$.5Q5N2u9LrzUYGb2QyQ8w./gcUEPQ61KL765OzLksJJm0YXkY9sHS', 'ehefferan7z@lulu.com', '$2a$04$qlwYzcA5Ld4xYsGdtilbZ.7SIJnHU7G/gJuCotRfIU274LtrU2.3G', '5896', 'Roth', 'Lisovi Sorochyntsi', 'Hegarsari', NULL, 'ehefferan7z', ''),
(289, 'Lev', 'Keiling', '154 200 5601', '$2a$04$9LhB6xIul9qtYchkM/bUu.PBreqffgQxEH5JRrkYbHLiWSzxoISbC', 'lkeiling80@youtu.be', '$2a$04$8Pm1Uq2ERg5kHSaMqr5F1esueaB5jsUIcB98FQfVlreoaXAETqaiu', '700', 'Northridge', 'Hernández', 'Naschel', '3156', 'lkeiling80', ''),
(290, 'Dixie', 'O\'Lennachain', '538 428 0989', '$2a$04$I13ZwesDkuMJiTVL5NK52.ovbzZNoOH3ACnhaCGNsIy19OdlCvqiK', 'dolennachain81@fda.gov', '$2a$04$ej9Qkknmnsy2fug1F/fOEOxfv0JRxLOXlksNDVI2co9a6mnPGiSTK', '48', 'Lakewood Gardens', 'Waipare', 'Al Ḩāḑir', NULL, 'dolennachain81', ''),
(291, 'Erie', 'Haste', '127 635 1432', '$2a$04$.nGZWxPqj8iH8ufzfIQgxOf5C.Y5pFcMYLFndSjH3iAqopO2mgy2K', 'ehaste82@mac.com', '$2a$04$tJaBQADrXVwSY/7CSZHBheEhc9p8th/J6hz0HEgO.IN5blnqD/IF2', '5074', 'Old Shore', 'Mingzhong', 'Qingban', NULL, 'ehaste82', ''),
(292, 'Phoebe', 'Jewkes', '593 256 6969', '$2a$04$NvVisyouS19CNp9JiCYYq.xIKHUBPW0YGsBTXDzhcglSFIXn9wPSa', 'pjewkes83@illinois.edu', '$2a$04$eZSHRvmFkL1HPFJPuNAR1.GpMFf.C97L6xLDGvE42ZA3VL8yMddNK', '6', 'Autumn Leaf', 'Mulyosari', 'Oytal', NULL, 'pjewkes83', ''),
(293, 'Ravid', 'Rowan', '396 480 6511', '$2a$04$Hr55Gt191MAjyLenQ/Ody.gNe0pc0mKuAIUpsJc4BQ8mt7ZgbE1jK', 'rrowan84@ted.com', '$2a$04$JvKbv30akIeveEqWYRbeResFG1RCxXMJUKKs.x6csAlYQZd0y2GWm', '50', 'Manley', 'Khodzhi-Gasan', 'Albufeira', NULL, 'rrowan84', ''),
(294, 'Cross', 'Willes', '645 858 2735', '$2a$04$dyRctu2qPSh0j2uKuvoJPeHIIhkf5DUy.MeMkClnG46IcC4PaDMPW', 'cwilles85@gmpg.org', '$2a$04$0Mdcr0jWx86mSx4/MGqzgeD9Pdw6en0Nmm4Gu.sKzyLkN6FDActsi', '3805', 'Colorado', 'Baishan', 'Linjiang', NULL, 'cwilles85', ''),
(295, 'Saree', 'Timmes', '525 318 6274', '$2a$04$34mPmhUIYjhSQxgs0WZPPeDZ7DtQPI4tsCZoXvmJra.LMe3Ti5Zrm', 'stimmes86@nih.gov', '$2a$04$Fz.q5oXT/P3T6URSXtpsFuhIQPOC7WSBHwQwO.ROuFdHCinnBPcqm', '5242', 'Debs', 'Soutelo', 'Tash-Kumyr', '4990-565', 'stimmes86', ''),
(296, 'Myrtle', 'Medway', '838 471 9810', '$2a$04$t7zFjvKq64GbyHL16ZXcyu7TNKvGarj1SzGqGUM/orO.Sw2/74b0C', 'mmedway87@hud.gov', '$2a$04$tjzkyTdpYG54qwQeoysMeOWFXPHHkY4fJhRH6Y633ESZoFXN1MjEi', '2', 'Jenifer', 'Benisheikh', 'Shicha', NULL, 'mmedway87', ''),
(297, 'Simmonds', 'Egalton', '279 906 4806', '$2a$04$l917J5.U4LQ5.qUUg3Q7kuJdA5UyO6WtcfwzMPMzRGO98vSyI6vjO', 'segalton88@g.co', '$2a$04$YrriJqT2fpsRcLcWmxWhZuKXhzqF4pUAnQ5jjyeSfwgonGWrkCQ.O', '23', 'Washington', 'Xianqiao', 'Haysyn', NULL, 'segalton88', ''),
(298, 'Diarmid', 'Tousy', '211 643 1651', '$2a$04$EtYnX8Gp.iGSB87RRMdLx.XC3nOnPd2GjnzxoEzKjdtrd8gtvErAO', 'dtousy89@youtube.com', '$2a$04$635ve2yguTOSvXYFkeiA5emMST8RU/9ZUf5es/IL/Hx9wrB5WOLeS', '1561', 'Lotheville', 'Leiguan', 'Kota Kinabalu', NULL, 'dtousy89', ''),
(299, 'Benoite', 'Peggram', '251 230 2838', '$2a$04$Jm31VC5ag6b4.qTNuvLNmObnK7uKVTtM3E7Vkc8MoIuR1P5M6Lz/i', 'bpeggram8a@nationalgeographic.com', '$2a$04$diZlYa3P0xHy0JujEpaMbuyyP2dQhi7XmSy0ZWn.WmD472abnBBTe', '007', 'Sommers', 'Condega', 'New-Richmond', NULL, 'bpeggram8a', ''),
(300, 'Etty', 'Taggett', '490 438 9125', '$2a$04$lZLom/7sxKSjJVtCTImMI.q0uqH4MDq/wxWElt9gS4xHycuhSKjRu', 'etaggett8b@biblegateway.com', '$2a$04$3MAKqSna7tRSMQXKBFMNGO4MMRlXwHZROnDlKIYJF28FdgHnv/nxW', '68488', 'Stoughton', 'Tapera', 'Xiabaishi', '99490-000', 'etaggett8b', ''),
(301, 'Dulce', 'Ledner', '489 702 6889', '$2a$04$0YjUL.U.aajEEFlU7Hr8zOicJY6nNaE2Qlq48qmZFhZXs12is0Vfu', 'dledner8c@fda.gov', '$2a$04$zAf96wB25xoujLQ25OnoWuA4vnvLN1OuHNJ0C82xEjQ22nFW.HzDi', '2722', 'Vermont', 'Cauto Cristo', 'Kapan', NULL, 'dledner8c', ''),
(302, 'Ransell', 'Blooman', '477 799 0425', '$2a$04$u4OXuEZyyLMLX9YJDqlZZeO8xALpwsqfpDGWiBBOmB072r4AJ0/x.', 'rblooman8d@latimes.com', '$2a$04$GfeuyHLIIcaGpF8QuvdfDOGpQQ7mXubnoEBdGf65Jq0zazUTAIN2m', '37', 'Dorton', 'Faro', 'Lokavec', '8000-076', 'rblooman8d', ''),
(303, 'Dosi', 'Henker', '902 876 5855', '$2a$04$3LtiACEkeuaVjAFbgOYZiOF3LWVmqizPqRDiVshIlgJZ.YszExF4i', 'dhenker8e@spiegel.de', '$2a$04$kzwbI3XUFPcXPM7P8KzG0eosjxTaf2V5.0i8wCX3ROtEqNVDDbkLa', '5', 'Colorado', 'Dongyuan', 'Matelândia', NULL, 'dhenker8e', ''),
(304, 'Jacinta', 'Wolfarth', '723 548 8126', '$2a$04$ryjDHj5s2Kbat7Qv/Wt6Duu/ZKinZluUln9xHCXUSKwJs0kI4L9QS', 'jwolfarth8f@tumblr.com', '$2a$04$x8JJyTs3P8G4nuGLpedzle1S29DBIVhD5YM8yxUMda4s/a05OMlp2', '136', 'Mccormick', 'Yunyan', 'Palca', NULL, 'jwolfarth8f', ''),
(305, 'Riane', 'Mogey', '529 162 1751', '$2a$04$Q4v2Z8PrgRJDsOEKfL5rQuHywBVxnGz7BUX7INXuKKnLTSw5KDZPS', 'rmogey8g@histats.com', '$2a$04$qgfFuM3Zbtt2buZqiDU7e.hiKtM/nuNQ1MbwSvSN4kGljH0es76eK', '05', 'Anthes', 'Zhuping', 'Zábřeh', NULL, 'rmogey8g', ''),
(306, 'Filia', 'Gentzsch', '590 466 0395', '$2a$04$T8uauhuLfuPOcPVSBRcFFOL2QSjrvqpsL4Hj5nt6Ko.noQlCWhAm6', 'fgentzsch8h@list-manage.com', '$2a$04$vNmV6Mkp7aypSj4W7qjx6uwSVAJ0Qeitwn2msUPuRJUYjDcn.lyFu', '0356', 'Bartelt', 'Taiobeiras', 'Shi’an', '39550-000', 'fgentzsch8h', ''),
(307, 'Adrian', 'Losel', '450 563 1240', '$2a$04$z6/789zhZhe/4FnOpBHT3uOliV84JrDHggDWj.3xXb1cc4yvJ4tR2', 'alosel8i@51.la', '$2a$04$yqQy/aBsfWFweBsdWUDZ1uijtuH/PB6njA6w9G8NJDqX2cjPlUyIe', '4203', 'Cordelia', 'Yanac', 'Hongtang', NULL, 'alosel8i', ''),
(308, 'Dyanna', 'Yearne', '453 875 1698', '$2a$04$y47Kd3bnehT3XMIbNLbdIeFugb1Vcxc3b06H5wwl7y2QLeHvTyXg.', 'dyearne8j@w3.org', '$2a$04$pVk6KA3VtwekVduCzP009eKgJZlP13K1BuUfAzrHbAUaTnMhx99aS', '165', 'Old Shore', 'Andrézieux-Bouthéon', 'Volokonovka', '42164 CEDEX', 'dyearne8j', ''),
(309, 'Row', 'Mc Corley', '157 202 6488', '$2a$04$dEEaWLYp45vkZORerXDAbeSimEJV67rdGXRTp5B8B/OKUnCjDi6SG', 'rmccorley8k@soup.io', '$2a$04$X7PHLHxpxwwbKfQDQI9Yr.BYM6KWpheDfS.2dcGZLRXN7hJfJ9o2m', '6', '3rd', 'Győr', 'Barwałd Górny', '9009', 'rmccorley8k', ''),
(310, 'Loise', 'Curd', '166 878 6242', '$2a$04$WiusAMCEs22Kf.gvA/zclOgGX9lkaAUa/Q4mGVoPsdHTBpGEsLOHK', 'lcurd8l@msn.com', '$2a$04$T1q1t7IGXjHD7nGYo0D2uua1L.MX6M6kC2G5GHQN0ocoonTQVWWe6', '89724', 'Basil', 'Ban Phue', 'Marco de Canaveses', '96130', 'lcurd8l', ''),
(311, 'Nancee', 'Colbourne', '424 297 1189', '$2a$04$j1JUM8YGgvVOYcgz0XQ2X.h7RnPEZMELqdkr5zpu1mcHeR7JfQ8Xa', 'ncolbourne8m@pbs.org', '$2a$04$0IrKQYXroU1h2SDU6tbyCOl15nYTtRCSefXux0peDm1mnWUaCtAQy', '90', 'Vernon', 'Shaxi', 'Al Aḩmadī', NULL, 'ncolbourne8m', ''),
(312, 'Gerti', 'Tosh', '538 316 1437', '$2a$04$EcJSygTSAxHnbC88T/Hku.sCNSY0g2bgDHZY3wsKKobkK5uNnt9LW', 'gtosh8n@va.gov', '$2a$04$g8QQbyFUo8LVNwfxwetH2e1V3tdKpxNydQD7FdaspuKlps1oA7KWe', '84658', 'Corben', 'Passo', 'Galaz', NULL, 'gtosh8n', ''),
(313, 'Vince', 'Vail', '726 260 1762', '$2a$04$XBrSJGN83BeCG./tICweWO5P4API9vsWkk3gKdRkuqDvWMYPtj.dO', 'vvail8o@addthis.com', '$2a$04$QDgVhFvMYuCIhbFBB4QDju2HddXHDX0gbTSmZP2cbStLfz/hbeBWK', '297', 'Monument', 'Tulusmulyo', 'Mingyihe', NULL, 'vvail8o', ''),
(314, 'Albertine', 'Dinsdale', '807 257 3619', '$2a$04$TAvXXaDifeMVErlo5puyWOurt6oMCAwBB4pHxiQNddSA02LfZKjqK', 'adinsdale8p@paginegialle.it', '$2a$04$Ex1FlUOkF0qyGL8YQSlDeOmGWRraDhIIZJq2XxAiYgAp/0aw6BNRS', '67741', 'Blaine', 'São Sebastião do Paraíso', 'Tongzi', '37950-000', 'adinsdale8p', ''),
(315, 'Galvan', 'Kamienski', '176 806 0814', '$2a$04$BAThaBp0Sj9JhMkzI9yaKO2JFNUgFjrXTtXBT7UrQW/.0xF/0ok4.', 'gkamienski8q@usgs.gov', '$2a$04$sEOdaSTDZXnM5lCvZsTd0ugd5hEp8x7j.SKcNj141yWvIwVvaZy3O', '8913', 'Mockingbird', 'Gaozhai', 'Gospić', NULL, 'gkamienski8q', ''),
(316, 'Maggy', 'Thoday', '654 162 8289', '$2a$04$OTPdvZT5FSGEQp.BqAjViuy5uj0dHQIWRuOlZYmH32cXrhY6hkGOS', 'mthoday8r@ft.com', '$2a$04$o0IOTTOc0fqin1tHlBn7meTo8jP2v/b8IAiqi9XZqCa6xaTzTGd1G', '08466', 'Judy', 'Loboniki', 'Bardiyā', NULL, 'mthoday8r', ''),
(317, 'Annette', 'Jenkins', '750 206 8625', '$2a$04$nv4SvxWKwZ1OIqAg4s/ky.jCE2Nbx1AhAGnAJtfXGkIeJa39UqY.a', 'ajenkins8s@auda.org.au', '$2a$04$il4u.uRxpwzDRItEhHEnEOBH6B1SCVB7S1uMUkSfcpxHyFHHYj8sa', '947', 'Linden', 'Lipin Bor', 'Tam Bình', '161250', 'ajenkins8s', ''),
(318, 'Barth', 'Grimstead', '544 257 4558', '$2a$04$whIrEAJj45xqeDnLTeb3DOqv3jqp36ttV8gvHk5lgAtc5Rg09HDOW', 'bgrimstead8t@chron.com', '$2a$04$OtyGfeRfUHYqQR8Y.EV00O.wLXakRBH7uiCVpq8BbYi13ahZEzwLi', '20985', 'Bartillon', 'Muzi', 'Pahing Jalatrang', NULL, 'bgrimstead8t', ''),
(319, 'Fanni', 'Vallentine', '784 731 5737', '$2a$04$DbFOAy4tYvPEQu.NxA.ecuRf9PnIPJYdQyI1wnf90gMPm6xUCpJQK', 'fvallentine8u@craigslist.org', '$2a$04$yAA0.ZU3hBtLpGrPbv3hpOdcjlScR/dkBj8qHoUWGFo6QgV35YjQO', '5422', 'Dapin', 'Xinzhou', 'Ribeirão Pires', NULL, 'fvallentine8u', ''),
(320, 'Lynnea', 'Weston', '475 261 0716', '$2a$04$GTew5oQxt9pGOXR/hWQnQObK6e.EdqQLXEtQwGaT7gn97kdK1BghS', 'lweston8v@cnet.com', '$2a$04$Z9uYN.WU5lgfrzAVIR1zLO0Cbeh9uz7IlSExK8yre1HSUnezeslqi', '0978', 'Memorial', 'La Reforma', 'Pereiras', '94724', 'lweston8v', ''),
(321, 'Werner', 'Warren', '519 504 1915', '$2a$04$PdqqCwUBojgldllxIwscfuai1qRPn2UriqEOEyBv1RRBJDn9DZGBK', 'wwarren8w@pinterest.com', '$2a$04$cHSEH/gqgFEuqhll0hWj/e93tg24mwD055aeth7MdrM0LJ8gwRO6a', '71981', 'Comanche', 'Maogang', 'Seseng', NULL, 'wwarren8w', ''),
(322, 'Liv', 'Carlow', '940 838 8593', '$2a$04$G8Mlzy.OzKR4JRHBpRSPoOrMxAbwpTZX96t5g/UBPtONzFQhaWQIy', 'lcarlow8x@wufoo.com', '$2a$04$CG76ei9RlHhsiNYqGWCvVOgZuTGiG4FBsapW.ksbDToSprQvtu5uu', '039', 'Debra', 'Jiangmen', 'Muldersdriseloop', NULL, 'lcarlow8x', ''),
(323, 'Celia', 'Battany', '457 376 5603', '$2a$04$jX5QReZrjt0JROtekGIe/eL4eKmJkx0RJwGKF6lNf0sio7S4rfuHa', 'cbattany8y@reddit.com', '$2a$04$m/xk2BvsZsO3/iR3QyD7SuYriXpqctYvJbvhxV8H9/iozGw9moys.', '557', 'Rusk', 'Tomioka', 'Shanyang', '999-8524', 'cbattany8y', ''),
(324, 'Alasteir', 'Neem', '468 462 0638', '$2a$04$mk5f7UfmaiWQEXITNhX86.3/2j2A1pRyZBcc5i/MsTSVeQ81bI68W', 'aneem8z@loc.gov', '$2a$04$2lHygjY8hwriCakxuQ5mMOdrxc2qbrZczoBmU8t06O1.IWLPDrToe', '939', 'Stang', 'Fengzhou', 'Grybów', NULL, 'aneem8z', ''),
(325, 'Romeo', 'Skill', '490 604 6986', '$2a$04$s2kr3PwDzYBw1aNeAvE5ROyJ5oVqKkP0ayEB27uhAZsiyyekXNswm', 'rskill90@twitpic.com', '$2a$04$30ctflMelIFhZY.yWmvy7.tx/yns9xBsVl1SkYRQRdoYORuGNrkWq', '68366', 'New Castle', 'Domanín', 'Bernardo de Irigoyen', '593 01', 'rskill90', ''),
(326, 'Putnem', 'Almak', '689 947 0065', '$2a$04$GnMuR4NOqjRZ7XJvuS5hK.JcTo9JQn4pspL7dUV9oZNkwisr4Uqd2', 'palmak91@artisteer.com', '$2a$04$Tre0B6MTqiHpZhCTg8ujiu9mBfct7jGjQNHhQE3NBx5n5b6IF5SLG', '30', 'International', 'Tazhuang', 'Flers', NULL, 'palmak91', ''),
(327, 'Grata', 'Talks', '208 392 0629', '$2a$04$n5rzrHNGs3okHlGpZT0ONOXUtjRjvRMur8TbEbLLyPI/2oP..QOgu', 'gtalks92@theguardian.com', '$2a$04$/CTKqR8wkMlgyXho0BUsOO8zljgKoH0gaMG8UBoT0xpbSmMi7Easi', '96', 'Vera', 'Lokuuy', 'Piet Retief', NULL, 'gtalks92', ''),
(328, 'Ilaire', 'Brunsden', '179 650 9826', '$2a$04$Y47ku7c/gAJQJ0pEioqvKeGSuQisFvbLwfB0a01UQLMHZjVIRRg1u', 'ibrunsden93@unc.edu', '$2a$04$6QJdOdfr2ZnOMvTmYkIqD.UVjbbd8ggq30yZa4eBP11sm0RQmgso6', '29', 'Tennessee', 'Charyshskoye', 'Sidokumpul', '658183', 'ibrunsden93', ''),
(329, 'Lucita', 'Loud', '780 562 8867', '$2a$04$xKJKtEC8xk4wpBWtPqkh5Oh7js6TdC6ljCrxV0peYKCTW8qihzFF2', 'lloud94@discovery.com', '$2a$04$TuXt4rDbyPGGlMubJ.2.luJGcoaYC6kUHjfHNAXx.tRJcxZdlq/0u', '31', 'Maple', 'Krajan Joho', 'Taranovskoye', NULL, 'lloud94', ''),
(330, 'Lyndsie', 'Willoway', '317 161 3089', '$2a$04$sOVmGsq.hxNiN0vNMTLIn.jSbBy4qRd11z8U.4giRXriOCffdiogW', 'lwilloway95@gizmodo.com', '$2a$04$0yHsvJ3TxtZ7C36xuACw6OvhxNqTiWXrDK1nXrqpS.5PbkI6ubP7a', '34', 'Moose', 'Laojie', 'Juigalpa', NULL, 'lwilloway95', ''),
(331, 'Leupold', 'Gunnell', '884 188 0717', '$2a$04$GMjmKJ7lxVATXaPwaP0TH.UKz0o9nubjP8HM/Uh5innwzLbKdZgNG', 'lgunnell96@ow.ly', '$2a$04$blj3Czobr4IeKCPkiFbgmuuG0j.I5J1j4AbFCdbZR2b/WdE1tN7z.', '379', 'Mccormick', 'Qārah', 'Beauharnois', NULL, 'lgunnell96', ''),
(332, 'Clementina', 'Edgworth', '207 518 4738', '$2a$04$ps.iyASnNHtiyrS0AH7fHurW6zGNx6s6rR6xYqukgptLp1UmlAP5W', 'cedgworth97@elpais.com', '$2a$04$Z7H5zt1w5WH3QndjiZdNduvZsQG7k8EYhtJ/WdB.7y5hxswO5xGOq', '29', 'Grasskamp', 'Ostroróg', 'Železný Brod', '02-072', 'cedgworth97', ''),
(333, 'Nert', 'Tomkies', '822 712 4607', '$2a$04$qidcOREMBdKLHNpTA8M42.NqEJkxptObml5wMw6.s6exR9aLhkBeq', 'ntomkies98@amazon.co.uk', '$2a$04$JagYY6hY2S.R.GZeXEeQOOKPJO6BH2WjIqRoV3uJTM83iXU4L0cwq', '6', 'Dakota', 'Wang Noi', 'Älvdalen', '13170', 'ntomkies98', ''),
(334, 'Byrom', 'Baird', '554 978 1611', '$2a$04$63fc9LVU34Fdfj0Pb87WVOi7I5EiQhBUZymJ9jDyrZCvw8dhqRJiq', 'bbaird99@pen.io', '$2a$04$kxOF0pKecA4bTk3/smbkweqFIxSLmEJR1h55SFZA0C/kdSGVRh/s6', '78', 'Dorton', 'Mungkin', 'Cigeulis', NULL, 'bbaird99', ''),
(335, 'Tirrell', 'Burnel', '728 669 3889', '$2a$04$eXcE3ESsUMhciEzAyNHZKOYSXMQhl8a8JZBsgXv1Fc0qKrnqHIyI6', 'tburnel9a@nytimes.com', '$2a$04$//A7.3J9CAIHgvWJ5bQQdO.OSXaP3xGihkQoTJfoEKw2OPn7wLwUu', '8', 'Talisman', 'Vällingby', 'Bakung', '162 66', 'tburnel9a', ''),
(336, 'Jordan', 'Grint', '941 312 0113', '$2a$04$ywCpZbxS9YKx5ZFa6YmiWe5gVsIhJHmjLKV0Rhpt8cIZJY.IHoXk.', 'jgrint9b@liveinternet.ru', '$2a$04$KoouVOwhPGKuEmBGX4XXjukYE5rm8mbqYb87sKbVChilj3xfPpB02', '1', 'Mallard', 'Kondangrege', 'Bagumbayan', NULL, 'jgrint9b', ''),
(337, 'Cyndia', 'Thacker', '119 466 3422', '$2a$04$nKd4dsxCbcMxQcj/wedkxu2rQUevWMwNIU3lGdW.uUZIc5YC6L862', 'cthacker9c@springer.com', '$2a$04$.njOOATILSrPzNKkH7Lslufi5QkkFwOl3eiR5zdxe9Avmc7xioWYS', '223', 'Sachtjen', 'Gangtun', 'Sobreira', NULL, 'cthacker9c', ''),
(338, 'Shirl', 'Harrowell', '767 294 2964', '$2a$04$ZsNIiF9.BFDrCYuZ0xbGEeXUVuM9QJaCso4kyUPGUwkhOL9IRxmCq', 'sharrowell9d@t.co', '$2a$04$jUm3Hn3J.3bzkUS/m0CWqOoWVB.4yj/H67tnK7LDaPqbN76goe4fm', '3806', 'Atwood', 'Sangtian', 'Huwan', NULL, 'sharrowell9d', ''),
(339, 'Deena', 'Fischer', '843 300 5196', '$2a$04$W.IqdglJAhEqf3y2e/LkJOnH2FA5PdTLbhPctuU9kZ5E9jnt5yl06', 'dfischer9e@nationalgeographic.com', '$2a$04$Ijnhn8a9fqtKlr.p0Cem.uIwaJo.9.zpKTirSf2GQ3w3uwKb7cZp.', '7706', 'Park Meadow', 'Novki', 'Varėna', '601340', 'dfischer9e', ''),
(340, 'Adrianna', 'Tythe', '640 678 1201', '$2a$04$1ceiT9RR7k0r4hl7lsRBIuqMAwxS4PSgCTQYyCbegeOvhzGttgr8e', 'atythe9f@google.co.uk', '$2a$04$hijG330hAWfCda8lD60yNO2XqcXyMwZle9PdfRKgEpVU2lQdTAyUW', '87220', 'Leroy', 'Looc', 'Myhiya', '5507', 'atythe9f', ''),
(341, 'Pam', 'Bilovus', '406 492 4468', '$2a$04$UhgGS7KtfuRYIEonibNJ5.IodFLKYcr/VW.MulY.BvAqK9CH5fLpC', 'pbilovus9g@google.cn', '$2a$04$MEkKgXNNg008qbobAKX63.gdh6RwuEpTLcMKRM6UvgZtyd4JoZ3o6', '8711', 'Larry', 'Surin', 'Anuling', '95140', 'pbilovus9g', ''),
(342, 'Delia', 'Bracco', '372 950 9489', '$2a$04$YXaKQ.emDlYg/NAiktGSxeGLR2xIj1kxBu1xz16k7iQCpLOr8iRwy', 'dbracco9h@foxnews.com', '$2a$04$9QnPvmkzhSlTgZTNaqY5hOQ78Yw8E2gUeQQoY/GipZEA6OZwS/vRm', '18', 'Dunning', 'Weda', 'Leigongjian', NULL, 'dbracco9h', ''),
(343, 'Barton', 'McClune', '457 378 6397', '$2a$04$V1zOkPVuUEqCGg46RldmZucrrMG1s7gKq/WodqSrPyLhBmnMj2qQC', 'bmcclune9i@marriott.com', '$2a$04$hf4dTaamqzFLUadxBxwzeui.WaNPhEUzg7rCyrDFAp2mtWvjOlXUS', '0433', 'Kennedy', 'Hele', 'Saidpur', NULL, 'bmcclune9i', ''),
(344, 'Sheena', 'Escott', '373 583 9203', '$2a$04$5WKybntCdLpwi2mBYWdfWeK.J8ZE4n/7GifPz6cx3h8RmAWllX1Ny', 'sescott9j@theguardian.com', '$2a$04$O/a6HbJJIdN6Hv9gwfXvE.2PYUqfajUvWFU3EaKXsKNwZReEilb22', '875', 'Susan', 'Butterworth', 'Pérama', '13800', 'sescott9j', ''),
(345, 'Lin', 'Huntall', '343 644 7787', '$2a$04$Hyyvk9e1jqEh9Ax7l6xnnuJDIBSl80P3U888duhP06DcVg4hppGde', 'lhuntall9k@comcast.net', '$2a$04$A8vspfGFP4DCWtwWLJRdG.tfY87LM/lXOaJpVV84Kb6mnWYvsPhP2', '0360', 'La Follette', 'Żabia Wola', 'Boneng', '96-321', 'lhuntall9k', ''),
(346, 'Halley', 'Rackham', '151 977 8656', '$2a$04$cwTbUQFI4RavF8Degl7mkuJ7cwxehiBhSNFtfkw8WWFFU5f4ByqUu', 'hrackham9l@mozilla.org', '$2a$04$0xCHWY4qhB8FfWBH9Gg0.O0jOGx9WTzyHp/u0UDDuMKDvlQ77e3TS', '11426', 'Walton', 'Vårby', 'Luleå', '143 42', 'hrackham9l', ''),
(347, 'Stesha', 'Callender', '320 123 5414', '$2a$04$n84vw0fz4g.CJO.nbEGhP.sPzJometea4a2oMAHMTHZWJIk9G61vS', 'scallender9m@princeton.edu', '$2a$04$bX7G9HYxHtgnbo9ThdRdrOJeHiC9QqUoKjNh5JkujYTl/WxtOYz4e', '103', 'Milwaukee', 'Ketawang', 'Huji', NULL, 'scallender9m', ''),
(348, 'Dillie', 'Smitherham', '821 579 6457', '$2a$04$EPFdiKLLruQhR.LvnEDTNe8XojbI9KzrQqSx0uDXnB/.FHvnLffUm', 'dsmitherham9n@guardian.co.uk', '$2a$04$4x/0SBQP5z7D6Q0r6DkPs.9Gsy6QJxP65Gs3HgRAa8oxQarbRJQIu', '885', 'Lindbergh', 'El Ocotón', 'Encañada', NULL, 'dsmitherham9n', ''),
(349, 'Mikael', 'Luckham', '251 999 2842', '$2a$04$qtXHMfVJB0qKA/qpmazvoutfBBtAWgGCqFb6obI2cEiDHsdhNw4fS', 'mluckham9o@eventbrite.com', '$2a$04$ML4k027ISvbQn6h4Tyv/Wuc9lHpm02awBbjRMO9j05SIkKUMCGoPO', '07', 'Northridge', 'Jincheng', 'Dodu Dua', NULL, 'mluckham9o', ''),
(350, 'Sigismondo', 'Tench', '954 980 6523', '$2a$04$t5vmUaqXUP94Dqr0qESmZ.K9ePq6.ExUngAZonQ7YSCHhOADQvb/u', 'stench9p@myspace.com', '$2a$04$QFvRvA1sHyq6jEEjfXzu9.8gTacYRH1f7z2mn3LSxYuM3N0.79XWO', '5866', 'Melody', 'Xiangyangpu', 'Hexiangqiao', NULL, 'stench9p', ''),
(351, 'Mariejeanne', 'Darinton', '295 260 0643', '$2a$04$pNtaFzoFF6DTKbYzwai8bOQAQHMe7fVTx2nJn9YyQ9DMhrcqeQYXW', 'mdarinton9q@fda.gov', '$2a$04$fTB5.ZWfwyHn7Tbkl0PdveGEXALLa26/X84RXje6wgbzPEyw71Lye', '0', 'Maywood', 'Valle de Guanape', 'Týn nad Vltavou', NULL, 'mdarinton9q', ''),
(352, 'Walliw', 'Wilshere', '270 909 1272', '$2a$04$8ttW4toKN.8NwEqOlW0BruNvO.ZL3or2p5pClPyGEYWv8bTX.9pkK', 'wwilshere9r@msn.com', '$2a$04$3T35jRWz3tOJFiHum6/YI.UOQPZWOx3VXkJpYNzXEAGd5KhbhR4Lq', '28', 'Express', 'Monte da Chaminé', 'Belfort', '7200-202', 'wwilshere9r', ''),
(353, 'Annabelle', 'De Ambrosis', '103 877 0059', '$2a$04$yLAJcnPbWyZdkmlACaheV.GHbE79nUhb03IJpmLqNKpN/vL/0GiIi', 'adeambrosis9s@wordpress.org', '$2a$04$VXQNvfcDlNKvW1yJH1FKseaoSUtCYkZx2cNFOJgov/4b1Tb24tPyi', '43349', 'Fallview', 'Poshekhon’ye', 'Perrelos', '152850', 'adeambrosis9s', ''),
(354, 'Angeline', 'Bilbie', '343 694 2822', '$2a$04$EqZ7SQ3gWxHTmncZjKN4v.Bn30QzEn182v2kQJOPBpxAWrubjPhDm', 'abilbie9t@examiner.com', '$2a$04$Esng0cOP9NvaUwFny75AEOChDFHsy3SeefpGCGzgImOJL43SLolei', '31857', 'Melvin', 'Ekerö', 'Al Marsá', '178 54', 'abilbie9t', ''),
(355, 'Willey', 'Howels', '301 647 5371', '$2a$04$WwGFCyz.g4LvL9acR4YWlOdoQnNZX0h2McD8PaC1Y9iwKbu14jEhO', 'whowels9u@nytimes.com', '$2a$04$LkoOg98hstnZnF.6FdSaT..dgy5wDz1oUOTMTB5cdJdGjJNsozkNO', '2', 'North', 'Nagai', 'Marília', '986-0303', 'whowels9u', ''),
(356, 'Tam', 'Batterson', '231 327 7403', '$2a$04$ycKzhVT5EwYlF94EWC6zY.ypb9tBVBSxyrS3E1VDe5M6xzRuv3S1G', 'tbatterson9v@live.com', '$2a$04$L.J3zjTcinCUHEQarD3dyuT7gFSFfusZudocETSZkenOoZD9FwM4q', '78', 'Clemons', 'Tebanah', 'Melun', NULL, 'tbatterson9v', ''),
(357, 'Rasla', 'Rattenbury', '541 121 7411', '$2a$04$22tytLWFHOgN3bVP58XPveVqqvaumXd9Wrcwv4pJLEnpUWp4rkzZS', 'rrattenbury9w@sakura.ne.jp', '$2a$04$GerHwMcQqW5KUIlNdhYM1u/ywvUcqAGVXp3T5xzCVGx/HpeiE/hEC', '1692', 'Village', 'Chiang Mai', 'Jinjing', '50000', 'rrattenbury9w', ''),
(358, 'Sheryl', 'Elcocks', '586 381 3892', '$2a$04$VxP6pbMZ7g/tdDpVRcSoz.S1MPYhp05RVsXlByXKOtK40/sFgp9cm', 'selcocks9x@blogger.com', '$2a$04$AjkgwipXWLtqo/JTPX8NiexkXIKdaGZmz55KWYwKhZl6a.V/XxYJa', '1', 'Doe Crossing', 'Shāhdādkot', 'Älvsjö', '70211', 'selcocks9x', ''),
(359, 'Judie', 'Whaymand', '801 724 2674', '$2a$04$ClTqYLF4PbTEulaWFDXVxehsflvpCck3H.R1IVNdVJ.GHPc3zGbIi', 'jwhaymand9y@github.io', '$2a$04$eyPOG1GKtUmERHehhwfUe.PgxqCi7F1obxzbbahi7xd3EULCtEu3m', '3638', 'Holy Cross', 'Kuala Terengganu', 'Lapaz', '20576', 'jwhaymand9y', ''),
(360, 'Rene', 'Rulton', '314 542 2591', '$2a$04$FleR.h2f6fKS/EWQOyciPu/NyCAQqh/rLrhifXiextEL7AyX5CTO.', 'rrulton9z@bigcartel.com', '$2a$04$w86feEaDzTeLiCmUewjLz.D05O0t969i73.sbGWMtLCocwjyyOlY6', '5', 'Sycamore', 'Kowo', 'Horki', NULL, 'rrulton9z', ''),
(361, 'Dael', 'Millions', '477 210 2722', '$2a$04$MQYgGZYKGNMbM5ADXn0AkOEgiK/cwE5sGXTwfibPkqVZoKxSkw3s2', 'dmillionsa0@cmu.edu', '$2a$04$bHq0TFwjZt0jFUZpJGLvzu17PaROF/fS2BQka5ocw0tmDn525/0zq', '673', 'Nevada', 'Ma\'an', 'Padasuka', NULL, 'dmillionsa0', ''),
(362, 'Norry', 'D\'Antonio', '686 709 3798', '$2a$04$ukQFxnFxZo/zr4RLoTvAze05H9LfZeROx9s1PF13wMIlJTZhToRsm', 'ndantonioa1@purevolume.com', '$2a$04$3qtUzgiRSANjj1uUA4QZ2uCeXXr01xNc0OTIwLc0r0D1NEJjNxZ36', '2303', 'Springs', 'Nanshan', 'Cicayur', NULL, 'ndantonioa1', ''),
(363, 'Kathlin', 'McCullen', '633 307 6230', '$2a$04$tJDoeheHMGiQ2uulCdQONOj43xiao2tiLOpvOBmwvSZvSNChh3RQa', 'kmccullena2@sakura.ne.jp', '$2a$04$YUrEUVvD4JVZgICE371QzOev4TYykO0sRKpZgDwbjLZdxCzDFx0ci', '03', 'Melody', 'Širvintos', 'Udachny', '19001', 'kmccullena2', ''),
(364, 'Natty', 'Romke', '887 977 1617', '$2a$04$TNWsQEIYv3zGxpASSKjli.y.l11ZCBoSSLz3xMR46Wh9pvpHU4gxi', 'nromkea3@europa.eu', '$2a$04$N9Ev3uUdcM/kMMwE6UWak.Lrs15fx0FblYVb8.s.HFLhEHzkO6sOm', '41236', 'Veith', 'Pandean', 'Liangdang Chengguanzhen', NULL, 'nromkea3', ''),
(365, 'Emmeline', 'Sellner', '959 721 5115', '$2a$04$9VZoOrvu3wMI345HzyqlvOBd5SmUxwCAoH.1K5G3yhDGC0nHd5W06', 'esellnera4@virginia.edu', '$2a$04$1sQevjnSg.2yEg7OEfxZQeC3j8bT9jDgWGU.ybVHyYk5g/n6oYKFK', '9', 'Maywood', 'Ciburial', 'Mao', NULL, 'esellnera4', ''),
(366, 'Marleah', 'Chaloner', '520 869 0415', '$2a$04$BeFAI8qAeJe1O/HR9uVO3uErpZITKbHKxSdCsSvA1r05AR6JHHkeS', 'mchalonera5@vinaora.com', '$2a$04$1m1atp9yUoIMKmFCsgcEo.jrX6OwOC0GvAb61AwIwZUtk9/ztT31O', '0954', 'La Follette', 'Kristiansand S', 'Suban Jeriji', '4663', 'mchalonera5', ''),
(367, 'Jory', 'Lambertazzi', '981 521 9931', '$2a$04$X720.AJCxoFk/vcYuL5OW.tegr9D1aLwKqZTtwTp9gs0Mp.loDPa6', 'jlambertazzia6@columbia.edu', '$2a$04$.AUkgIMieH15QnEbDxa9guF5VSwGhcGcG/KcyGy54Jb7PCurs7bpm', '6', 'Steensland', 'Yaroslavskaya', 'Gempolan Wetan', '352857', 'jlambertazzia6', ''),
(368, 'Addy', 'Vorley', '792 811 2426', '$2a$04$ZSOsahp9iZvPXO4QL4I8dO596uJ9ZwyGb8cjaGdnksPTKWCk50vtO', 'avorleya7@issuu.com', '$2a$04$zZUl.LiSCHh5PGfxv.2C1Oc6LcEVufh1/xj/rMRHFOmrO0ntMnMa6', '46', 'Redwing', 'Rojas', 'Yanghe', '5246', 'avorleya7', ''),
(369, 'Felicio', 'Jacobsohn', '695 257 8073', '$2a$04$Nnqmqo4hIxBshsNyfot.xupxLiJMQf/MgVS0.fRaTfgdJ0YjvGywK', 'fjacobsohna8@trellian.com', '$2a$04$j/eBqQ5SjNEtwJ92Onh.Je1vlRMHOtbl09SxsKA8aE5WBFpyV7z9.', '97', 'Hallows', 'Cajueiro', 'Bitica', '57770-000', 'fjacobsohna8', ''),
(370, 'Nigel', 'Simmers', '950 605 1840', '$2a$04$3xoiPKBg1OjctDSgcau/uOC4gpJjO1eZEuJ8eHYGmtWkUKdjUkjEy', 'nsimmersa9@fotki.com', '$2a$04$Q7roELqhL3TUqP5zPK00we/uFh5hGmuyL36f5ZpU1otvmSZhVkgH6', '5732', 'Kings', 'Guadalupe', 'Kalisabuk', '38900', 'nsimmersa9', ''),
(371, 'Celia', 'Ellwand', '538 436 2421', '$2a$04$hFHEcpJM/uXQMTGZJxKgY.xokR8oJVUdAEMBpfagDYayiojH80hhC', 'cellwandaa@multiply.com', '$2a$04$q0d/aeT3SRWSF08n3eka1.7V9P1N2zO4hb0dlmVlhozt50u/omhH.', '431', 'Katie', 'Umuquena', 'Gozdowo', NULL, 'cellwandaa', ''),
(372, 'Randie', 'Gosling', '556 843 9688', '$2a$04$IDCRXDAkhK8otfPnzPJj5ur8aK7YwEQpmS9jDtaY3Rr5GaLTya4OO', 'rgoslingab@qq.com', '$2a$04$CsSyCCJSVSZTj2gQIPBPlukvvn2HWRBqwq.A7MoZzq52jLlENrNN6', '649', 'Delaware', 'Szczawno-Zdrój', 'Varniai', '58-310', 'rgoslingab', ''),
(373, 'Juli', 'Kissick', '813 878 4047', '$2a$04$e5k3gHvplMf0a6TKZ06D3OYic0f/ueFMee05TSyU1ULUnfbSZOGJS', 'jkissickac@theatlantic.com', '$2a$04$uAu0vHrzCpo/GHcD1frVaukxtF4bsp3oDOV1n3Yxqtyqm2LS.EyHW', '5', 'Butternut', 'Shënmëri', 'Huanglong', NULL, 'jkissickac', ''),
(374, 'Bellanca', 'Probbings', '806 828 1501', '$2a$04$Db7yk9LmhcTXY2x2AWOVHOP2ZlaGP3MZHCzXSWbAVLGrLMBO..k..', 'bprobbingsad@buzzfeed.com', '$2a$04$YtPdm451NdMwQuJzenH57eUY.5ElV.gsh93yfsGExFbmSI4tGLRWq', '0028', 'Helena', 'Zhubei', 'Buenos Aires', NULL, 'bprobbingsad', ''),
(375, 'Manya', 'Harmour', '283 374 8157', '$2a$04$GoE.Kvx/JfY20DeNrMuEhOgA6jmXBj5I8txsrAzk6oP44eJtsU2XK', 'mharmourae@shutterfly.com', '$2a$04$awPt4RO9COgED1ZbeXaHhOgkEMmaZkiysFdWp2mkQshUDOA3w6U3C', '5910', 'Sachs', 'Tupaciguara', 'Buenos Aires', '38430-000', 'mharmourae', '');
INSERT INTO `User` (`id`, `name`, `surname`, `phone_number`, `apikey`, `email`, `password`, `street_number`, `street_name`, `suburb`, `city`, `zip_code`, `user_type`, `salt`) VALUES
(376, 'Osgood', 'Deex', '707 404 2855', '$2a$04$.qtVLXi8MYEJ7A1cPoaWlObkKyJjjRvindQBgfOuer44j0SR0LT9O', 'odeexaf@phoca.cz', '$2a$04$3EPiRQ1u/9aQDp.QOqamnO.3Q6LkBIVlZpEPtPMY3TDPVo0jOifZi', '4', 'Sunfield', 'Sanjō', 'Yakovlevo', '959-1146', 'odeexaf', ''),
(377, 'Donall', 'Abad', '863 858 4528', '$2a$04$CT/9Yv0z8o/HKpTuenESAeOLmZpawZ/sC2H2ptFkwI19waRPSDJLG', 'dabadag@microsoft.com', '$2a$04$LTRmC2WIDKjnRDVf/9./uevYjIUndX1b8Uu7mibOOZimJ37GOZI7m', '397', 'Rieder', 'Puan Selatan', 'Daqiao', NULL, 'dabadag', ''),
(378, 'Megan', 'Vivians', '556 809 9002', '$2a$04$aBCyOjo8GccUuHo3476St.vnDj7SeYl/b9RcpAT6O231N86Fsog3y', 'mviviansah@gnu.org', '$2a$04$.eHxOpRVRo6i7om03R8YUejhxAHDbL/BhdzPQlN3F005OYxVY4dYy', '157', 'Marquette', 'Vilcún', 'Sembabule', NULL, 'mviviansah', ''),
(379, 'Augustus', 'Belone', '558 461 9633', '$2a$04$I4Crx/OrjEGMdFzNetLPD.HOhOQUEHxnqqkdD5EDF8syfUbYuC.fe', 'abeloneai@printfriendly.com', '$2a$04$bs6exkSwDesUbUvQPKJxeOEwOqoyKoWD5TeivQLSuztAbHNAa3CFq', '895', 'Florence', 'Daliu', 'Santiago', NULL, 'abeloneai', ''),
(380, 'Arlie', 'Sutherington', '861 589 5664', '$2a$04$bBgi0di0EhIEMpSOLAarnOAZfHM.H5YJDPt.XIOcP02MVlHUnYjjW', 'asutheringtonaj@bbc.co.uk', '$2a$04$9Yzf19eio3dLc1F.574o3ey7.5Syh9F8xifFkw7sbC9eWfCUs1Fl.', '60', 'Jenifer', 'Kozyatyn', 'Saint John’s', NULL, 'asutheringtonaj', ''),
(381, 'Aaron', 'McTeggart', '372 870 8016', '$2a$04$diG5aG.i30HN5G35zhZQ0u4alRdnsu.L.b1ZAVRx46uJXxa8rkKOK', 'amcteggartak@usa.gov', '$2a$04$59X50mLIqmpbzEqIXiuWk.pkmq24DPEA5IU.b/p5mb25eiEnUak3.', '4', 'Morning', 'Guojiaba', 'Vicente Guerrero', NULL, 'amcteggartak', ''),
(382, 'Eleanora', 'Amberg', '953 515 7593', '$2a$04$uLaofJFxgi5KRy3FPdgkuukDQ1.ZwMaalDuCVxPJmEWGoUuKbDCO6', 'eambergal@dot.gov', '$2a$04$tPQt32yPZ4JWvWIELn8bROToYk1TOTGej5QjGwGDUvrI6/P.lkCii', '45534', 'Southridge', 'Perpignan', 'Jinrui', '66921 CEDEX', 'eambergal', ''),
(383, 'Diane-marie', 'Lyford', '365 177 4836', '$2a$04$rEtt2C8GtRPYZ75HGMtWh.dPAQH6zdWmpu8loTb7fVue41LkqyY5O', 'dlyfordam@vinaora.com', '$2a$04$iFzJ9r6C0OQcRxiy9qstsOTsBRlCemV.wKlADnZBZNn7.t3MnXgwC', '33778', 'Eggendart', 'Sanlicheng', 'Novokhopërsk', NULL, 'dlyfordam', ''),
(384, 'Wylie', 'Peatt', '905 745 1083', '$2a$04$m33Hz3/X.Stt/CMQss2ppuwxAtGqZ9Zeryn5d.2Ar3bj5T6G668Tm', 'wpeattan@ftc.gov', '$2a$04$Co0zAvTAvAw/RykI2a4UQO0f28cjQJ2dIuf0FZSCqBGcatQ9o0agm', '01', 'Fremont', 'Panikian', 'Xin’an', '4327', 'wpeattan', ''),
(385, 'Virgilio', 'Balden', '149 493 9131', '$2a$04$E4/5FrTOsO8pqR57tkU/6OMuk7czw1bohAIFbuirq85O00M7DKPRq', 'vbaldenao@baidu.com', '$2a$04$Cf00XG8ssTBysCQlTkdUxOLj/24K8KSgZmHyHmJ2Re.h0nmX991DS', '87', '8th', 'Senggapi', 'Foúrnoi', NULL, 'vbaldenao', ''),
(386, 'Jilly', 'Sheber', '730 199 3770', '$2a$04$m4XeLQnKVak4brDzawzkEeGSYs1jQX2YrIGWaVMlKsyV72igYlTgK', 'jsheberap@hao123.com', '$2a$04$rVbKZIrxmJe0SvDKpCWsSeA9nD/TmF3wQ.I0Wux/FMS7ze8iP0My.', '537', 'Farmco', 'Mjölby', 'Cinyasag', '595 52', 'jsheberap', ''),
(387, 'Ulrich', 'Lumsdall', '877 179 6249', '$2a$04$Ls3bP/BfNLN6RVb3c44Kb.yZletr9N5VC0vnnGNRxZV363759ZOpe', 'ulumsdallaq@goodreads.com', '$2a$04$eucoCVx49knN5m5MdiAxTeJDfw88v6rKMmRCtZ00jSLhrghkLAHZW', '06', 'Messerschmidt', 'Talata Mafara', 'Bořitov', NULL, 'ulumsdallaq', ''),
(388, 'Damian', 'Tossell', '178 119 2719', '$2a$04$DByTXQ7n5p.DVTLQc5mVW.vHvfgEYTnlHM3slFu4t241dtsGQY61y', 'dtossellar@alibaba.com', '$2a$04$83ET.m3VH3Ab1xl8Mw/Tcu23/m09ZExfUh082vd75.gSt2ETI64yi', '693', 'Springs', 'Doksy', 'Maumere', '472 01', 'dtossellar', ''),
(389, 'Elbertina', 'Keatley', '163 617 6703', '$2a$04$TD3THLJZXj3/xuGwaF7fae06sJQWHx0FpUxsb4CQ6Q5ecBxTTX18K', 'ekeatleyas@elegantthemes.com', '$2a$04$qZbh6Xefx4cxifXlC92qUOsMtU8v3LzDsQlygyho/20o3jnOF9N1y', '9', 'Mesta', 'Khotsimsk', 'Diez de Octubre', NULL, 'ekeatleyas', ''),
(390, 'Hestia', 'Alentyev', '937 428 7678', '$2a$04$f7oFxs42bXeMtM7cA/ODa.TpUUSt.IngFyI3MDGr4EfiSZGfMzdIC', 'halentyevat@timesonline.co.uk', '$2a$04$9pG.80WomT4Sq6LjC.8Hd.VBMvNxrBxy/vyt64DsAJh8I47ZBuhOS', '6286', 'Lakewood Gardens', 'Luzern', 'Kerasochóri', '6005', 'halentyevat', ''),
(391, 'Prentice', 'Llewellen', '470 715 8311', '$2a$04$2emiUYULr6rEZxiDz7kwOOiKIkW2AXbQfBxlHtjOwqCC9pvxMQrc.', 'pllewellenau@cbslocal.com', '$2a$04$q0BgJ7fRs5HpPsfpKbBoCOz8O5b62aHE7/.ruXUJ8H231rJmS4IXq', '41', 'Grover', 'Margarita', 'Baocun', '133028', 'pllewellenau', ''),
(392, 'Nance', 'Palfrey', '751 289 9516', '$2a$04$g/4IQm.rdYmzqwBtxCkE0eH4spaIvfb9d0XeBUp744amafpAACF/W', 'npalfreyav@cnbc.com', '$2a$04$y2tb0Kj7qrGzqvIqjNRxk.T8jm3mn41wzGzxdv3QOQpVLXL5K8xSW', '5400', 'Ridge Oak', 'Mendes', 'Datian', '26700-000', 'npalfreyav', ''),
(393, 'Karney', 'Geistbeck', '249 934 3860', '$2a$04$zvm/e1fnTSKsgr7N2qoqGebl3UGGo3W.IAymXgpwhxqIEm6/FkBZq', 'kgeistbeckaw@networkadvertising.org', '$2a$04$LVQ0NTo9ieSvOyJCTicHWeb9D6ekla7Jfm0H6XGBIb3m/SCmysOtW', '87', 'Oak Valley', 'Dulian', 'Alfenas', '3110', 'kgeistbeckaw', ''),
(394, 'Dorthy', 'Portman', '116 613 4817', '$2a$04$FwEMeSxs2Qns.Wp6Wg13juSmAZmBnqk2AZY3JLEFKdQfLT4Oy5Ldm', 'dportmanax@umn.edu', '$2a$04$U7679QZDVvGuV89eCspkTex8glIjMQ/Xbpx68.DCH/GhxXDGsU.XW', '306', 'Dexter', 'Bairro Assunção Piedade', 'Messina', '2950-542', 'dportmanax', ''),
(395, 'Dniren', 'Harbage', '602 667 3611', '$2a$04$1n56.Sp0jRZR6q6NTuaWMOcMhqXJjugzvpXO.47KeoR4pf1Fnq9da', 'dharbageay@yelp.com', '$2a$04$loSjLS39QGIJGRTYQsqtzOuV5YPkrXDL2cNvgqFi6oOSmopv3ETd6', '2404', 'Marcy', 'Migues', 'Taishanmiao', NULL, 'dharbageay', ''),
(396, 'Burtie', 'Agglio', '323 151 1884', '$2a$04$l0ovnDrKZDJpyUZa3796v.7/fvKKA/3C7N0Z64GyIYIAY1kJrUd9W', 'bagglioaz@myspace.com', '$2a$04$mYDEYqV/1hTNsfE8KXWukeCwXfwGmldtG/I/Zay/Iir7n2jmvi9ei', '3938', 'Fuller', 'København', 'Sembungan Kidul', '1310', 'bagglioaz', ''),
(397, 'Anson', 'Samper', '591 853 4631', '$2a$04$F6UpHcG/1emXpqvXTePbZuQa1pITgQBfzkR3fCNTDswLccr5HZcwq', 'asamperb0@alexa.com', '$2a$04$r2SgjBWiQRx1JgLv56Tyz.n49X0ndY/UXQ8pXCXS5Sw8cIoKX/TBK', '6202', 'Cody', 'Włoszakowice', 'Sumbergebang', '64-140', 'asamperb0', ''),
(398, 'Hildegarde', 'Rubinovici', '925 473 5202', '$2a$04$p4otyoTw0aVWeJ9eR8g3Oe1k/2MB/Mkw/HDtjpJIX/9SZmOFNKEuC', 'hrubinovicib1@java.com', '$2a$04$gcikT53yLVOEYltp5nyzV.lAdNvzIyF3FmYs.SqImxB/RcboSjtzW', '5294', 'Utah', 'Czerniejewo', 'Belgorod', '62-250', 'hrubinovicib1', ''),
(399, 'Cyrille', 'Hartas', '328 147 7664', '$2a$04$GuiuIbvYO.M2S4rmviuUTuBuNu9f9pujiRx2mctqVhNjNs4vlMbZW', 'chartasb2@mozilla.com', '$2a$04$HsTal1D8OuEG3OcvEfiopeCBzbaWp1IAl1E6CmvQIjf5PXf4YX60W', '814', 'Barnett', 'Si Bun Rueang', 'Tandayag', '39180', 'chartasb2', ''),
(400, 'Arlinda', 'Morrid', '946 171 3876', '$2a$04$O78l2LMJF4byqU4TpzCi7Om6OYaLqPLjCimArnXOeStdkk3XYudSW', 'amorridb3@seattletimes.com', '$2a$04$sqfaXwKJ/sWJpd7LEnMsxeG1lxRWAwNXzrcaKCJnoFBoRfIFXWNlm', '4', 'Walton', 'Shitang', 'General Alvear', NULL, 'amorridb3', ''),
(401, 'Mureil', 'Dicks', '934 584 2674', '$2a$04$wpfNgaLBvrPOZw0HRK0gK.xw6DQop8Aa7lGUKApaTyjWuxyemYTBa', 'mdicksb4@twitpic.com', '$2a$04$6jk1vKhKLFc9k.6rcxPEwuDSUi7FHLyO2uA0y7aLMRrgeR5w9ro9a', '663', 'Sheridan', 'Jembangan', 'Balidian', NULL, 'mdicksb4', ''),
(402, 'Benedict', 'Poyner', '466 888 9159', '$2a$04$MT5PxfV6fNW7extfRY8Fwuisgq71sZLIR5f7/ovx/grTuUgMIZnZS', 'bpoynerb5@bbb.org', '$2a$04$QJCCSLNqWzKCGpK.Xw0Nu./6dQP8tC65yveAw8RcDUg.7rWseEdWS', '42480', 'Ridgeway', 'Göteborg', 'Nizhniy Tagil', '400 70', 'bpoynerb5', ''),
(403, 'Charles', 'Hallowes', '955 166 7268', '$2a$04$qAzIWfwi0bEmFtrSy4YF/.J7wRCCedje6XiFHS7Hksq4xZUeUNhk.', 'challowesb6@harvard.edu', '$2a$04$eIYb0Wntk1Wh4c7g2SCP2OYNASEtRMpk.E6xAUYM9qx0JDUZ/mVDi', '0', '6th', 'Budapest', 'Watangan', '1158', 'challowesb6', ''),
(404, 'Ignaz', 'Shercliff', '582 402 1881', '$2a$04$ACw15TNrRFelYdpDpqzi7u/uVTNePB686xs7bTXkTnk9zANSq0NPu', 'ishercliffb7@theatlantic.com', '$2a$04$aCA86wgc0Qb7y26GSGjMD.Oak84aSwU0KzkBhYSUCmMmtIdfgJY4i', '2676', 'Northport', 'Bologna', 'Las Palmas', '40141', 'ishercliffb7', ''),
(405, 'Deeann', 'Skeat', '813 221 0169', '$2a$04$9HlIwfDbHnovmAdKb4XSqOJb2CUevTyewKZT.gm7.aXJVQWImAKNa', 'dskeatb8@cisco.com', '$2a$04$c4Hl8HfbWvjuXBcxhVElGeNpYvGuwGCMn.U5U6CX.MgIdfVJIKXiK', '900', 'Bellgrove', 'Asbest', 'Belūsovka', '624269', 'dskeatb8', ''),
(406, 'Diego', 'Slocum', '306 306 2181', '$2a$04$BY1maS0S46gxD7Quq6OiLemfl71y8phtpsF5MbqLLWIfy7mJNyuHW', 'dslocumb9@cbc.ca', '$2a$04$Satl.8za.bJUPtOMM2m3PuY4muGQfDvDF9ZnNJiWPe4Ak/7LHPSl6', '480', 'Birchwood', 'Rakitnoye', 'Ikang', '182105', 'dslocumb9', ''),
(407, 'Marnie', 'Farress', '419 849 5004', '$2a$04$eYVosxyEGbuUdlfTLWIt6eVVlbkRNvqCmYblBrwTiDh9U.Dkmbtw.', 'mfarressba@gov.uk', '$2a$04$CzlvZooniGt/qpz8LG.Hnu1UC.IYIqKCOfLg0Hs5ODQChJqvbQz2i', '39168', 'Carpenter', 'Jiaobei', 'Trångsund', NULL, 'mfarressba', ''),
(408, 'Casey', 'Candwell', '307 146 8384', '$2a$04$t1rrQjgVQDuJB4dfCLPmhuz.dhrKJs/z4YMWgZ65gEAJo6L2Sk6ei', 'ccandwellbb@msu.edu', '$2a$04$h9C3S380OgodHLQoBAD.H.6wAHySK4MtdFx9oXVzb3PCdCeL6YxOu', '6', 'Loftsgordon', 'Pustomyty', 'Gryaznovskoye', NULL, 'ccandwellbb', ''),
(409, 'Gareth', 'Bloxland', '391 964 2367', '$2a$04$pmdJt5LfJ6b4VyFdONQ0su1MDCOEdPnccSDcf1sKX4wmK4xtBfo.m', 'gbloxlandbc@upenn.edu', '$2a$04$McKu5aGsqrG7KyWYlta/UO1u3j1l9ft04mTaau5hpzlSotLDLeoDS', '4976', 'Meadow Ridge', 'Sơn Trà', 'Abelheira', NULL, 'gbloxlandbc', ''),
(410, 'Hubert', 'Wermerling', '245 298 4666', '$2a$04$4p8wAgp9ny9mmE0iOrXEc.KeVQvZQj9duUdj9LUkHiJkfFqPG0hy2', 'hwermerlingbd@cnn.com', '$2a$04$BgbcskaJAB6Bn3y70AEvxe/QJVqZawp3/Q.HWh4cOR7HxpY.rGIPm', '0', 'Myrtle', 'Shixi', 'Mūdīyah', NULL, 'hwermerlingbd', ''),
(411, 'Gawain', 'Rosengren', '534 135 1852', '$2a$04$MqaqMQ.u16yRQTqusq7oGuk5KotU55PnkWJZnBvevFdNFPkFy2pbi', 'grosengrenbe@bizjournals.com', '$2a$04$kKZUv1o6Ftc3ROw999XuA..TjkOiH9HbSVav/sVJDvbLbt/vPvlk.', '57', 'Bobwhite', 'Sano', 'Kortesjärvi', '987-2363', 'grosengrenbe', ''),
(412, 'Winnifred', 'Sandever', '536 395 7748', '$2a$04$xGaV/qMKqP9jwUTOuWaSbOxKSG.65g3fNhZn6A7ZcKaMoWx1CgJ/u', 'wsandeverbf@sfgate.com', '$2a$04$54gfzVu8eghX/dCDHZYmGuH9h0p8VItA6OeTNzPkPxnwhiDT4nhCW', '39333', 'Straubel', 'Arkhaía Kórinthos', 'Flushing', NULL, 'wsandeverbf', ''),
(413, 'Chelsy', 'Fishe', '570 617 4130', '$2a$04$4SgNq9GH3sGFlGPxS149AuEG03Uw/SZSQikm/TopBj2P0XSgT/VDO', 'cfishebg@youku.com', '$2a$04$V.ElPD1t67kDbELfs.qn6OlhTZ64tMW.BMuFJ414SekZXyZJb1o1K', '85', 'Briar Crest', 'Kittilä', 'Crasto', '99101', 'cfishebg', ''),
(414, 'Clare', 'Panton', '220 263 4955', '$2a$04$76rdMSX/yfDLQk4jHd9CkefqWGUs5wfHjMUf8Y/coKGRGfgwlx/0m', 'cpantonbh@people.com.cn', '$2a$04$pZ8kw1XqhNnDcQkSpJqHlO.cIkCrnKESqFa9RlVcHsmIVcRwEqVEa', '19803', 'Ridgeview', 'Reutov', 'Horokhiv', '143969', 'cpantonbh', ''),
(415, 'Konstantine', 'Iacovielli', '803 223 5305', '$2a$04$lR47prcn0WIE3i9H6J4Y5OpsKH/LIUPLkQmZaqPfE0Dd6h3nNWQvC', 'kiacoviellibi@google.com.au', '$2a$04$KW.IIO/lnPoZoBOH2JMxQOUI/V.fZSgcChECIu9XZftT/e2Q./Equ', '2', 'David', 'Rivière-du-Loup', 'Khadan Khāk', 'G5R', 'kiacoviellibi', ''),
(416, 'Elizabet', 'Twinterman', '765 740 6262', '$2a$04$MXXZKKvHonGZXZ5hnjEEE.OixBIZdeuEVXmJiQG1PzuQzY63tffNi', 'etwintermanbj@dailymotion.com', '$2a$04$7I/LCOGEwD5Uhg.TX2tAD./asFUY95ySQmJI3.uD5iOgGJda8CsPO', '194', 'Stoughton', 'Tatariv', 'Wanagiri', NULL, 'etwintermanbj', ''),
(417, 'Dodie', 'McCandie', '576 732 1785', '$2a$04$A8QFOyp6P/1NzHO1Hr6VOuzINdLHv5VSBzYa4XK9Dwa2JKmbZryJi', 'dmccandiebk@fema.gov', '$2a$04$dVu9K79gf7pvg4hAf2cBYOYxp9ErACniI4P4EmxYDGHTxE/sWqHu2', '39891', 'Morrow', 'Miaotang', 'Santa Lucía', NULL, 'dmccandiebk', ''),
(418, 'Lorinda', 'Reiach', '807 684 3092', '$2a$04$HwjcyBDGDyqNuW5Z4QaZieJLE7vwxVNMVOIZ8fCnOPgBeNcxq0P5G', 'lreiachbl@microsoft.com', '$2a$04$.4vwt4XrpXuhir6zcz2LouaW92DULnDMa2Uulk4y9OERltRyqBPz2', '152', 'Esker', 'Čelinac', 'Libao', NULL, 'lreiachbl', ''),
(419, 'Eolande', 'Bootherstone', '838 394 8985', '$2a$04$mOhOep91uDGsRxelXx7s.upzQ13ru7pqpFcCLRfUCypybVqilqhmu', 'ebootherstonebm@usda.gov', '$2a$04$.GA4ELvfM/TzLcd5kJKAF.M7zlSn9SONTnEjvHKmemFpSlTD4DMjC', '3524', 'Lake View', 'Dengfang', 'Pondoktelo', NULL, 'ebootherstonebm', ''),
(420, 'Elene', 'Glenister', '307 183 0936', '$2a$04$kYbNr0HeasLz/iqPCwaCluSts47FIvKr6DPn329EAAMMWZ8WtuXVu', 'eglenisterbn@ow.ly', '$2a$04$FhViBGAr9uUMw4ToHRT9i.lg9vBDU2DwYzjbxFvgC0e.co7OB3L4y', '69102', 'Bay', 'Shawan', 'Kamiichi', NULL, 'eglenisterbn', ''),
(421, 'Mitch', 'Sneezem', '344 108 8685', '$2a$04$i/r81QM2jIdxDcvgeJ3oKuYC5rmBie3g62gH6AqEM94x2ujVkkz2y', 'msneezembo@nsw.gov.au', '$2a$04$OZbIWd83hV9VRBtHBsPsxOtFL328YxIGbegpm6AOXvoDC.8Fd9oDC', '93', 'Green', 'Xianshui', 'São Sebastião', NULL, 'msneezembo', ''),
(422, 'Hermione', 'Tour', '190 567 4867', '$2a$04$D3vgaRMePlHhigvCCHoXoeSy6muUK/FHrcY8SZB073ZlQNWs.ULxK', 'htourbp@abc.net.au', '$2a$04$5Fn5Gm.Ga2FKz7Sm2ZLZ9unjnI86jjBI5c49Zgx7qlmmXgspy0SX2', '3398', 'Browning', 'Los Cedrales', 'Karangdawa Barat', NULL, 'htourbp', ''),
(423, 'Bill', 'Shimoni', '178 213 3603', '$2a$04$gmSpuMJUSe1UikUpjBD4i.b.GTge1mYeO1pBqXM8RVSp23D4LLQ3y', 'bshimonibq@newyorker.com', '$2a$04$Hy1/gbrh9pyvizwP1ZFNo.ehO/Zmqo7dCpQ/tzF.pvue6ESTrs3Sq', '80703', 'Swallow', 'Cahuac', 'Udanin', NULL, 'bshimonibq', ''),
(424, 'Haskel', 'Hannaford', '323 617 5999', '$2a$04$0n/XlC0ghInQUwhPumUP7.uCXM2OQJIct3FYoFRBDvenar2LSmkkO', 'hhannafordbr@prlog.org', '$2a$04$NpfF/DcseHol4fnCGhfX9eAAz4FsxtYc6Aki2p8AHcGawSfMzmmKa', '43781', 'Upham', 'Buynaksk', 'Jianqiao', '368222', 'hhannafordbr', ''),
(425, 'Willetta', 'Simon', '761 785 2088', '$2a$04$FWqM3/pkPQEAL6y.OZGNxuAeEYUUH9.brUCc1.zBPOa78mRlC9di2', 'wsimonbs@amazon.de', '$2a$04$q0RnttKkz18oHS1i5YfCsukEYxKCedN7GNp9dJcUlH.MVB2Wecu5G', '9', 'Dwight', 'Puncan', 'Dzięgielów', '9317', 'wsimonbs', ''),
(426, 'Mirna', 'Andress', '702 878 7031', '$2a$04$nTTJCxZPwZQNYWft2ySc0O3FMuulwIoDVea68gFyiu8WXCHAoA3nW', 'mandressbt@apple.com', '$2a$04$DvngZ1JzL9tELwa3RJBS4ONwgiAGpMfEKhS1g.0xGgQdT8Afm/ihG', '5', 'Green', 'Cikijing', 'Hongde', NULL, 'mandressbt', ''),
(427, 'Kathye', 'Heyns', '882 251 0716', '$2a$04$O9KH8LIIKiJeXNn0JS73b.Q9aTdmq9FqVc8Ao1RL528CDe93nas1a', 'kheynsbu@house.gov', '$2a$04$0FTYkU4UoIIyZA9lQlmlsueVLP8XRuw.uZqDLiOb3F.qhAs.4qUc.', '9', 'Forest Dale', 'Masjid', 'Châu Thành', NULL, 'kheynsbu', ''),
(428, 'Waldon', 'Mackiewicz', '368 960 4158', '$2a$04$CWpiI2BC4TXmY9YO32RWW.jdLbwbv2UEp7kLD3OQKh5taYsG.m6OG', 'wmackiewiczbv@walmart.com', '$2a$04$zjAY4.g9.NYm63j4CZ57h.cYdt3yzPS/bOwc6JAj7JeHcBW/4sZY2', '7', 'Coleman', 'Subulussalam', 'Miyako', NULL, 'wmackiewiczbv', ''),
(429, 'Darby', 'Flaverty', '390 517 9892', '$2a$04$XcPxoxHtYqgDAGxnk5N.J.TF8H6/7wGMIMNLIURZIX8h6.A0H.y/O', 'dflavertybw@ft.com', '$2a$04$k.ZVUV4kkbZC9vbWWwdDouHh3O8X0ntUnduTxfuc1CnMfmDjtbIqq', '335', 'Troy', 'Farranacoush', 'Bimbo', 'P81', 'dflavertybw', ''),
(430, 'Joseito', 'Varfolomeev', '535 793 5211', '$2a$04$tYVw3M3Ljhcra26mcf0KcebxOXanjyUGxkAZzDis/lDnLwuOB87ae', 'jvarfolomeevbx@hibu.com', '$2a$04$Xfs7xfm2cT036EuRwTAan.w2p5koypumEq7vDjbpzyl/N7ST7tctO', '31164', 'Thierer', 'Gavrilov-Yam', 'Banjar Asahduren', '152240', 'jvarfolomeevbx', ''),
(431, 'Celine', 'Blaszczak', '147 532 5698', '$2a$04$6JVdLwzk9fTCvmlg6ZVDre/CFvFn8Ntw3nDw1no/Fft94hNOzxQ0y', 'cblaszczakby@vk.com', '$2a$04$BHRjf5jkwNlqa0YAwK7Zsu9VzNEba7rV39N9XUYS4XCr3E66rQrUy', '816', 'Rockefeller', 'Stockholm', 'Granada', '164 83', 'cblaszczakby', ''),
(432, 'Pavlov', 'Wedderburn', '356 194 9070', '$2a$04$TTmfjKU2TLU2D4AS7kCbI.0qxRkR5AcI0y0GvDkmu5lgcI8PUbVCS', 'pwedderburnbz@hatena.ne.jp', '$2a$04$2pC6HHRX.YGsnrTQidKfYeON8JwMKGakThDToO6q6hx3Bei4.KSwu', '4', 'High Crossing', 'Blois', 'Owen Sound', '41942 CEDEX 9', 'pwedderburnbz', ''),
(433, 'Ulysses', 'Dederick', '275 877 1835', '$2a$04$/Q1z3aRTyjc3vLdovfIbCO2nt9CvhB2mYX9PWQcAZQpUeo0xnGd9W', 'udederickc0@unesco.org', '$2a$04$J2BNWCMiUSRJrAMQt4.6q.kdCiqvFS4INbDp8bpsrspW5yvpGThFO', '8', 'Merchant', 'Baisha', 'Xiaoyi', NULL, 'udederickc0', ''),
(434, 'Cybill', 'Kienl', '971 422 5724', '$2a$04$RSCW0dYCw9L3x/njOvOzluESXOKIQb.zW.fIqEUrvLjgkX0H1Rj.K', 'ckienlc1@163.com', '$2a$04$/M.RcDHG.Bc/e8NNioBLDOXHA5kPfDh1i7TzUhXfzuCc7WeDzdOO6', '19', 'Trailsway', 'Waipawa', 'Navotas', '5782', 'ckienlc1', ''),
(435, 'Sheffy', 'Catterell', '604 161 4980', '$2a$04$oDR/g4/hULIHvZsBK6tlmeDrtpKlSHfYpvarr5dNqFbcOMF7S6ziu', 'scatterellc2@slideshare.net', '$2a$04$oVkkYfC7uxExsuYzbM2PU.xbYtOJ1AmJQ/3Kh9wIuAg1yYSxZnoVq', '6', 'Magdeline', 'Shapa', 'Sevilla', NULL, 'scatterellc2', ''),
(436, 'Ozzie', 'Broome', '689 952 9686', '$2a$04$C/9gYjef0xIh1rU5oE98seRw9Yz8MWHfw.M4Gzixr0feVmA4JSING', 'obroomec3@bbc.co.uk', '$2a$04$8cZIWTf.8Im0eqktp3AFyO22cLqEhsGawEfufUHQL9YLlsIVNPw2i', '15', 'Washington', 'Morelos', 'Anderstorp', '78130', 'obroomec3', ''),
(437, 'Lina', 'Chesney', '930 120 1252', '$2a$04$rdBtAMmBSlNB7cMd1DAlv.fxAaFy6zse0AvXSJ/qVO1xZXS7tnfeS', 'lchesneyc4@so-net.ne.jp', '$2a$04$2C1UAHI1nMK8q7ZsJjEID.v4NBuzLvd1nh5910UQIpmLhim2y2ojW', '8849', 'Twin Pines', 'Anqing', 'Libouchec', NULL, 'lchesneyc4', ''),
(438, 'Aharon', 'Hanaby', '931 473 1261', '$2a$04$z3b694I/gGdKPuCpY3GwaONY5em16xjffGU53vT/gh3uyeWoYwKoO', 'ahanabyc5@amazon.co.uk', '$2a$04$4NDsN5MOQqEfPgvs2HSDB.WtQ23oSDqAZBMuHAiHcR7x9c2YG8.u2', '674', 'Westport', 'Shixi', 'Kupahandap', NULL, 'ahanabyc5', ''),
(439, 'Jude', 'Stoak', '779 324 0045', '$2a$04$05g6HbL2eYwSk4AXwC0W3O099bo4mmo4Noe27/tsRHpcLsN.FB8b6', 'jstoakc6@cbslocal.com', '$2a$04$XhcsWxuvpiTYQzNYVR7zQuRdgrYAjAmhaS6F9GoLaO/DMoBX020/y', '03146', 'Vermont', 'Bastia', 'Guimbal', '20292 CEDEX', 'jstoakc6', ''),
(440, 'Leo', 'Lightbourne', '338 239 6222', '$2a$04$5ktdbMX06JwfLjoS/mZ78OTGtigEyYj94GQ/AOAA8Q7gQfC9ZgWXe', 'llightbournec7@constantcontact.com', '$2a$04$t2EF6InjkWT7GeBIE85bUu6U0tSEdyAdfzp8R5P9qY5Z3GKSjvzj2', '92', 'Coolidge', 'Obršani', 'Oslo', '7509', 'llightbournec7', ''),
(441, 'Jessi', 'Grahl', '520 123 9983', '$2a$04$yDKcZIKwlMQevVvimvzub.kGDaEgTp060th3/UWeeUbZNYWqBGTBC', 'jgrahlc8@mayoclinic.com', '$2a$04$CGPfMqbkfzWi0bWfvMx/quzVDNkoqtO1yS4TZZH5qvXPjAxaBX7J2', '2', 'Portage', 'Pleszew', 'Salto', '63-301', 'jgrahlc8', ''),
(442, 'Jeffie', 'O\'Crotty', '495 198 2965', '$2a$04$E6FUOfktI6Z.XmWjkYXMDe5aRt02HE2rfIOQDnjK3cf2bS5HENNjq', 'jocrottyc9@mashable.com', '$2a$04$o8xSmkZBWciGqI74zoa6LuWh/IZzGg0UN/ppd1u9mCA28oQ339ANS', '9', 'Lake View', 'Araruama', 'Tabwakea Village', '28970-000', 'jocrottyc9', ''),
(443, 'Jase', 'Galey', '430 773 9328', '$2a$04$RHJDcMeaCy9cNgIcbK5NZ.1yWWgpqLQ.bSWAS21mnIpiVMajpzOVS', 'jgaleyca@mlb.com', '$2a$04$ChXAo2W8YTsi8GPLOXxrLO8lF4KnN9ARxmurxlt/G4P60Ak5ZwDJC', '80357', 'Shopko', 'Gondang', 'Liuhuang', NULL, 'jgaleyca', ''),
(444, 'Bernard', 'Kareman', '295 748 6748', '$2a$04$/2Kce0GzzPcH39W.9IuoqeZaaoHAxCsos9Ggm3FQgwd3Pb8ZYBgxK', 'bkaremancb@xinhuanet.com', '$2a$04$y8I6REEWSvoyjSJK/jPuTO12Ew/bI.eAXcWjWvetCfahGkcs7XlKm', '155', 'West', 'Ulaan-Uul', 'Gornje Moštre', NULL, 'bkaremancb', ''),
(445, 'Jannelle', 'Goreisr', '381 560 8436', '$2a$04$LrOGLDf6jaLtGfP6rxM13uNFUGeNpU2D7I4MvlvkpCaw51yqR5W6K', 'jgoreisrcc@microsoft.com', '$2a$04$cA2luHj1ynWBaNBp56hvNOPVSNLtkg7Npo1bb6sk79F3wXjC86D1m', '4', 'Laurel', 'Sipocot', 'Fos-sur-Mer', '4408', 'jgoreisrcc', ''),
(446, 'Editha', 'Slyvester', '412 789 5902', '$2a$04$69Q79F3eJ8BaMyGqk4BAZeqF84crUmms5sC.kKWw3X70watbVN4eW', 'eslyvestercd@hc360.com', '$2a$04$ja8/GuGK7Z.U/NpoYjcviOphtdfHCf/bfRXbQuhaVjNfH3ZrB80n2', '11', 'Orin', 'Langkaplancar', 'Batangan', NULL, 'eslyvestercd', ''),
(447, 'Eugenia', 'Tunnick', '168 737 4456', '$2a$04$4/htY47vL0ZYBlPg1eUXjeTALUhAMjfBeq1yRi.smspjScuAyOwnq', 'etunnickce@live.com', '$2a$04$M7R3kRR1q5WAEM7BA0n/0eSdRR2BYl7kesontGps2drZX2DcAGkne', '6', 'Grim', 'Sanjia', 'Sabang', NULL, 'etunnickce', ''),
(448, 'Candra', 'Soan', '619 300 2705', '$2a$04$FKIbCivrNjFVaxhw6DRY/uTLzbTQroLmP.CFf4cUXQ4XIyVIxnBGG', 'csoancf@examiner.com', '$2a$04$KmtWZ0NVE2G0HVGuWpIp7eVdcbvxJ1OpZih80ElV9RR1sMTAsACB.', '7129', 'Cardinal', 'Bartolomé Masó', 'Sapiranga', NULL, 'csoancf', ''),
(449, 'Lindsey', 'De Lascy', '873 546 8230', '$2a$04$ggChZPlr8oGITTzXtZHzAe9wLJ6vREEBrMwvFYzVOTICoWO79nUSW', 'ldelascycg@liveinternet.ru', '$2a$04$fbjq9Xw/swj7rJ4OeO9rtu7ewx0K8ky977B7T04VM63AwlhoU9QjC', '9701', 'Lakewood Gardens', 'Mianay', 'Iwaki', '5805', 'ldelascycg', ''),
(450, 'Amalle', 'Woof', '564 715 1565', '$2a$04$c5p7Y/BnXvas0urQr8cKe.VW.gjxtAp7fUqOI1QpGOsqWP8.8f4nm', 'awoofch@webmd.com', '$2a$04$jRfRoVgU.e2Q0bHw4y2.1uqMvQsvcOwB7xKlw78XguXlGEbgODhlK', '62', 'Gina', 'Carolina', 'Serebryanyye Prudy', '1185', 'awoofch', ''),
(451, 'Moshe', 'Collie', '377 945 4763', '$2a$04$u/PqdEwMcOeHlc7q5dUOY..4MpNSKeYTFZpryxGgIn8Jam71s07k.', 'mcollieci@addtoany.com', '$2a$04$q/NQgToyCo6v90EZLJB4C.ReuFbUMroTIIkaAfLyHyW7.01scWyxO', '82', 'Spaight', 'Gościeradów', 'Vievis', '23-231', 'mcollieci', ''),
(452, 'Merle', 'Norton', '840 299 4554', '$2a$04$qANz2sN8vn7VIHqLUgDtm.hDkEBULWp5Xw5DL0B.ZuAGcDDfCCvee', 'mnortoncj@omniture.com', '$2a$04$r1xMKCJfbcoxF6qE2jm6jupW0eR4slLJjAXpLEkirSfVfr7VTq8MK', '81', 'Colorado', 'Boulogne-sur-Mer', 'Donglu', '62222 CEDEX', 'mnortoncj', ''),
(453, 'Dieter', 'Sulley', '636 203 0543', '$2a$04$yRS99SROvl2skY88rb4DXO4ZzQTKf6vXBsNZQmsWQBdN5P4MPvyJC', 'dsulleyck@1688.com', '$2a$04$g/dax/RrQcOqCOCFXDV3SeGRiflcSm5orF0xDVASusIGWQTyR9Spe', '5', 'Sunbrook', 'Nagpandayan', 'Cláudio', '4332', 'dsulleyck', ''),
(454, 'Ninetta', 'Cawdron', '690 381 7639', '$2a$04$Om1GF8Q1Bz9NtFYj2ImGNOTfOXHPSIGPvvwcUuoTY8ja.iEEWreR6', 'ncawdroncl@rakuten.co.jp', '$2a$04$7udgPCQ6Dw1J7Ck0X/FGIObVTfiRqOf28odZWbHb0AcGrZFy45Fsq', '48', 'Westridge', 'Ciseureuheun', 'Sierpc', NULL, 'ncawdroncl', ''),
(455, 'Vittoria', 'Alonso', '330 255 5411', '$2a$04$G4jMzYuHFE3PtE0a5LBt.eY30fSHpljLMQ5fMKmywCf5APVav0PTe', 'valonsocm@fda.gov', '$2a$04$ZhEQWJYEsel9p0qQgYAKFOCeUBTLNVCXJaMeqOEQKzvz8GT8cry06', '7631', 'Gina', 'Sumurnanjung', 'Zibu', NULL, 'valonsocm', ''),
(456, 'Ennis', 'Caulder', '778 748 5575', '$2a$04$It252ujM5ZhMRm9lpzHwV.15SDZZGEWrSqdzBschXPsQxO4dPvv0q', 'ecauldercn@unblog.fr', '$2a$04$Q8foomWR.Kk8WPmlcOpS7uwjnNsYEERx9YRpolEqUTNM3BcY9Wuhu', '33842', 'Welch', 'Kara Suu', 'Lengor', NULL, 'ecauldercn', ''),
(457, 'Elnora', 'Lancaster', '802 157 7590', '$2a$04$uPVSn2d3YV5JfgjAR0C5j.25iASd4thzR78ea.4Vc3R/ZD8v.5Q9C', 'elancasterco@jugem.jp', '$2a$04$UyHUbjoph8/QyGNBeyk/2uuWfhRPvJxCQuUGtJeXrbjW468bnjXFO', '83', 'Raven', 'Likino-Dulevo', '‘Ayn an Nasr', '142672', 'elancasterco', ''),
(458, 'Bartlett', 'McGunley', '624 436 4266', '$2a$04$DXD5TyxttGzzt3fpxXVdOu31yUw5tbH9cs.mpZyzhULWrmi7JUxHq', 'bmcgunleycp@tinyurl.com', '$2a$04$I9mlwGKIS6kY7KJUW9fFeuqjE3/jg/kDgicuNsNWZoQPfyojqHMhO', '080', 'Eagan', 'Balung Barat', 'Amparita', NULL, 'bmcgunleycp', ''),
(459, 'Cassandre', 'Meric', '690 164 5767', '$2a$04$vtpDn6MaeulyIKCKgRtXReW.jslio493MUZ2tqAsG/09EBkvaMeRa', 'cmericcq@canalblog.com', '$2a$04$wiG4HTU3RFUJpVu5UCzgr.PpJrjAt1./vxYuTJXjyj/2gRUUzCh5.', '60', 'Harper', 'Beringin', 'Cancela', NULL, 'cmericcq', ''),
(460, 'Kelvin', 'Camilleri', '914 542 3303', '$2a$04$jwR8rixns4IIBTakgcE/E.m6LaQZgsb1TmO2ZTE43HFhMr.C9rUFq', 'kcamillericr@live.com', '$2a$04$o02dotCjza7SAKEt/RmvoeDdyiBjQ9z4yhPO/0QF2N8s2steC0CVa', '18', 'Summerview', 'Sandnes', 'Knoxville', '4396', 'kcamillericr', ''),
(461, 'Shelley', 'Bernard', '851 590 3662', '$2a$04$X/Gk9uKi5FPy.CiKKfp09uvPSA.vrlrk.kOCrqFf220sHDHpYsGCe', 'sbernardcs@weibo.com', '$2a$04$E1IEs7uuNYMpt1kpKZbkUu6hU3sxTEIZQwR.ilTX2n966FQKezSa.', '45012', 'Dwight', 'Krasyliv', 'Patitírion', NULL, 'sbernardcs', ''),
(462, 'Kiel', 'McRorie', '207 228 5724', '$2a$04$M/XSourQL2mXZ71MLzQyb.9pVnFY0m10bwFB6jI5PX9OneHtUrSNq', 'kmcroriect@artisteer.com', '$2a$04$Qw5ZiroXOc39jO0/y8XMl.8U8cH2uMNUKZ5kCHs7qUtfafe5DizTa', '634', 'Alpine', 'Qiaotou', 'Bohutín', NULL, 'kmcroriect', ''),
(463, 'Alon', 'Raubheim', '434 419 3639', '$2a$04$zSkPuqbQ8l4J96QjwKfW2uTfVUqX.OX7j46Tp.iJ5BNJujI9dPy.u', 'araubheimcu@seattletimes.com', '$2a$04$Sdb7Y2Ynd0QoqD.A7TT8XOGs/LtxJspQqwJi.GSvqlZo4aErVfDi2', '6', 'Pine View', 'Kasoa', 'Mirpur Khas', NULL, 'araubheimcu', ''),
(464, 'Daisi', 'Kimble', '371 511 9420', '$2a$04$CiwDpQCLraqc.WoQYVGo6eWo0rCS0BXYnEa4YS0gb1zurt8BmDoQ.', 'dkimblecv@infoseek.co.jp', '$2a$04$emGhTeROBnLNcIFQ1Yo1GuD4YnE0OMHU1iS.3tJy2j29xj3gc7dny', '8846', 'Oneill', 'Shums’k', 'Apodi', NULL, 'dkimblecv', ''),
(465, 'Mariya', 'Ridley', '748 925 4249', '$2a$04$/OKdx.Yd4uJO1WZzafcKu.00Ii250ulxW4JkOoytne6GQ3WgdJWVK', 'mridleycw@techcrunch.com', '$2a$04$P6bF/d6E2CFwvwpteSe9R.4g1QWcI6HWV.z67qOUzKwa1ClO4TZ62', '31600', 'Di Loreto', 'Sibanicú', 'Toutosa', NULL, 'mridleycw', ''),
(466, 'Francois', 'Hallgate', '415 936 1432', '$2a$04$byRpBiPe1CZSq9h6tn51Fu6f2xaz7ptIFM.HLtVzqRzJjJ4hy7y8y', 'fhallgatecx@msu.edu', '$2a$04$P4dCQp58/aIpIevaWKFp5.sbav9odpaluaUoOHf0rAhBhqyyIQVPe', '724', 'Manufacturers', 'Dawuhan', 'Barra do Bugres', NULL, 'fhallgatecx', ''),
(467, 'Gordie', 'Aingell', '350 254 3626', '$2a$04$26n60PbMyyf02XCt.32/8OqVqiW4ofy74Fn5vAltp6v1USFvJ3sVW', 'gaingellcy@facebook.com', '$2a$04$x8hzlEuRA4CJA8W5eUT0NO1JZKtdQv..rKhdQar4sn7xL3NxHECMy', '8977', 'Lake View', 'Falun', 'Tiên Lãng', '791 21', 'gaingellcy', ''),
(468, 'Midge', 'Tampin', '201 456 5887', '$2a$04$.MZpvvRy2s1dEp20b3UM0O6NSSBeRrluN5GFJ37BuDU0cZsL2Nq7i', 'mtampincz@yale.edu', '$2a$04$qILz3Xs9.iAs9YGLDpjQAOX7elKVZx3cIeaIGxZxlDlw/3SLXbqdu', '7369', 'Eastwood', 'Maralal', 'Hefu', NULL, 'mtampincz', ''),
(469, 'Rona', 'Gregon', '241 998 7027', '$2a$04$.6PPf0iwXBjVd3s/9B2cleN9ka3pjk/mjLyHeb1NO2laxPfbTvDma', 'rgregond0@blog.com', '$2a$04$Dbj4gpsAs3HFWOTnmb7I2uRp3aG880dkBuUkBI/zHqFg4f8L.2C.m', '06', 'Farmco', 'Eira Nova', 'Semirara', '4625-220', 'rgregond0', ''),
(470, 'Chanda', 'Roxby', '493 222 5752', '$2a$04$WK8SZtGFnriNXaIn.85fve/mZQ0uV7o1WesSoP.UtIgGo3ZPzAVm.', 'croxbyd1@odnoklassniki.ru', '$2a$04$JUPc1CCU8.NM3qZYGWCyP.0r28W3EXAz9SoPKjmh2UiHqAaaIbr6W', '0', 'Kensington', 'Połajewo', 'Além', '64-710', 'croxbyd1', ''),
(471, 'Kira', 'Pedrielli', '352 304 1289', '$2a$04$2m22KSZszUOsWN5IQ1p8k.k.kiiwjFurgU8n007x/QmYkhpCtsp2u', 'kpedriellid2@home.pl', '$2a$04$D5U4mYaHJjRstrGGk9mmO.SOi.AHZTSQj2jfphJaI.vDwR8Z7B/aW', '9369', 'Forster', 'Žrnovnica', 'Frisange', '21251', 'kpedriellid2', ''),
(472, 'Bronson', 'Jozefiak', '391 524 0971', '$2a$04$6cariXyzS8U0YOuJja9sAuYFBedj2JRykw5YQpAWr07AEZdx37Iri', 'bjozefiakd3@msu.edu', '$2a$04$1vvkOvjprjmiSzy1CL3tkOlsh84HhrMfptkJ8N6O7T3WEYidOwUGq', '5132', 'Summer Ridge', 'Ambatondrazaka', 'Talisay', NULL, 'bjozefiakd3', ''),
(473, 'Quintana', 'Shenton', '992 981 7383', '$2a$04$xkrVkd4ZmBofkpPtFqHVyO6sg8LvYiiN0GRx.uhmbanIsS4dVa/JW', 'qshentond4@istockphoto.com', '$2a$04$BV20t/O1CNuOwsxvrsDzE.Vy/OdnHQ8GpwPUbG.sWjr.OjQW/a2MG', '1496', 'Darwin', 'Anjie', 'Banjar Dharmasemedi', NULL, 'qshentond4', ''),
(474, 'Andee', 'Hartly', '750 981 3908', '$2a$04$3KoveicZy1AetDxIceEhGewBQR4BqikgNYdiO56HIo99PpdsQ0ev6', 'ahartlyd5@sun.com', '$2a$04$nDJzAtIS4IjAnUcUnP/9CO0HwY5f.c5OMdEbuCogVaaPqehdiUmB2', '71222', 'Jana', 'Teeli', 'Palca', '668010', 'ahartlyd5', ''),
(475, 'Marcelo', 'Seller', '618 373 3794', '$2a$04$vIcRvUGnHJPS31G2Vy0cWuP1W8lIGZFZQafJGGiMoki5bXjlYm.aC', 'msellerd6@feedburner.com', '$2a$04$8/Bz6FYxGjeYN98k7dYBJOItiGuzR4gi5EelSSP7ChWKN0YyIYeX6', '1031', 'Laurel', 'Wufu', 'Al Bājūr', NULL, 'msellerd6', ''),
(476, 'Trudi', 'Jakel', '774 855 8965', '$2a$04$jMEXvrSTw38P2PRMTMPOpuxSyfFD1wPMNwaIc0/QZs6QF.Br/289a', 'tjakeld7@nsw.gov.au', '$2a$04$XCDD7ICR/K476Onx8TV0Xuft2TjodmCUrY.Udlqw9.XsyJRwv8D.e', '3310', 'Roth', 'Xiachengzi', 'Yekaterinovka', NULL, 'tjakeld7', ''),
(477, 'Baxter', 'Esseby', '460 464 7218', '$2a$04$/09OWKmvUZ1IhDUwfuC//.zca9U0KFXRkqVwPw35JmavQqagvTMEa', 'bessebyd8@networkadvertising.org', '$2a$04$ANVVce1uWc4WwgrSHJYNkeAjU1gY8LITXkSIAVuVVKuhqzHorj9WK', '556', 'Oxford', 'Hengdong Chengguanzhen', 'Pekuwon', NULL, 'bessebyd8', ''),
(478, 'Gerald', 'Roseborough', '142 125 4129', '$2a$04$A42WATAbVHrda2T4ElYk.etPJlX6w0GDUohvLP94.4N.y2Gtp5m32', 'groseboroughd9@ed.gov', '$2a$04$elEKS5PHUXNh06OIky0K5u5Mm/dj0lx5NS5Vr9eWoSV9Z5OuYlNhO', '33832', 'Esch', 'La Molina', 'Daja', NULL, 'groseboroughd9', ''),
(479, 'Gideon', 'Castanho', '167 961 0607', '$2a$04$/QB6aVzNjvhad04u9QA0hursfMk0MAmM87BSvg6B4mnTufvzBeVmy', 'gcastanhoda@twitter.com', '$2a$04$j1T3A.MKN0JA8OKzZ.aDn.orqVNz1w1ypjoPVOUc0cfOC5sKVkvAy', '87', 'East', 'Banjar Jambe Baleran', 'Bordeaux', NULL, 'gcastanhoda', ''),
(480, 'Elliott', 'Micklewicz', '324 867 3157', '$2a$04$mLuiuSWgFLn2Ru.a/71bOuImgJ0ddrca23TcuIy3yfEekPqPQyzD6', 'emicklewiczdb@gov.uk', '$2a$04$CTLiBmPwAXTtWXOr5qWTe.ShLF4If9n4pr3/K3X1Qokx/330n2DAW', '4', 'Quincy', 'Baní', 'Magallon Cadre', '10505', 'emicklewiczdb', ''),
(481, 'Corenda', 'McGovern', '943 343 8605', '$2a$04$cdhszwZDA4eNS0cwsQutgOqPlLz5gGHWpA7CfLXbR1b/aEEE/hAe.', 'cmcgoverndc@delicious.com', '$2a$04$fDzkF7pUb1SJG4GqvjPEiuf8.ojhwYWyVyUXSTg24p1g.EfVB4VLi', '715', 'Carey', 'Gotse Delchev', 'Sumberbakti', '2971', 'cmcgoverndc', ''),
(482, 'Pauletta', 'Binning', '302 221 2236', '$2a$04$ZfUptL2.s/KK8oBxaPiQ5.Pa9F12RSP.zW2.GFsBbJvunlAG0bidC', 'pbinningdd@dailymotion.com', '$2a$04$v6wsThxELVXyUJ1RGdND/ue778mU3/qAHKjMrp8aFFNjTDbq0ZdhS', '69', 'Quincy', 'Créteil', 'Saint-Louis', '94952 CEDEX 9', 'pbinningdd', ''),
(483, 'Moyra', 'Mucci', '668 662 9802', '$2a$04$zUeuA3ztK3KB2IJC.k1uwO1631mwYRYSVYPFY0.9UAdRd8EOVPu3W', 'mmuccide@webmd.com', '$2a$04$.J8P6uSx0D.iuySUgg4Yv.bw.Oi.jhf3vW8ro.77qrdRFtxC3Bm6u', '36', 'Bobwhite', 'Tagkawayan Sabang', '‘Arad', '4321', 'mmuccide', ''),
(484, 'Dasha', 'Walbrun', '744 667 5701', '$2a$04$CP62nfd39LoRcccJM/Tlyuc0/4wFFXdcCvm/kmx42XVAE9tuIC/Ze', 'dwalbrundf@wiley.com', '$2a$04$7BOS.PWOroAtrJuVajm6eOBZbp2g5MsbN7qY9GSePN4wJK/1slbXK', '547', 'Jackson', 'Dan Makham Tia', 'Shimodate', '71260', 'dwalbrundf', ''),
(485, 'Hanni', 'Coulston', '631 142 2118', '$2a$04$qH3.S1ZkQlOtaaJi/WIQKOvdfbMSnb6DNk4ln7jd36q1T6tyUfmpa', 'hcoulstondg@cocolog-nifty.com', '$2a$04$5oxtmDOVKAbUTOe0Z3/xnOSBrRmwDEzbh3cqtzji5nDohvrrQxeHq', '3549', 'Sauthoff', 'Jimo', 'Yanyang', NULL, 'hcoulstondg', ''),
(486, 'Mitchel', 'Rolin', '984 602 7347', '$2a$04$nfgP04HcJYa/08NeZzjXQeAwIwc8Fm7Z7JMIwP9FTO7gdu5aNh6be', 'mrolindh@ifeng.com', '$2a$04$rr1PYAZccuJgXrTZdfAZ7ezVhsftFK2ZvlmMqlgAaqGnhZUX6017W', '5', 'Luster', 'Ciasna', 'Zhangjiafan', '42-793', 'mrolindh', ''),
(487, 'Drucie', 'Ecles', '323 940 4891', '$2a$04$wmbVzVQr/8RrFnm0oo0s1OWj.BcIzbjMTyetYI084iHedGF96wD4O', 'declesdi@rakuten.co.jp', '$2a$04$azx.d2hOK4buVwkWHFONzu3hUC.2eYc/rNdt65vlPrSBTFmpsDA4O', '9', 'Bonner', 'Hāgere Selam', 'Mlimba', NULL, 'declesdi', ''),
(488, 'Juieta', 'Magrane', '354 419 2287', '$2a$04$bq34LDhxAsx/jD7xf/HiJempqmd8qQ3azdEJMQU/p.j7ArGx8MZzC', 'jmagranedj@google.co.jp', '$2a$04$npRUIjVyvgw1eYxzskWCzOUN5SmXNLK4QhhJEZXOBf4Ff8CiKAa4i', '106', 'Debra', 'Fusheng', 'Heitan', NULL, 'jmagranedj', ''),
(489, 'Herbert', 'Ions', '771 301 2022', '$2a$04$q1f6f1HX7MwLyzRabbYOBe7cRlGdA0fJxXwA9qdR4CgUGxvqzUx2q', 'hionsdk@prlog.org', '$2a$04$GqtXcgFHLzuEWf1nBT0Jm.BOlnxNk9o6FVB/JgWFGeE4YCSJEB3bG', '54761', '8th', 'Beslan', 'Prislonica', '363303', 'hionsdk', ''),
(490, 'Emilie', 'Hillitt', '150 281 2547', '$2a$04$3lwe2ObQRByhJxh/.q3C4Oh3F0l.YucSK6FyWPooUl.OmdA6anwM.', 'ehillittdl@who.int', '$2a$04$q9D2C4pbAS3O8Vt45TjqBOYiHEbWrmd8mas1BkuZCaooP4qKOTazC', '57', 'Moulton', 'Kuala Tuha', 'Cibeureum', NULL, 'ehillittdl', ''),
(491, 'Cariotta', 'Carabet', '989 703 6714', '$2a$04$LVT0oZT58VlH1Th2GntwG.evcHZbqTEXnm7UIqsrI0JuLPieuaJy6', 'ccarabetdm@chicagotribune.com', '$2a$04$EDSHm4nl9NMRLCQ3REKLNO3f7F3HR.t0LQoQHLoqBxVvEcwPOlKy2', '059', 'Elgar', 'Uherce Mineralne', 'Mzuzu', '85-156', 'ccarabetdm', ''),
(492, 'Nike', 'Rhodef', '121 257 6315', '$2a$04$jQuAVsXoalfyXhNwOR2AtOFPPZc7Y0qIbNvpUzaS/q3Nk1jCOAxYy', 'nrhodefdn@google.ru', '$2a$04$VET.PBI8quwUzYbZVPeJguAzIEPupebETGHDwrdiRZt4/.Rh4cJcK', '9', 'Claremont', 'Voskop', 'Gachalá', NULL, 'nrhodefdn', ''),
(493, 'Glyn', 'Padgham', '643 455 6503', '$2a$04$LlTGkJXODgLUNME1ecjhd.yp8pYjlrWpTzd46in7axlROiUPvzhWy', 'gpadghamdo@youtu.be', '$2a$04$U7o3h.ozOFVWfoXh7IJGhuAbwILhNgAr5ft4.VzWQm7xLmH19tRjK', '2631', 'Jackson', 'Doro Oo', 'Sampaloc', NULL, 'gpadghamdo', ''),
(494, 'Trenna', 'Hucke', '750 594 5275', '$2a$04$cpmHpwFZrNgd1be.2Fqzc.3sSbOx4EdT1YgdNTk54PA6vkjF24oRG', 'thuckedp@wunderground.com', '$2a$04$rlUu3OmIJNOFS7LlZeLGnO9Uz4gGQgES01ogxWMlhkDboTcHuE3rq', '0593', 'Armistice', 'Portela', 'Ćićevac', '4970-585', 'thuckedp', ''),
(495, 'Alic', 'Carillo', '487 108 5550', '$2a$04$SsEADRbXcf07bYkFHq944uqnk1fuDD3fK7XLmVRY8Y.QlzCq8fwOG', 'acarillodq@home.pl', '$2a$04$xv26fCnsCZLhYjCZRMx2suLySPXWiD4UTTJQEjoLXQ3lGa9wz9QDC', '5', 'Welch', 'Haozhai', 'Lukovo', NULL, 'acarillodq', ''),
(496, 'Sylvester', 'Wilder', '190 139 6520', '$2a$04$H6rseFwF8fIXTKQyqqADCup5wmNsIvD6syq1C9KoU.Gm4CNr9JyO6', 'swilderdr@hostgator.com', '$2a$04$3kYBqUkCjOBwcDMwrfRAf.hG9N.QWnGWhkEAEmis8J/41pwVWYJnq', '9832', 'Carberry', 'Tsimlyansk', 'Kalmar', '347320', 'swilderdr', ''),
(497, 'Adrien', 'Soutar', '861 865 6761', '$2a$04$y.sCgY6besQgrAPw5x/ZtezYcXQvJyCB.5BBhlRaEoXU4CoyRYpV.', 'asoutards@i2i.jp', '$2a$04$z56D6CtErQ7a33w2oi68xeYtQPurTjv64VNvf4T0sS.9M8yP/2C1K', '37249', 'Artisan', 'Redinha', 'Xiaomei', '3105-325', 'asoutards', ''),
(498, 'Tracie', 'Barribal', '954 260 4310', '$2a$04$HnmF9Qz2.QKF7GWtSTFaI.GadXULOhIM0FfTgFxvlf6TXINEZu2F.', 'tbarribaldt@walmart.com', '$2a$04$kNfI0ANaPhYzZlZK6nsuAeezpkULixDWcl3a0e81KZKOZcFdXbuSS', '0', 'Ryan', 'Motala', 'Roermond', '591 46', 'tbarribaldt', ''),
(499, 'Phillida', 'Laverty', '546 943 9753', '$2a$04$pZjGKhpGHpq84yMJarQ88.tFjoRKKE2IKqfZtumsl..WzJTAf/lXS', 'plavertydu@ted.com', '$2a$04$dsYEahgy6.6aphg3KUC4lOuCRv9jXwf1F.zlLovQZkcdxWidZlIe2', '6102', '7th', 'Malgobek', 'Khirdalan', '386340', 'plavertydu', ''),
(500, 'Adan', 'Pordall', '807 157 6031', '$2a$04$EMEmwjEcwIlxuHIxf6CdTuEPWNAeBtyH6.JIZUkmNM7qUozvh2WPm', 'apordalldv@wired.com', '$2a$04$f1tqwcvLJ4UKaj1wxPjRbuTgKuOHxLpWy5ZpZcPuYzi6wkcxpItLq', '5', 'Jana', 'Prey Veng', 'Reston', NULL, 'apordalldv', ''),
(501, 'Adolph', 'Reame', '345 937 0995', '$2a$04$NjBqaKkGeEvA2CDl81I3k.9EIF0DCtBGGZhdaiWmCs/pzpmM6N6sy', 'areamedw@nyu.edu', '$2a$04$e7fpD3BvMeWh6Pr50fVQRefXgI7j6fPhfwV2O/hqRPPYWs9Ab29Fm', '10238', 'Hauk', 'Asaka', 'Ha’erlong', '963-0107', 'areamedw', ''),
(502, 'Billye', 'Shrieve', '745 584 8199', '$2a$04$bdZ8VyZkjn9OWAd5BCKfEOfbGB/V9h0Baawf2Arb6PEPpmNAQT57q', 'bshrievedx@hao123.com', '$2a$04$MDhFdvRZGQCJWrLsifmR1.JFXagIvjEd2Dh7GcTgOFD3lsxq12FMS', '35', 'Jana', 'Novoselec', 'Bhairāhawā', '10315', 'bshrievedx', ''),
(503, 'Saw', 'Padkin', '581 490 7321', '$2a$04$ToWUr9a97CWKI0cGYInLXeLLzNgd6c8HsQsnCziKL35sIJDE7fu2W', 'spadkindy@shop-pro.jp', '$2a$04$qIFZDPAEP4u0bduOr3LHkeP3alsxGAl8qA8eGZkNJ7kz.WCb2xAWi', '303', 'Bay', 'Naberera', 'Shalizhai', NULL, 'spadkindy', ''),
(504, 'Orren', 'Gotliffe', '448 143 9209', '$2a$04$m6tqtc0IPFVBT/ZYl/5c.uz4fc4H3YRLHLdJgb6po3Cd91NcftG.2', 'ogotliffedz@loc.gov', '$2a$04$5UTc2dQ/cRkKQ.l7CT59kuMLllF81VVRcLfW7vQ8ChqfSBrQZCep2', '71', 'Buhler', 'Penha', 'A Yun Pa', '88385-000', 'ogotliffedz', ''),
(505, 'Zea', 'Tarry', '802 127 3648', '$2a$04$v0EYbpMeyNhyE80onwuMwu2iqKJSGDBE30RoS3XpH2aqW66WfAqCe', 'ztarrye0@accuweather.com', '$2a$04$171IMdH1AhxDW9IQexbqje3uzpQxzRcQVTFKQ2ZoCnG/FvMxPQZBW', '7', 'Mockingbird', 'Mehtar Lām', 'Tumcon Ilawod', NULL, 'ztarrye0', ''),
(506, 'Tulley', 'Noad', '570 136 0089', '$2a$04$9ZwOhAVriZ5HICMlgeEe5eQ8Hm4d2PHqb2sZZY5sISEmBj23jTZJ.', 'tnoade1@sbwire.com', '$2a$04$QsetLkHgTooyy6bEZDd6lOB5ZB7GDg0DEWl6JRQYV0GPFy8Ru1vee', '76475', 'Waywood', 'Jiru', 'Santa Bárbara de Padrões', NULL, 'tnoade1', ''),
(507, 'Nessy', 'Pym', '620 264 1769', '$2a$04$HOqlJfNXLXFnxaydSScIW.ArG/SWkrMNq3q6WXSrYCKtZsijzh3VC', 'npyme2@lycos.com', '$2a$04$AI3g2CCwbDSWFRC3NMZ18u1IMRty9uHPXOmN2IsMZIJYR7Y2DYJ62', '3037', 'Hansons', 'Meia Via', 'Lazdijai', '2350-629', 'npyme2', ''),
(508, 'Patrick', 'Bathow', '321 759 4412', '$2a$04$N1b8O.CC6vngUWDJoWRYBuDN0cmP0LKzttDY44X59ZFYzO/Oyh1v2', 'pbathowe3@google.co.uk', '$2a$04$Zm0ijrMclLc92a8KT8JVQOZjCrTRiSKajzn50qkP63vieSVKpcYe.', '9343', 'Aberg', 'Kolsko', 'Příbor', '67-415', 'pbathowe3', ''),
(509, 'Kacy', 'Whitta', '790 155 8485', '$2a$04$b0r5Q4KZTougDhoPwCwPX.cw1KupH2ehnsqtep0uCUPy87XeolKt.', 'kwhittae4@mediafire.com', '$2a$04$tRlP/2GDw3PsdpNFExthDuPGNmQAyfFjajlnCdZnI6ATkwt8Kmf5u', '991', 'Ruskin', 'Anzhero-Sudzhensk', 'Grabów', '652479', 'kwhittae4', ''),
(510, 'Wittie', 'Darlow', '745 495 7129', '$2a$04$REKyQURE2wE8T6AchW6qu.sfQqGhqhjB9qsVcHOOi4a1CSMKCA4eO', 'wdarlowe5@unicef.org', '$2a$04$gaQyTqnEDyYn8WcPSjQWG.eYM4mk2yF8Q7hIozLlxedJA0deJ65hO', '53', 'Carberry', 'Dzoraghbyur', 'Opatowiec', NULL, 'wdarlowe5', ''),
(511, 'Emmy', 'Loughan', '144 981 3631', '$2a$04$tjoJaJPDEAfILC5pXOc2b.kwtsnk16QHh/3A2oB9o1/Qve2JVAFIq', 'eloughane6@wp.com', '$2a$04$EmvLMn9d4XkAtCz2WCMNnuGP3kNY3dkPQ4c/TwmcPbJw346g0dviC', '9', 'Lighthouse Bay', 'Gwandu', 'Volosovo', NULL, 'eloughane6', ''),
(512, 'Agnella', 'Sanzio', '358 803 3261', '$2a$04$0QK3RlcY9tVHE2Bq1soRzupvHROFEIpNKlgASMwBXAnFaanYT.M9W', 'asanzioe7@nba.com', '$2a$04$GbbXQPmDiYQwMenF.cE5/estTmbOwC/E6DFBB.EoyFSh4FA6MwsDK', '180', 'Arkansas', 'Abejorral', 'Wedoro', '055038', 'asanzioe7', ''),
(513, 'Enrica', 'Human', '154 228 0579', '$2a$04$VU7kQz1MomMknRPZchsZtOoZ5LdUr5ZvU29au7Eaf6tELMcJSbstC', 'ehumane8@sbwire.com', '$2a$04$SEK3lROjUzfYT7yGQegDBeGRz2Y8XuxlOfEKGceyhNKbFarWeas4a', '20213', 'Atwood', 'Wangjiang', 'Tišina', NULL, 'ehumane8', ''),
(514, 'Teriann', 'Burfield', '462 172 2861', '$2a$04$NicNQhKiLWq24KtpkIqhnudi0uRXfGPpnpXny765kZd2GXLT7/13e', 'tburfielde9@hud.gov', '$2a$04$qy8dDIdM8v6HIasbu77Spe3QKCyRSd3KYY93HWHxEAJZb379xim6.', '2', 'Armistice', 'Qinghua', 'Sambilawang', NULL, 'tburfielde9', ''),
(515, 'Aimee', 'Yeskin', '366 690 6111', '$2a$04$t4K6tHiYTWl5lik2Etm5PuQ9EtCoteCNyvu3scZRJzb.Jus6NW2jC', 'ayeskinea@cdbaby.com', '$2a$04$aJB8HuJkbwO5DeQ4.LIIe.OUeDi07Hd2fi7Cf4ZLFZ.iid9HKMKAG', '9147', 'Sachtjen', 'Pategi', 'Trondheim', NULL, 'ayeskinea', ''),
(516, 'Harrie', 'Dell\'Abbate', '274 380 5165', '$2a$04$.TrJodCKLuNIlcPzw1/kqenf3oABC.ePvus7mAHyeq6LFQ5N1UfPu', 'hdellabbateeb@yahoo.com', '$2a$04$vocEWjmv3E612aMl61Ib8umb4.U/K9gxPqzmCNmB6jkgsFWCABf3q', '41', 'Hudson', 'Wangwu', 'Fanrong', NULL, 'hdellabbateeb', ''),
(517, 'Wallie', 'Morfett', '613 165 3000', '$2a$04$i2ddYIirxFlOPExA.jIYOOHBIPBsGGbvsFZ9e1Zlif80Y4M36wL2W', 'wmorfettec@people.com.cn', '$2a$04$eypOs1EJjszmu8q.fsGhZubDIGBal2amios.FRHFNRsl7XvVLm/Te', '3449', 'Carberry', 'Ji’ergele Teguoleng', 'Giado', NULL, 'wmorfettec', ''),
(518, 'Isidor', 'Furnival', '560 304 0117', '$2a$04$umayyx23vIvO1PdNpnmA9OI4.Kop3Fxsf/KraxjweNTiE5/rM9o/6', 'ifurnivaled@furl.net', '$2a$04$lmIaZaMOKf6olIijuAXJ0.0Pt.Ag3aEBco1vIhtFjwnE/e0ZyR7dS', '00694', 'Melvin', 'Curanilahue', 'Debesy', NULL, 'ifurnivaled', ''),
(519, 'Norry', 'Petticrow', '943 530 4045', '$2a$04$G1mcOyXXGHluhzaR83XRFOGx0wXKU3qlZzyawc9ZM/Y2RiUaayTii', 'npetticrowee@msu.edu', '$2a$04$uwZRM.oOf88GQ7DHmgoFpOXIOpvETY4k6rfI9YwvWfm67Vfs61tk2', '6889', 'Maple', 'Sueyoshichō-ninokata', 'Kafachan', '899-8607', 'npetticrowee', ''),
(520, 'Mercie', 'Jeandet', '697 325 5315', '$2a$04$CxanofU7Z99wWSrOhTe8WeWQU4kxYjUCwAJ4NKRJffjni5V1TW8n.', 'mjeandetef@chicagotribune.com', '$2a$04$wSlBDxyBkwuR8UPcU12wrOlRVD2C892Pw3JAkrbvZPB9Kau9QVbBm', '43', 'Melody', 'Netolice', 'Agassiz', '507 43', 'mjeandetef', ''),
(521, 'Sarine', 'Pell', '699 615 6716', '$2a$04$9/lCNAjU9aihGjwXvEcqzeQh65VBy8ANTu/1I/mwfiLYxlXQLTs5G', 'spelleg@imdb.com', '$2a$04$8JhrjMkNvybrw8w/2A1Aq.Onn/5JlhYejymB5CBn7B4pFSiKtRZlW', '880', 'Red Cloud', 'Sabana Grande de Palenque', 'Sheffield', '11704', 'spelleg', ''),
(522, 'Caldwell', 'Laible', '162 745 0662', '$2a$04$PvGwTiR.jULPl8S42kCUfuaqrVCZXO6BKJrbjtUtADGpW.32EGf/u', 'claibleeh@free.fr', '$2a$04$BeE8mjeUOVrmHDgVS6QkWu8.6r6S1qa5f36BQxcAzhnuCGTeAuRO.', '450', 'Carberry', 'Jiuchenggong', 'Huansheng', NULL, 'claibleeh', ''),
(523, 'Rolando', 'Buttner', '638 308 6154', '$2a$04$YwMm.Hu6o2.4wcOFQQir3eQoVmsS7ioe0ihcrCxRrlkhTKm4jT70i', 'rbuttnerei@people.com.cn', '$2a$04$WjiDpg4igLz07gSypCOXCuXTHMr6FLaLGMMN5VhEA3IXb6Ieu6chC', '15044', 'Graedel', 'Ampasimanolotra', 'Pan de Azúcar', NULL, 'rbuttnerei', ''),
(524, 'Brnaby', 'Vuitte', '824 680 3473', '$2a$04$V7mVWUzl7Nbjw9PrPV7kC.DZfUtHvbQIXCYb9.4nq5WUTkgJEiRZC', 'bvuitteej@123-reg.co.uk', '$2a$04$EOBIv0uU9iavfY9uhEKbquMpvpmgVDNdkt2jBydD3hvnSezEXgia6', '07', 'Sunnyside', 'Thulamahashi', 'Tupaciguara', '8655', 'bvuitteej', ''),
(525, 'Glynnis', 'Streader', '508 672 2745', '$2a$04$5VW.srEZjrH/Sob5.HKA8ez7oDQFtTcZZ/.sIgCofLlySzSR6rK/.', 'gstreaderek@rakuten.co.jp', '$2a$04$dk15Taw1SrvaVQtPi97qke6/mFxV8k.FjCz8I1fKLcPtIB7fo8UiS', '7', 'Walton', 'New Bedford', 'Ḩadīdah', '02745', 'gstreaderek', ''),
(526, 'Jonis', 'Pedlingham', '676 605 8426', '$2a$04$6.QJQKwvqCH7rQ.PyQ57oOU0xcijI73Ljluj4v5UOm5k7XNomNr9m', 'jpedlinghamel@people.com.cn', '$2a$04$Htxom.PKLp6ia5IV.cycF.Hn8EmTknJsdihv89mfsWdNrmOSZBxTO', '76498', 'Arkansas', 'Thị Trấn Vạn Hà', 'Midland', NULL, 'jpedlinghamel', ''),
(527, 'Jehanna', 'Georgeau', '650 250 9142', '$2a$04$LimBiV.kpvr4ziqvhJnG2OM8qlrlC9QoW23EzggRczVASL.lK2Kca', 'jgeorgeauem@spotify.com', '$2a$04$kMDVWF5SA4UOkLFrWvd65./XBRj5RuICFlxclWZG1L5EcTI6sxr2G', '88', 'Waxwing', 'Ekou', 'Matsumoto', NULL, 'jgeorgeauem', ''),
(528, 'Sari', 'Amori', '275 684 2410', '$2a$04$nYNxhN.eGR5xk0R1tyMfAebiNfOGXsWzOlHLBGdInI2fhV5f.OEPS', 'samorien@bloomberg.com', '$2a$04$XEa3sdM5kif5C2t6230iSutXHA6cQZH/KEi2Gwre/XyqGhA3lpSbW', '982', 'Northland', 'Paniqui', 'Jincheng', '3322', 'samorien', ''),
(529, 'Linea', 'Labram', '115 928 4072', '$2a$04$Y76PfcXn7lzOzz.TDVbqEeke4WA/L.L9Zeq2IL3NjOb/YhjPt93WG', 'llabrameo@businesswire.com', '$2a$04$WoS907bXzVWJG6JfxsaiRuWY5XhsVGswkGqTXQBkYWVJYtZn9S45m', '145', 'Duke', 'Omsk', 'Weekaka', '644000', 'llabrameo', ''),
(530, 'Pacorro', 'Bramford', '741 305 7794', '$2a$04$LEyncvSb5OZUTym8beX4oOYoGjPYe24UKU2TqpbeVw5Ov3G/pMgAu', 'pbramfordep@merriam-webster.com', '$2a$04$H61x5afyaVRQUVfcQQ4Z5uELCmhs2A3DYSoeVHoRBTlB5nusD3kFq', '65', 'Clyde Gallagher', 'Bajo Naranjillo', 'Vĩnh Thuận', NULL, 'pbramfordep', ''),
(531, 'Jacintha', 'Castellino', '233 960 7148', '$2a$04$isrMgeWLqSa/V4n8d6G1Ku2JPh6G0zoEdTfX5020NE.yCz7wKfL3W', 'jcastellinoeq@bizjournals.com', '$2a$04$srXaMLETEh65AJiRVEtS0O6z2Fyxgei1OdEiXc.36/SX19AskI7Vq', '11', 'Raven', 'Rybatskoye', 'Växjö', '196851', 'jcastellinoeq', ''),
(532, 'Robers', 'Rappa', '190 749 1701', '$2a$04$sBtLUQmfrEZ3ipljjPBa8OPUIcpU7UpQjxReZ3Zr9p62c1scv24wW', 'rrappaer@studiopress.com', '$2a$04$PMkBXiwRsT/kgvg/8KqGuuHH5jmw4q5Jlz0BMxbXCE.km7TQKT0tS', '5', 'Lake View', 'Puerto Madryn', 'Jaraguá do Sul', '9120', 'rrappaer', ''),
(533, 'Niall', 'Grisenthwaite', '697 740 0848', '$2a$04$dwRDOsuw/Rhr1BxDOiDomu7Yu9Jwa9kGKmtR4gbz0zOP26vG5eq8q', 'ngrisenthwaitees@va.gov', '$2a$04$20Ff0mNSQNVdtaeYJ4BCyut7anFM6y5p05p0Bx7WUcLNz2kMzhFFu', '17347', 'Pawling', 'Rybinsk', 'Mahébourg', '694440', 'ngrisenthwaitees', ''),
(534, 'Andrej', 'Foran', '770 800 3904', '$2a$04$caGNOPkGddfTkg6WptOLfuVTzw/VRsEFqly3cYG16S4vG8c9UqKia', 'aforanet@ovh.net', '$2a$04$gbCsYD1cq9BMWn5lNx98teigpiv4aJbh6ZbVKLLRHinapoCVU3R92', '828', 'Bowman', 'Tibiri', 'Mölndal', NULL, 'aforanet', ''),
(535, 'Jarrid', 'Ullock', '133 805 2310', '$2a$04$DGqvl/c/8wL6Xgh/CMPZO.ge6AE2RZOekRHBEgXOgDDn0zRQSV/k.', 'jullockeu@senate.gov', '$2a$04$deoDI5ggFOwvev50FjjrAOHHfO6py9sbZgS45MHB34J5HmJ5lPtY.', '363', 'Packers', 'Mosteiro', 'Roanne', '4980-125', 'jullockeu', ''),
(536, 'Talbert', 'Huelin', '558 573 0853', '$2a$04$0X0hAR5UNyd5S4aQti191.Y1U9Mm6QWeAsboVrIr2N80qOiG9P7B2', 'thuelinev@abc.net.au', '$2a$04$YvqEj6vdXLuBhFOC4VvtCe3YUqkDin/nYENPdHoIh2rRGo47DANNq', '44532', 'Cherokee', 'Bulembu', 'Hagfors', NULL, 'thuelinev', ''),
(537, 'Tracee', 'Kilfeather', '670 494 7285', '$2a$04$CMyu0pd92LT6B9/./Eu97.PWoEMp7QdlumeZ8X.6DmKytIH8l5Uya', 'tkilfeatherew@mozilla.org', '$2a$04$g85xb8bn29qIkEwSfdaxNOaqYB1jvKz.iQxXALLQqm3UOdu0AHYhG', '1', 'Montana', 'Verkhnyaya Tura', 'Castanheira', '624320', 'tkilfeatherew', ''),
(538, 'Igor', 'MacFadzan', '764 220 5227', '$2a$04$KmPHAW0EUY3QYr/Rb2uru.rqzyJbwnFWxx/A3jVGQXiyI/0ENd8HO', 'imacfadzanex@google.nl', '$2a$04$cOgZRykg3NUrScAX.W8Mjeytk6kDwCHA87QU8VZTI2/kksLcmYltO', '557', 'Helena', 'Jieting', 'Tangchijie', NULL, 'imacfadzanex', ''),
(539, 'Joey', 'Giacobbo', '736 641 9123', '$2a$04$vwvTUXDIuBR0qcZGvjeT6Oxj.E2KvS68i8zm1C2N2FdMaaubRbT4.', 'jgiacobboey@desdev.cn', '$2a$04$plCWRrwncZ0KYrFrehVkjOUJb11A9M1hQENrtWSbY0D2KYHDhWu2W', '2772', 'Magdeline', 'Vũng Tàu', 'Ejido', NULL, 'jgiacobboey', ''),
(540, 'Odette', 'Ollcott', '421 294 6759', '$2a$04$JObKouWRG7Z7Bf3NmwdyNOAAiqQz/0pO.zBtonaTA8SIf.UGkl4.u', 'oollcottez@wikia.com', '$2a$04$4rKXhu7HSvFfvR9y4t10q.kiMpyh1KGgzfO026E3dG1/Q37Pb1rjW', '0267', 'Stone Corner', 'Viçosa do Ceará', 'Andrushivka', '62300-000', 'oollcottez', ''),
(541, 'Ardeen', 'Blue', '710 489 0227', '$2a$04$p6CrSCazlNBFQxWaMO7I4eNjf/aSvVuk/0fKST1r9A90OjWXkTwhG', 'abluef0@narod.ru', '$2a$04$IDjSpC9l.c51YR9GsPijGe9wGdO3YQG4Hslktlm.IIdLncQt4ZHga', '32337', 'Pierstorff', 'San Bernardino', 'Colatina', '10004', 'abluef0', ''),
(542, 'Fleurette', 'Gaynes', '957 901 0442', '$2a$04$C31VCAPe7eO.EflsosTXYuopJBLBIZudMgLO72KKvoDg9g1JoR/lW', 'fgaynesf1@topsy.com', '$2a$04$QFhLDpaBOq5tmB62i2MTKemqOsECNDLx2UXBcPKVHQ82/n/X/6/TK', '396', 'Texas', 'Weixin', 'Toba', NULL, 'fgaynesf1', ''),
(543, 'Tabby', 'Chastand', '825 736 3166', '$2a$04$W4zuMXKbMJHQGJ8TEH0/P.MVTblv5qy3fg7qaW44VmlnNeiUfjW/y', 'tchastandf2@unc.edu', '$2a$04$eym5c4v2v2J5bh3QxnFBpe3Sk4ej0O/VzOMThRnkN2Y.sStW6vjpC', '27845', 'Fieldstone', 'Ettal', 'Cataguases', NULL, 'tchastandf2', ''),
(544, 'Madelena', 'covino', '619 340 5424', '$2a$04$cNdhb1LHYeA6JxWADLfxRu32bI4nt9ai5y25lKJG.MRsRIOs98Y5y', 'mcovinof3@wsj.com', '$2a$04$5Pjjn2g6AAiUquWLHdMM2.nGbY1Bi4Uo0M0MlyRJuKeoDS13FTrq2', '151', 'Toban', 'Poshekhon’ye', 'Qinghe', '152850', 'mcovinof3', ''),
(545, 'Rey', 'Bullar', '827 768 2068', '$2a$04$iqy9K492HG2PMVg/Aym4d.USdQPbMxeyPtSdeZfqpxdVSjGVkkMym', 'rbullarf4@usgs.gov', '$2a$04$xJkSMDJBaiMsH0f.QqJ7HeF9tG4yr5GEGBsHhYd0WJ6lAzokxn6S2', '37470', 'Randy', 'Tiemen', 'Wuhu', NULL, 'rbullarf4', ''),
(546, 'Loni', 'Tonkes', '709 460 6725', '$2a$04$xI3fQ3r8EkzOjTBo1Y0e4.Qr19MfXnMa4PcyUoYGiP8fVD1mdy9kS', 'ltonkesf5@theglobeandmail.com', '$2a$04$l1YO.cA6BgwX66iPGiAFJukJACbbGLXLPQRU1fC3rUIvZhqCocpZq', '0141', 'Heffernan', 'Paraíba do Sul', 'Hekou', '25850-000', 'ltonkesf5', ''),
(547, 'Fancy', 'Heinig', '143 389 1807', '$2a$04$Y9gTGTykasOSggy4SnPoru.dTKJeMzQB7MGFnOivCHJnu2z.ZkQFO', 'fheinigf6@sciencedaily.com', '$2a$04$ipD/XqdKL.XMrQYEKxuEZOIXSmUltHPMB0xATxTMkM5ALmXjrGrw.', '621', 'Maple Wood', 'Hradec Králové', 'Junxi', '500 02', 'fheinigf6', ''),
(548, 'Lin', 'Lovel', '989 733 9052', '$2a$04$eHdDsYnw98TISu.SzhxKqO3p4ZDPSG0L3ZdP4QjXK4.rrA0iFACzu', 'llovelf7@google.de', '$2a$04$9H01ouBwEjpJvZTwrFVzweVe7KiIhiYaqb6tvr6gjUZok6XoyGgQ6', '750', 'Browning', 'Kafachan', 'Bayan Hure', NULL, 'llovelf7', ''),
(549, 'Lucho', 'De Cristofalo', '257 414 1565', '$2a$04$Vir8r0h2nmLIA7LwaTlpYOnyypDrEhYvBm.GKaEBqrBEopZduiVuS', 'ldecristofalof8@blogspot.com', '$2a$04$ouM2RMdJRtG10G1P8VZ8.uAqkwFParQdhi.UjKV79O8a5gYvEOroy', '06283', 'Kings', 'El Zapote', 'Penggakrajeng', '39949', 'ldecristofalof8', ''),
(550, 'Joyce', 'Sawford', '990 314 8702', '$2a$04$99HYeXImrmfZieSxoJ2Dsu7kWlwEBU4vt60SHZW548iceg9Huqk8q', 'jsawfordf9@printfriendly.com', '$2a$04$5uA/uBBtkdB7Hc4BQbvEIuhWdcv5765nEUGC9RljsHeb8F2pF8ww.', '029', 'Sage', 'Zhamog', 'Caieiras', NULL, 'jsawfordf9', ''),
(551, 'Caresa', 'Zecchinii', '815 181 7667', '$2a$04$vrzdn6Wk.AffNTaDCt.vR.WSbcD5eyQ9DBF2hJWvuHwF2M5nnoejO', 'czecchiniifa@unicef.org', '$2a$04$nLSmJWSyuwY6L1FQ00nwe.d0coMSkbbT6Rp3CFdE82B/ZtePD23He', '63', 'Cordelia', 'Al Ḩumaydāt', 'Mursaba', NULL, 'czecchiniifa', ''),
(552, 'Brooke', 'Gwyllt', '247 738 6571', '$2a$04$P6BDOrFVyBq3TUuBHzoPt.6G.Jm93hP3vwZF8zA37MI35jYIxhtAC', 'bgwylltfb@sciencedaily.com', '$2a$04$.V11NRuR9aGJN5GeHC4sp..ufDFBHlD2L0IlEPBRh3OAYFanha/Xm', '01', 'Sachtjen', 'Dongzha', 'Tohong', NULL, 'bgwylltfb', ''),
(553, 'Charlotte', 'Franiak', '780 318 2752', '$2a$04$pA827QjhJt.cbjwmQEtq4.FE3jgg0gMVnXvGEh3cw3mNZDCCj5Zze', 'cfraniakfc@oaic.gov.au', '$2a$04$or/VaVPt4waa/PC7lHizgeN8GTqSSmyyVlVO54.0WEflBLeHm50ca', '57385', 'Tennessee', 'Ringinagung', 'Bayt Sīrā', NULL, 'cfraniakfc', ''),
(554, 'Em', 'Rymer', '105 281 8529', '$2a$04$tTNBwiW1uunzU614aiNdyeWO09IVV.x1LzeqxmwQui6rRUbnWH9Sm', 'erymerfd@upenn.edu', '$2a$04$mQ869tdxfuofym7aYvVnkO7OvKHNVXx0JPi6EUyvgqAUliYhwCUTe', '816', 'Corscot', 'Beckerich', 'Den Haag', 'L-8523', 'erymerfd', ''),
(555, 'Anet', 'Standish', '744 503 2667', '$2a$04$N2LivfO3xVxERGz5RBewu.hRm59M311jzSjHcEQDCPoLEDCPNIULS', 'astandishfe@i2i.jp', '$2a$04$7dVe/Iygnyyhi7DtaZ4wJOGBPxuD3PHHKriNrPgthXyrKiFy7ftua', '17309', 'Bobwhite', 'Planovskoye', 'Rogoźnik', '361222', 'astandishfe', ''),
(556, 'Jorie', 'Calow', '675 232 8508', '$2a$04$pdnla/1qi9GwfgOHOFMDbO/OmO2tbG3pYgWc7KmghltJB.r54SiOi', 'jcalowff@nytimes.com', '$2a$04$yGwqBq.jtOoSsh2UXPW9w.PkY6iHig9EJrvKVz3krUR8FRV//RhMy', '02290', 'Crowley', 'Qiancheng', 'Tanggungrejo', NULL, 'jcalowff', ''),
(557, 'Bernie', 'Orridge', '764 571 0322', '$2a$04$/pCuoUf1G/kzg6X/7/kAteIytZWHhcuAQjPliC.vYugY42rNYAWAq', 'borridgefg@360.cn', '$2a$04$5x63yhqjrqnhMMgMySxTd.xnCDT1fGGbdwFly.BrjKKJefxz2/7Oq', '2', 'Lukken', 'San Agustín', 'Cournon-d\'Auvergne', '418077', 'borridgefg', ''),
(558, 'Adora', 'Girdlestone', '755 722 2331', '$2a$04$rHqyXPLwozm4jhWz6.JkJuEhHvfigPv5GKRDolYLL/U68P45kAXA2', 'agirdlestonefh@irs.gov', '$2a$04$6krEvGKrTkE7OI7Z.R8yx.2eE.rg4CF/2uRYiqER03TcxpeIjnyNi', '4', 'Truax', 'Riti', 'Cikuya', NULL, 'agirdlestonefh', ''),
(559, 'Emlen', 'Brunton', '576 644 5869', '$2a$04$ZyNzcOh9XAMeWDNwOL4D0.FEm7BHqAXaFdHIzJ821rWj2s.b.l8mq', 'ebruntonfi@salon.com', '$2a$04$w.hElS6dHNwuWFPlahgF0OUTQaZNe2f.RvFSD2L.a3Rj1iCnsBio.', '58317', 'Boyd', 'Longos', 'Jablah', '1472', 'ebruntonfi', ''),
(560, 'Lulu', 'McConnachie', '983 325 4377', '$2a$04$0CY5.Whi5czOdRx9raJVj.Aigq400CjlFzYcXaqndof1CNMZUPtHa', 'lmcconnachiefj@reddit.com', '$2a$04$2ByRAEEN.DPAtYQmnzH55ejH8GmNoiB7LYuAipWk0qf5WLk7jgWOS', '46', 'Kenwood', 'Pępowo', 'Rijswijk', '63-830', 'lmcconnachiefj', ''),
(561, 'Dina', 'Cleave', '969 120 4033', '$2a$04$q6NSsIjFA/kQtRv1bFeJ3ONwgtZWRClye5FlWq4YEvSt6lkrilF9e', 'dcleavefk@i2i.jp', '$2a$04$lAUghAwv062KWhzl1wksWuSwlBTcyHCrLUXpBTzJ6GXaIAUpPPhaS', '3950', 'Onsgard', 'Bako', 'Ankou', NULL, 'dcleavefk', ''),
(562, 'Willey', 'Firminger', '761 816 6533', '$2a$04$DwFZkQU51fuYdaZSsjde4egeqplS9NLYPK2G3SJxuRy74bV304a4m', 'wfirmingerfl@taobao.com', '$2a$04$7FfhF9JRlQeLHrezRsqueu.8Wv/GBslrFMopLpC1naGq.Dljofqmm', '382', 'Esch', 'Uppsala', 'Itaúna', '754 20', 'wfirmingerfl', '');
INSERT INTO `User` (`id`, `name`, `surname`, `phone_number`, `apikey`, `email`, `password`, `street_number`, `street_name`, `suburb`, `city`, `zip_code`, `user_type`, `salt`) VALUES
(563, 'Delano', 'Reen', '450 521 9012', '$2a$04$oR9SYOkBTo.UTKyRO/H.8eabUFlnjGGP9OBEIoQKa1o87XrYwsfN2', 'dreenfm@va.gov', '$2a$04$NZ3izrHJAbUJbILu7MmjKOhEpm5zEmZUl6yUCLu9bEn33uJyaEWgq', '2', 'Pankratz', 'Calibungan', 'Temirgoyevskaya', '2312', 'dreenfm', ''),
(564, 'Nickolaus', 'Thornewell', '388 101 3211', '$2a$04$hN5OQTEn2B2u4BXr5VaS1eK.4YlbZVeqTjA8B9JrRSHEVaeRSZcb2', 'nthornewellfn@icq.com', '$2a$04$0Pi/R5dKrTf6Ggtnk6o.4eejVY0sU49O4PqHRh9Js0J0vnajexgju', '67119', 'Mifflin', 'Rautalampi', 'Savyntsi', '77700', 'nthornewellfn', ''),
(565, 'Joelynn', 'Behling', '663 817 0764', '$2a$04$SG8BPtTG9muDbGIJleWucOWDWkyum8ZLFGRZ5gLvysQOCW5Qfb0zu', 'jbehlingfo@mac.com', '$2a$04$Srj4AvzxQm3TqhtpshHv5uCcZ7iaAOkGt/atZe8PdXqNA0I./atNG', '584', 'Monterey', 'Sadabe', 'Juhut', NULL, 'jbehlingfo', ''),
(566, 'Lion', 'De Dantesie', '612 384 2474', '$2a$04$xU91Eq5S.11GX2WvmwhAzuz5VteVYomvO/GLdtuRKGOT34CgaRpk.', 'ldedantesiefp@twitpic.com', '$2a$04$eqMtuoGq1YqJ5cPFNc24CO0IUDl7YHB0x1HuCYg4V/rim/G7VVdz2', '817', 'Duke', 'Minneapolis', 'Galapa', '55470', 'ldedantesiefp', ''),
(567, 'Seline', 'Malby', '167 843 6918', '$2a$04$0X.y65QqeUw38s.XkK6tYuezay5plphsmZObfSxuPEbeIU2Ok4Ky2', 'smalbyfq@ustream.tv', '$2a$04$x2mBTVs/Lr02mner5/QWXen0Br6KTXjADuksCTPOVTjMXV2pUf2Se', '6', 'Mcbride', 'Mengjia', 'Estarreja', NULL, 'smalbyfq', ''),
(568, 'Domenico', 'Darville', '394 937 3409', '$2a$04$CvSZUp/sLZQgjMwTUSxh9Ohk8Z9XJxhjZIJvNipDICMTlN149ueuW', 'ddarvillefr@clickbank.net', '$2a$04$9vnuce5D83vIjj1zeP8DTuxEcuWeQAHmK0ciqpzsr5O2DwlFdf24y', '61', 'Springs', 'Kadubamban', 'Wufeng', NULL, 'ddarvillefr', ''),
(569, 'Adolpho', 'Dreghorn', '371 437 6497', '$2a$04$hguwTm3pAuK4FsW8rLFuF.1SelnRUofDB4q3Ft.vNTCl31ZikPxyC', 'adreghornfs@arizona.edu', '$2a$04$FOUa7SJi4D9IsUy6Huvp7exkWZY1XrSwXMpfKcZ1dDjz7uA1JmXUq', '35788', 'Kingsford', 'Ichupampa', 'Oujiangcha', NULL, 'adreghornfs', ''),
(570, 'Cristiano', 'Chesswas', '844 865 5739', '$2a$04$NLseiqxlY.5h//kGmWoXjemgtGLWKJZCNB35hHvyUPPKqWqT1MHQi', 'cchesswasft@tuttocitta.it', '$2a$04$wsreThukYM/0.mOfIrpfUOLuT7j7K1T5wH2XrORBR7dw7f42SAYM6', '8838', 'Stoughton', 'Kayasula', 'Düsseldorf', '356897', 'cchesswasft', ''),
(571, 'Tiena', 'Avann', '207 318 5231', '$2a$04$XsTBNrLaFYDg0c2Xph8lFese5/RrqsAuFfDD4KcNjIc7TBKucAGn2', 'tavannfu@google.com.hk', '$2a$04$dp4KyxwtsBPHmnYU3dSnu.SX5sWu/iNrQkBi/nktPjnfobyq3MquO', '9', 'Bowman', 'Ayabaca', 'Beijiang', NULL, 'tavannfu', ''),
(572, 'Zonnya', 'D\'Agostino', '238 877 1437', '$2a$04$gtOIJZXyNo/apMqQTkc29.pyOGELrqC9JeJL1RKsZE5a5IiLQJ4YO', 'zdagostinofv@symantec.com', '$2a$04$BbzR2rPXya1orBfpYfn0muxjQ/p4Ut9v1758bmFlTAw8eHv0wmQiO', '7877', 'Esker', 'Trondheim', 'Mymensingh', '7425', 'zdagostinofv', ''),
(573, 'Laureen', 'Houchin', '987 777 3616', '$2a$04$xeM4dr2nWtyKWt54gxnJy.Xc/QAZCjIs86MAm2siKdLBZNFSOgbzG', 'lhouchinfw@taobao.com', '$2a$04$ujTvaimjByGMB.1GD3YDCeRXNtdlOhv.bc.ihHKyyGkh8/TZNhLZa', '024', 'Knutson', 'Jifarong', 'Geghanist', NULL, 'lhouchinfw', ''),
(574, 'Angie', 'Scotchmoor', '468 985 2099', '$2a$04$X9clNlJMNXTWruLl1mKM.esdikymAD1iIWOwASyz2K9OTJ5b76s.a', 'ascotchmoorfx@foxnews.com', '$2a$04$/2/p7n4Jq6J/IGG.yEB.PObOuYY97KeAP.rZ0UuYPhocC3lrnS1GK', '00547', 'Northfield', 'Reguengos de Monsaraz', 'Prosperidad', '7200-252', 'ascotchmoorfx', ''),
(575, 'Gerald', 'Matyushkin', '557 822 9651', '$2a$04$DB0oiZPD0Jk0m1lkznnXkOCAzaMLYOpV1NZEbUNr4ulFTQXpdv7.K', 'gmatyushkinfy@redcross.org', '$2a$04$jqhIAqLt2a/WJ1.TDMD23uvhCK8g36pteRwcsQGLNOUi3sEmOkFSy', '208', 'Sundown', 'Przesmyki', 'Kelaniya', '08-109', 'gmatyushkinfy', ''),
(576, 'Diana', 'Melhuish', '336 350 7437', '$2a$04$9C56JGbCWZtatGeUbCU3beQJ3ixngqnTDwM0XZ4wXTCbmutP.W5gK', 'dmelhuishfz@ow.ly', '$2a$04$YPMO7U0Ap5F.YDGBLEt.COa0a/PJgpSsOlUpLo7dHo4QCmntRCLb.', '89617', 'Emmet', 'Talakag', 'Sollefteå', '8708', 'dmelhuishfz', ''),
(577, 'Glenine', 'O\'Shesnan', '692 109 8991', '$2a$04$0TLzgfC05vGKezqBj.z.m.f8jnZVUkGD5Gitv8V0A4KgAR3dpphsm', 'goshesnang0@rakuten.co.jp', '$2a$04$j5bepLRPogFdlIEFxRse1Opk8NCeM2W4QfiyDw.Wjjihf6R7Z3HgO', '15492', 'Springs', 'Huangbu', 'Laguna', NULL, 'goshesnang0', ''),
(578, 'Corabelle', 'Paula', '290 506 6703', '$2a$04$Pf/ZB9XW62D.zu/B8CznOO7k8yCukbg0o1pw6MJk1sDBA3dPc1Sha', 'cpaulag1@nbcnews.com', '$2a$04$rF24RIryZouTbYW33Q2h3OCIRyoGIbDY8inotXf0JwB6oFUQuv4mq', '874', 'Manley', 'Thị Trấn Mỹ Lộc', 'Kortkeros', NULL, 'cpaulag1', ''),
(579, 'Con', 'Peacher', '186 664 2610', '$2a$04$BxtI6pWRNc4oxXcpzLT02.2ujyGF4/Y9brHqAsAbQS2xTymMRFBUW', 'cpeacherg2@ted.com', '$2a$04$Rv55I/3hH73mte7VIa.Ryu3nbTvJbzCNYU4QdcVwGI3lXsUCMg8He', '7', 'Stuart', 'Goczałkowice Zdrój', 'Srinjine', '43-503', 'cpeacherg2', ''),
(580, 'Barnebas', 'Wyldbore', '953 975 0383', '$2a$04$rcvi3muJoylhiPpKVeSmW.SIT/o2DzoMKRAIyI4mEx5CeVAcuIVim', 'bwyldboreg3@blogtalkradio.com', '$2a$04$4KG14Z/yxzhCFMlnQK2tjukNmOQZ.G0di/1Ko.mmT8I66enyA42Z2', '14', 'Farwell', 'Satovcha', 'Perpignan', '2956', 'bwyldboreg3', ''),
(581, 'Arney', 'Shewery', '475 109 1414', '$2a$04$aDtDjWVD3e43Dd9Pvzry5e/5ExRIvIrywhHmnxo/1m7j46uqPOoNy', 'asheweryg4@ow.ly', '$2a$04$avgu6yA4pKp/x3f7rb9rdOZuYgKPTsb7TXfIQlNGiJcRblJ1tJpoe', '135', 'Haas', 'Linköping', 'Paghmān', '585 92', 'asheweryg4', ''),
(582, 'Lydie', 'Catonnet', '882 726 6727', '$2a$04$.KO3j1r5zmw77zJJagvAmu56xgQxGUTSX5XpC14j1OXSJ8/Nwv9ii', 'lcatonnetg5@imgur.com', '$2a$04$dDsM8aLP3QO2sP3nHM2JHu4FHJmxx11sMPnaTQAoWjMUieCZtDuMu', '288', 'Lien', 'Ciyu', 'Pule', NULL, 'lcatonnetg5', ''),
(583, 'Mehetabel', 'Betonia', '794 748 5588', '$2a$04$Uq1P7/y0a8iujizLFmmbte6nkbe70M8XEDdUWM6JIKWcvnpJFqtdK', 'mbetoniag6@nba.com', '$2a$04$5R7Gbfr/ZLkHNeGI6LuD2ezAdcDzdkre1XwRWTirZED7jsT1JoBoS', '8', 'Graceland', 'Jakhaly', 'Loket', NULL, 'mbetoniag6', ''),
(584, 'Nathalia', 'Gierhard', '910 324 0976', '$2a$04$jfPxLLkzEFsgVSVGOP1FeOGJ3HG2ntI.67.BpzY72i2yklP.q0YIS', 'ngierhardg7@geocities.com', '$2a$04$gbgtZO6RIFDgkZ0HC5ilKumoY6963L07MEfvkmi85uFcHDdlnaz5y', '716', 'Maywood', 'Mỹ Xuyên', 'Paris 16', NULL, 'ngierhardg7', ''),
(585, 'Shepherd', 'Joiris', '227 679 7930', '$2a$04$sWS0rDWnbIkP2BhzXjT5ae7eFudaFLTu/X8RLGPFFjsxlJwOXVAdW', 'sjoirisg8@scribd.com', '$2a$04$mfI1Ke9hMYDQB9z4oLxf.ON7B9QPyAjbuxzWgPLFQmBl8Ubi9euGO', '66841', 'Stoughton', 'Xuwei', 'Mandala', NULL, 'sjoirisg8', ''),
(586, 'Birgit', 'Duff', '463 720 6784', '$2a$04$gRLMYkXbtfVaIKr98So0QOUsvSgZa3KyI5ZNlpr5voaUoab51thOW', 'bduffg9@apple.com', '$2a$04$oSGvvT2.ijl/p6OO4b.VduKginfVfvX1K55X8jFmikvpWf4qKdRxq', '2', 'Blue Bill Park', 'Booterstown', 'Grujugan', 'D04', 'bduffg9', ''),
(587, 'Marylou', 'Gouldthorp', '484 656 0918', '$2a$04$lYeffvJKu2LQDzgU.6hlSOYXqKtzD6N/53QpJwCsS7dW5YIqFDdoC', 'mgouldthorpga@simplemachines.org', '$2a$04$94kaHncQi18ySt/9sPWgAuLQwJ5VbC2H8shvfbJDcVHwCVCx2QJcO', '82', 'Kipling', 'Lindome', 'Pires do Rio', '437 92', 'mgouldthorpga', ''),
(588, 'Bevin', 'Casarino', '319 350 5074', '$2a$04$0FvybG7sRLp1gnEc4ZeYIenAVyJ9djVAR8EK/nmldwC0xhCFgKhlm', 'bcasarinogb@people.com.cn', '$2a$04$KKt6cpFNHV6tSX9xVv8zaewkjGVYkOQQ7T9XK1KwaVrAPVUA37fUi', '8292', 'Declaration', 'Yifaquan', 'Yudai', NULL, 'bcasarinogb', ''),
(589, 'Mignonne', 'Turnpenny', '244 184 2922', '$2a$04$bByD7aOiFSp5m9tb8gKJpeLzJSalX119fhXZc0EyiTLIOjL/BLpBO', 'mturnpennygc@last.fm', '$2a$04$ulAmhNBzrtvDIX.geP402uk8UVrUXGzTyt.E1fkbQccg71.PaH9Lm', '6494', 'Oriole', 'Castelo', 'Quchomo', '4980-681', 'mturnpennygc', ''),
(590, 'Glynnis', 'Sturr', '240 955 6551', '$2a$04$dBE3GfkW0yDQAMeVBEbcvuHj8hydVzm3eAc77JQIZRftt2OWgGgO6', 'gsturrgd@virginia.edu', '$2a$04$fapfx/l/DDtFdwAFO6ip8u7wDYYvj0nmHOXAqcfivzBq4nkafzZwa', '928', 'Lunder', 'Antanifotsy', 'Hamburg', NULL, 'gsturrgd', ''),
(591, 'Ardyth', 'Webermann', '328 359 7721', '$2a$04$h55A3O/L2Q0LdnVHDY0JzuoLiEP.axucv5H/Wto/nnbNkeVi9oJQ6', 'awebermannge@yellowbook.com', '$2a$04$5piVH8whl0yt8kuVAg6YMe4fP6hC7hxXEbw8y8sN8aFLQJ9pe7D5O', '6', 'Pawling', 'Concepción', 'Bindura', NULL, 'awebermannge', ''),
(592, 'Dehlia', 'Westhofer', '372 379 4825', '$2a$04$UBJxFL4VVzvNqYkWfBklfOjKUkRF9GK2BgTIMr02V7kWhJmnSaVf.', 'dwesthofergf@google.de', '$2a$04$02dhgo5UZs5gkudpZ1qZXem0koC/PIisxXenO37a.hwH1BLMpO04K', '98', 'Eagan', 'Dourbali', 'Karangintan', NULL, 'dwesthofergf', ''),
(593, 'Julee', 'O\'Grogane', '206 189 1025', '$2a$04$VNfA7rWkJjaLHEzGCOHGD.Zgg2uiFxYovqKBItPTrSYTHoQDt6aTC', 'jogroganegg@privacy.gov.au', '$2a$04$m3dzCs0Pw8MWKpVIKMIK4.XCizq2Hhex5N2M.4Gkw5/JXnxrKjVxS', '630', 'Lotheville', 'Maliq', 'San Pedro', NULL, 'jogroganegg', ''),
(594, 'Nessa', 'Muscroft', '836 176 0889', '$2a$04$52E4N.vid6pboiCc91c0jOkJppCcyWkOKqmQNQN0EOsU6EpNJAJBq', 'nmuscroftgh@slideshare.net', '$2a$04$4uWaY.ZgaBwT24ZDGS.Pv.lYDJgmB7af2IfEnwVj5pkIcqoE8vcn6', '014', 'Elka', 'Nahrīn', 'Drachten', NULL, 'nmuscroftgh', ''),
(595, 'Brandie', 'MacClure', '367 254 4671', '$2a$04$EktunFRLDvsE7UiixNob/.417Lr7MrwulpxGx3Twy2wHwY8PFQEEW', 'bmaccluregi@merriam-webster.com', '$2a$04$v.q6o9lWGPu0VnKBRYzoV.9vvp2IIy0xRDtVAfzbwq2HxF6ahAtqW', '04', 'Goodland', 'Yujiao', 'Dabu', NULL, 'bmaccluregi', ''),
(596, 'Oralla', 'Luckings', '908 457 8591', '$2a$04$CwXI8iQz3AgNXOkdsg8DIO6kInkpuxFkA8ahtvl3fPcm7hT9H6BTG', 'oluckingsgj@shinystat.com', '$2a$04$OTmI9ToYZAWMemHl/EjWB.cJTK9LsTFxkhdyH38U46JwJ7XXK8Toi', '8840', 'Di Loreto', 'Veliko Tŭrnovo', 'Magay', '5049', 'oluckingsgj', ''),
(597, 'Zorah', 'Skones', '645 283 9192', '$2a$04$aVdrfUTYhqbAhmIK2hLCDuxyLlZZIRkps.0XP1jZ6W5m/dtcESkDm', 'zskonesgk@ehow.com', '$2a$04$ATW8FNYJnN3Qlplb6F5ZOenRa0sdLuGdmAidSoPSSk1ZJ6P7XdZha', '248', 'Elka', 'Braunschweig', 'El Paso', '38126', 'zskonesgk', ''),
(598, 'Allianora', 'Posthill', '224 568 9825', '$2a$04$AHGFqmlDBCBjK.zuUOONr.n.4qsYegxRlJQAYMfI84WimeQiAaVgK', 'aposthillgl@pinterest.com', '$2a$04$m48Lfx8VvlRqC27QcQdcSOQTNSxdGIvimzUGwWg3tE9OPw8LEFkEW', '48711', 'Killdeer', 'Jinling', 'Triesenberg', NULL, 'aposthillgl', ''),
(599, 'Faulkner', 'Sparshott', '434 480 2423', '$2a$04$QRNkxPbuGkutAEF/G2BbLe.wY7zUXeUcHeRgJUWxy056JIOE8NFYC', 'fsparshottgm@qq.com', '$2a$04$6xSygh0ybIpAus4SKEymoeWZA/XRJxnEq2rXDvbf.t34N5t2jD4ra', '8', 'Karstens', 'San Bernardino', 'Mapiri', NULL, 'fsparshottgm', ''),
(600, 'Chaim', 'Piletic', '615 412 5471', '$2a$04$v6SGW97UAiB9YJ.a048S6esYSepZAUwEZ0sfVR/25ueEt079Tdpxe', 'cpileticgn@theatlantic.com', '$2a$04$HN10u/GVxbA7oHYrlTCK.ujFVThz0nhsib4KgZ3hOxAQUFiDpOL.W', '7640', 'Sunbrook', 'Inari', 'Xijia', '99871', 'cpileticgn', ''),
(601, 'Clint', 'Miller', '241 427 9348', '$2a$04$7RQFC2jcuCssl44Us5fdDeUlg0sjZtCxTHrXjc3c7H/mQkVhL8ygK', 'cmillergo@cpanel.net', '$2a$04$xmobsmOZlFtoYkJV7Dj7K.Q/O8tMbeJwK8mWLApUOKgvrhzITxFr.', '2', 'Pepper Wood', 'Yataity del Norte', 'General Alvear', NULL, 'cmillergo', ''),
(602, 'Toddie', 'Poutress', '740 478 3340', '$2a$04$aJrYKEli5L7DNCrFoxaoDeATWrm/enxH06uaQuudKDuhYzU9KY5tG', 'tpoutressgp@seesaa.net', '$2a$04$T6ypmOaWsVp8d1HnsbKVheyOzjblbjqvpqoGNxvxw9x/EGFvi8286', '97', 'Sycamore', 'Deep River', 'Damiao', 'M4J', 'tpoutressgp', ''),
(603, 'Norbie', 'Woodroof', '336 405 0636', '$2a$04$EqCdVrKp4WFF030EoLDpTu9obZFRae2lcY005dRDcTFq7qnDP2o76', 'nwoodroofgq@paypal.com', '$2a$04$62n4Ftg3j/0JV0XvTCW1AO8uPQD5RRlQdqLE1fYqCMS6nNodozY.O', '31', 'Rowland', 'Louka', 'Paucarbamba', '675 31', 'nwoodroofgq', ''),
(604, 'Violante', 'Taber', '580 338 0807', '$2a$04$T1EUvcsWbX4AxcrqLScR/OOM1CTHj.LiBlJJ71JD7Ct5bTGHoqxoy', 'vtabergr@sun.com', '$2a$04$UJYcQ22Hs/APGjcC6ryKA.AX19gcKMdcvDtXwxt0qpaDg1yEZrGca', '178', 'Barnett', 'Niihama', 'Longaví', '595-0814', 'vtabergr', ''),
(605, 'Pepita', 'Murie', '878 755 0355', '$2a$04$R//lnxpXbo4yvHuykjvHJ.oiyafUC1f6.vcZTZkv0B8OnCkXHXeSi', 'pmuriegs@patch.com', '$2a$04$CeVnuHCKi.ehEefN6dkACe9WJASiZzVgs9TBk7kj9T60wA1farEOe', '0', 'Jenifer', 'Jiandou', 'Ḩarīb', NULL, 'pmuriegs', ''),
(606, 'Robinet', 'Saines', '596 575 7273', '$2a$04$8rWSRcHJpTBGoDzpSNPcTOO6ghV84cILk3rl5bGxN3d2RYqOc.aEq', 'rsainesgt@unblog.fr', '$2a$04$aLPhJq/s5Ed.xOp6gEyhK.StvIrseL77QI5NCrDjJRr49ziHAR7DG', '0', 'Park Meadow', 'Gritsovskiy', 'Maszewo Duże', '301679', 'rsainesgt', ''),
(607, 'Duke', 'Warboy', '935 128 1383', '$2a$04$XS1sgot0rsYVRvzFWXw71e8U6rZXx78ZyIoj7KtPJ3rmen4ZUKm6a', 'dwarboygu@storify.com', '$2a$04$HV7jZG/LINFBAacGFLh1rOdCp5Vdo3TH5aHeN4ztz3tipGVCPSvp2', '8100', 'Swallow', 'Chatuchak', 'Vychegodskiy', '64180', 'dwarboygu', ''),
(608, 'Willie', 'Aronowitz', '528 509 7468', '$2a$04$8IEdML4BEVr8lA9k2VfViepImA8B4lzMndiQx9nl1GRIVHp566lG2', 'waronowitzgv@desdev.cn', '$2a$04$pa4GNWz39DcHftJ6caGdxO2NzsiO2pS0EdF7Dm95.RuViMRI70gvu', '3', 'Hayes', 'Arcos', 'Rancaseneng', '5120-040', 'waronowitzgv', ''),
(609, 'Stormy', 'Brouncker', '967 105 7132', '$2a$04$bdcmNXMSokmR8ooYIHLdo.nl5RUturrhKcM7B33hfzz6iQVuIhfvi', 'sbrounckergw@discuz.net', '$2a$04$Tx50px7t836ffVovLwBmtuIU4pCPtCUHRmG987Fn0ZB7lApgZHjny', '73380', 'Tomscot', 'Kerċem', 'Seogeom-ri', 'KCM', 'sbrounckergw', ''),
(610, 'Clarie', 'Olexa', '902 855 9132', '$2a$04$4fo6oZf0uxFibWcxWxOFqOmL021NGfObIFMmjoJVC9VJ2bh.UD2Iq', 'colexagx@is.gd', '$2a$04$NVMAnGapPIq3QVYTBEfAQOji4NCIWGMTJf10FuTV1bOnZWSj/5vBy', '9', 'Bunker Hill', 'Ciudad Bolívar', 'Patani', NULL, 'colexagx', ''),
(611, 'Phillip', 'McCooke', '559 537 0217', '$2a$04$NbbtEt61dS5DIIyJg/7G7eLwidNxO3PZ5UxJdwQeDWqFFnmeXCUru', 'pmccookegy@ox.ac.uk', '$2a$04$j5llZjFyu/uWZEFePb4g/eQeuQeqgN4Tqk/yoagJ6EOF6qXujYshi', '6132', 'Logan', 'Bang Bon', 'Sudzha', '10150', 'pmccookegy', ''),
(612, 'Broddy', 'Crannell', '383 826 1663', '$2a$04$vMov3XBUU4IU4XLPGiGe7uGD5WPCS7M4wE.D9rGmdFTPLad0WT/ua', 'bcrannellgz@csmonitor.com', '$2a$04$lcKU/srhvMRp9b58L6khxuJG6.TNfKMF0lHXniz9NrDn0ieRMvlhu', '15032', 'Vera', 'Williston', 'Venlo', '6696', 'bcrannellgz', ''),
(613, 'Even', 'Hazeldine', '200 670 8116', '$2a$04$HrcRvEeUTB/HnvxcCpxpf.56gqvGAZIDvQ1jS8DNWzH7Xeio6AUFW', 'ehazeldineh0@usatoday.com', '$2a$04$ZYpfIkmob0Xe/.RAS.F8FOC0f3hMQX.pmqqmn4B01gtPz4d3qz91W', '46630', 'Hagan', 'Reshetikha', 'Sidaohezi', '606093', 'ehazeldineh0', ''),
(614, 'Umberto', 'Larder', '602 958 3909', '$2a$04$0ChPHow8YY9Sf3Qz1g9N/uc7cbrHYdmAuZAzJJSCHsYNbREsnlJqe', 'ularderh1@tripadvisor.com', '$2a$04$yxmtyPc5rZqK5YuOfgJ.L.BveHH5aXnJPLaVT7fG4q2g1xrJXP0Ae', '9', 'Dakota', 'Loboniki', 'Bourg-en-Bresse', NULL, 'ularderh1', ''),
(615, 'Lucienne', 'Ghidoli', '602 892 1578', '$2a$04$O.b8dK3KSpZG4e5UGxaeG.uN9sEpG25AcAE1.XHIKGpRW3J5q6pga', 'lghidolih2@hugedomains.com', '$2a$04$N6IwxmR3g8CZxlb5mZRvIeZW/3aUJWfRxQfcXfZ4OPB3ZGxh2FYey', '92327', 'Reindahl', 'Phoenix', 'Angono', '85030', 'lghidolih2', ''),
(616, 'Celesta', 'Olrenshaw', '124 385 9113', '$2a$04$76.0ZDgZxh0AgIdYj7A44eWd1mf1DJSLA54EnWT5uw6hwbbtz7NoK', 'colrenshawh3@addthis.com', '$2a$04$lq5lL1bZoYGFqKlL.QUS/uxP2IHEVD./ROBjxm5umej6PPG7.LPFS', '3', 'Melody', 'Jimenez', 'Tomilino', '7204', 'colrenshawh3', ''),
(617, 'Eada', 'Cheyney', '456 851 7405', '$2a$04$p8V5SG8LUu0fJ2EgTBVOo.fGyVwBCbDnhz6NjHgT59Nd2S8Veh..y', 'echeyneyh4@kickstarter.com', '$2a$04$c6q/Hi5kal8NIlhVIYzEP.XV6jqPerhU9UvIGUfKz2fC/f3jqZGKq', '96864', 'Judy', 'Brive-la-Gaillarde', 'Nova Era', '19318 CEDEX', 'echeyneyh4', ''),
(618, 'Baxy', 'Choules', '702 101 4779', '$2a$04$ctkFVTTiFOWCxHUzgYJ5C..SSnqOQvutkukIHPXZP9LCKgNovtMB.', 'bchoulesh5@jimdo.com', '$2a$04$Ut.r3u5wUOwXWKSpv2/O9..TbEik2tlfBPK2GgwIJtfJAXuy51XD2', '39420', 'Warbler', 'Yuejin', 'Huacheng', NULL, 'bchoulesh5', ''),
(619, 'Alfy', 'Ince', '570 153 0159', '$2a$04$iSgHlYUozqdbJwWQ5e5oOeXzJXDdiOrgN7ED.0qMvXMYSw/Oj4Bha', 'ainceh6@bbc.co.uk', '$2a$04$f8Rxc/YCK9gesex2Ox6oQegGICpKz/Zv3jcUwlHJWrtKwydhCnlyq', '801', 'High Crossing', 'Sigli', 'Jivia', NULL, 'ainceh6', ''),
(620, 'Rollin', 'Saward', '953 917 6835', '$2a$04$7ITDDfCVWejSaRx.S4xwcOIhpDdJ6Y3gElg.CdWQHPMfx92w5tEl2', 'rsawardh7@youku.com', '$2a$04$3NqvPDP0wftjeKDfMAVk2.kvmcotw/f74OY10s15TcpALV2hXl8hC', '7300', 'Stephen', 'Paiçandu', 'Wanzhi', '87140-000', 'rsawardh7', ''),
(621, 'Deonne', 'Rich', '199 974 8183', '$2a$04$cTNZi2P2AmNd2iABhrKdP.KKScGZLfZZb3VhVwoiRjuVWRdWIqLz2', 'drichh8@gravatar.com', '$2a$04$JYwjLsox5OJAQy/MP2iKuOL7rIcX/6UpI2UCdmX5RLrqBMztqn9ei', '0906', 'Comanche', 'Yelat’ma', 'Sakurai', '391351', 'drichh8', ''),
(622, 'Ellette', 'Lindwall', '357 873 4444', '$2a$04$pNIMTlgC3ivErTnv5wvcYe38b6s62igWkTcvQdrfQwuqpcA/FvYsS', 'elindwallh9@canalblog.com', '$2a$04$ZXyFKmeR4NshoVM6bAOi/e9pXZB7FEmsyY0TnHh9bXYFxJRkcPgFC', '3308', 'Karstens', 'Ntaur Satu', 'Chiara', NULL, 'elindwallh9', ''),
(623, 'Alexi', 'Burtenshaw', '587 712 9231', '$2a$04$uSgYgXAycmqfeLEKlcbSr.G5jydZxYfshWbtW4vtusbAIkXY8r3aG', 'aburtenshawha@yahoo.co.jp', '$2a$04$PYwllr0OCiMHCLId33dpIukiPw7LKLdYJuNjl6BHgq30I9AF0.oyu', '04966', 'Starling', 'Nyzhni Petrivtsi', 'Almirante Tamandaré', NULL, 'aburtenshawha', ''),
(624, 'Jobina', 'Weldon', '585 917 4292', '$2a$04$BR1vojCktPwd253a5MaAc.8yQZMg49ERQ7w0s.J9gS.lZnvJkmvAG', 'jweldonhb@goo.ne.jp', '$2a$04$EU9YwOhBaRT8oVcKRpQEce7m5jz.GidqqxxpUhLAt1s94CX8krp.2', '38595', 'Kensington', 'Zhangjiafan', 'Kalatongke', NULL, 'jweldonhb', ''),
(625, 'Maryanna', 'Huntingford', '865 512 6091', '$2a$04$ZE1Qi9CUcCr9Jkk.o2AkxOSOMTTwXD90FfULMk9laAhiZeJdOIcRG', 'mhuntingfordhc@washington.edu', '$2a$04$L2GgL3o46QhPaBJ.A451hOpG7zsLfAOkqAsHpQlMwBlxzW6KPLwtm', '73114', 'Milwaukee', 'Amarillo', 'Des Moines', '79165', 'mhuntingfordhc', ''),
(626, 'Susanetta', 'Heathwood', '494 344 9664', '$2a$04$KRfywOsmWk5HFjnqkpEAq.UMcQWf5SbXUgr9LhNgyhHF2CN2ktxDi', 'sheathwoodhd@sina.com.cn', '$2a$04$bz3JCFAWhXdJ40qpp9WcUuQ.Xwqa2.OFgdeB2oaz7.PMuMYfrFYem', '0662', 'Sundown', 'Xichuan', 'Zhanggongmiao', NULL, 'sheathwoodhd', ''),
(627, 'Aprilette', 'Mugridge', '963 197 7346', '$2a$04$DNXTEINjUmy6b7/Q7pZGHuM1XDyWGtFVFVHHW4n5aArhr457vUfSS', 'amugridgehe@jalbum.net', '$2a$04$Q1SYp9xrTfN7s8C4UcMC2eyW9v2HBWd1C/c6tFGwVfmjwRZ7Mic2K', '19183', 'Grasskamp', 'Chenfang', 'Zbraslav', NULL, 'amugridgehe', ''),
(628, 'Eldon', 'Groven', '889 950 0107', '$2a$04$UYniOZe4Qp1km9cq0bJQFOwbxp1iCyQVPBBsdysxRMzU3py9k6W/2', 'egrovenhf@privacy.gov.au', '$2a$04$UUAlYzaZ0rrF6U6.KuyE3.8J3GlLfhYEu/iEsDpAX06qVV13vB04i', '29', 'Killdeer', 'Koryčany', 'Yunmenling', '768 05', 'egrovenhf', ''),
(629, 'Tandy', 'Szymaniak', '729 791 8329', '$2a$04$TyS2IS/JPlRHMWro4GEL1Oz/5bbQelyLxq6.pDVJFEvMgU75r0gG6', 'tszymaniakhg@networkadvertising.org', '$2a$04$YFUJL/dWqWF5rldHdHRw2eBLIarm/aG2EwwtnWhC78uTeq8jgER/i', '4978', 'Continental', 'Strasbourg', 'Narail', '67098 CEDEX 2', 'tszymaniakhg', ''),
(630, 'Humphrey', 'Blissitt', '232 671 6337', '$2a$04$5ShmOkzHR13T/myCvTTv7eYWOua1QvIsaYdDpXV/Sz.mZgJBBb0Di', 'hblissitthh@tamu.edu', '$2a$04$ndR3I95rNOEb/Ze72wQW.OE5gcFPoyldNGwpW0a.lgCS65OivHaaq', '19', 'Milwaukee', 'Gryaznovskoye', 'Shorko', '623508', 'hblissitthh', ''),
(631, 'Lacee', 'Temblett', '528 451 0937', '$2a$04$90E6884AKwl3CMayzUgh3.6twpEB3P9LQ4K6ctq1pTfpk.JHKXW3K', 'ltembletthi@microsoft.com', '$2a$04$EYvSvzZjJDOCcHewjkCjgOEFUU1lESycneIhxSCQedRoDTVxABTnq', '711', 'Northwestern', 'Aubergenville', 'Vierzon', '78415 CEDEX', 'ltembletthi', ''),
(632, 'Kellina', 'Jakeman', '844 569 1141', '$2a$04$u4eNPjCofUt4pJxU/45QxOg5OR1u0GdUQBzMY7u9PMvOBG.NH7g6G', 'kjakemanhj@discuz.net', '$2a$04$1f4qorJnUgS01CpXn8l7C.RRHMcZx66EEWKAwDOVgng81O9BlyWti', '6', 'Hanover', 'El Zapote', 'Bordeaux', '38800', 'kjakemanhj', ''),
(633, 'Wilona', 'Vallow', '894 596 0733', '$2a$04$qoNgRtYuoJaLxo.oP5/V1u7pZV3TIHFClbp2XmNN1RBLmbcti49iq', 'wvallowhk@devhub.com', '$2a$04$H/..dBSoBpsn8i/mPKaNs.Ub93TmujdcmU5HWDglFg.5gTpNaRkU.', '64672', 'Kinsman', 'La Sebala du Mornag', 'Maraã', NULL, 'wvallowhk', ''),
(634, 'Janelle', 'Grigorio', '409 621 9346', '$2a$04$A7C.lmySGKdPwvBLhDgZ9.38adkv3v6ydZfkP9GEfGbjHMT6/INEO', 'jgrigoriohl@jalbum.net', '$2a$04$qknrrUEaTYL/O1c4oOocBOEiSUSk5kx6vEA48OBCnj2REaKn6QZze', '92', 'Morning', 'Bokor', 'Gongjiang', NULL, 'jgrigoriohl', ''),
(635, 'Clay', 'Matterface', '228 875 0698', '$2a$04$lVT4.NldQT/DcWx0DBa.SOSX9dQKJU22tJnBLeE5OGgotEFw0rQ46', 'cmatterfacehm@hibu.com', '$2a$04$DCRQL4EC1eXCk8tM5wBdBekLtjgcW/gP.i7MEou/Cb7PiGHfNeAt6', '15490', 'Daystar', 'Kanlagay', 'Töreboda', '8712', 'cmatterfacehm', ''),
(636, 'Weston', 'Florio', '312 344 0939', '$2a$04$n5qtzBWN6Zr965gR/QtgT.WnDOMm9spVpq52uZyKWw9MWiLWpVZ72', 'wfloriohn@goo.ne.jp', '$2a$04$6EUgnKUd2EwipvcPVgTNgun3f71Juq3zAYdMScYqCKBEvcTdy.CcS', '2046', 'Crowley', 'Derjan', 'Sandefjord', NULL, 'wfloriohn', ''),
(637, 'Sioux', 'Hoyt', '226 913 8120', '$2a$04$IWt8nyqvX7W70g6Od.1k1eTpqyPFajl0hCCQ6pFotoz2tOBr79mp.', 'shoytho@free.fr', '$2a$04$fqhEDie8eESKif2vhs4OxeLQfs7apdBLGadMaIox2uYD6ns2Glb.a', '328', 'Carioca', 'Fox Creek', 'Dayushu', 'E4B', 'shoytho', ''),
(638, 'Travus', 'Walasik', '407 360 5881', '$2a$04$paDp3kqeKal.2PtgPhinkO4eXJWQ.epnVC1C/MqSOgAu0CBjzNr0O', 'twalasikhp@hibu.com', '$2a$04$AB9gDjrrDTNcOa97iz/PP.ABZ60w9YV1/CjELwZgyMKDI8Ot0k/Jm', '020', 'Mesta', 'Postira', 'Karawatung', '21410', 'twalasikhp', ''),
(639, 'Nevil', 'Aldrich', '472 865 0964', '$2a$04$OqE1tqX66s.LBuISrykWiuNFtaW1gfy0NAOO7MR7Zk3vFKYe2LaU6', 'naldrichhq@booking.com', '$2a$04$nfsTf26U4UiaARRScyTLue7G/i6.Xw4lf5rgwq2YvSb9H8vvw/Bra', '64', 'Tomscot', 'Vanadzor', 'Emmen', NULL, 'naldrichhq', ''),
(640, 'Kinny', 'Benediktovich', '472 144 9328', '$2a$04$.7Ik2UD.t/s1LhLFyPzvvuMVn70I5f9.EdV3QdyPk1CVW5SCDiAly', 'kbenediktovichhr@who.int', '$2a$04$6ykMk7UPpV/fNJ.WfyR6Te2kMwjj9cuvvFlU3GJCkac7c9IWVgJmG', '75', 'Ramsey', 'Doong', 'Fuwayriţ', '3313', 'kbenediktovichhr', ''),
(641, 'Florian', 'Gobat', '272 120 6278', '$2a$04$/x2LAfuu9lWVebZxQh2HL.lIIFFyQ4iuRzvyFy7X.1wxUp5EkNkCe', 'fgobaths@biglobe.ne.jp', '$2a$04$eJSfQARiy9JG46GmyHl6seNIpRHXKwI6bEB6O7Uy3uNXupK4BeYiS', '2591', 'Carberry', 'Yam', 'Marly-le-Roi', '142008', 'fgobaths', ''),
(642, 'Carma', 'Kenvin', '181 466 1457', '$2a$04$0ezcGsbxsnhJi88ZnJY4w.mFfiMvCiAzrAftbGtb13Vn.TBOCwh5q', 'ckenvinht@jugem.jp', '$2a$04$IMeZKY1FrPHaZLp8V4aBqeXliP9/kjtveb55oQ2IjDr6gDW4PWdI.', '36', 'Lerdahl', 'Naberezhnyye Chelny', 'Roanoke', '423555', 'ckenvinht', ''),
(643, 'Drusie', 'Davydzenko', '777 954 8763', '$2a$04$je7EQO.DMBH46LuLfrtJMOxh69Xdd4Z59.3tWu9Pj8d2ZC.MIBBYO', 'ddavydzenkohu@usgs.gov', '$2a$04$kUL9PZrdm8pkcgX6MvJAxeSd3MrOzUKpQ50rBZI/K3h.zHTxEy4A2', '6', 'Lighthouse Bay', 'Tofol', 'Zaragoza', NULL, 'ddavydzenkohu', ''),
(644, 'Agathe', 'Hoggins', '455 592 8495', '$2a$04$J/tngjlaYUQchSZG6aepQO9T2Mz6sWoZXD.PTVff/9daaRT.zeir6', 'ahogginshv@usnews.com', '$2a$04$dNl5qYVKNV5mmiz9Ljz0T.nAbeuYdlY.4OU4NmzgGPVq0F6mE9uH.', '51', 'Merchant', 'Rio Negrinho', 'Evansville', '89295-000', 'ahogginshv', ''),
(645, 'Alistair', 'Biskupek', '547 348 9480', '$2a$04$Z2U2Tslf0pFc2J0KJRAE7OS5t4Asuk4P6Fhn/dmZKQpGoAHP7kstG', 'abiskupekhw@dailymotion.com', '$2a$04$KH5/s0AVySyjESHvfE6fMuLXaa1cpRd26FKBF6D79PpWS5hPfdYYW', '157', 'Linden', 'Fairview', 'Thị Trấn Yên Thế', 'L1M', 'abiskupekhw', ''),
(646, 'Traci', 'Minghetti', '862 398 8964', '$2a$04$dKPwBXUGsU48Qr1xzBRHNuXYGrwQOoiTg74m5q8edOb4tPIy5zvUK', 'tminghettihx@rambler.ru', '$2a$04$UsBKGoKtJbiAkzig4d52FusvVSlqx7idTOwK0IXx2QeKZMCunzmfO', '40', 'Meadow Vale', 'Loga', 'Taoyuan', NULL, 'tminghettihx', ''),
(647, 'Cleveland', 'Couth', '510 235 2899', '$2a$04$nUbpSXn7WUmetSMVTPO3t.GMX/78kET/OUCyJx6iux.c./s7JvIv.', 'ccouthhy@godaddy.com', '$2a$04$7CHXiW31u2P7ZEgHIXFAn.92VsKQhpZvhZJpcvKl4v19xqXKQ0Ihi', '5377', 'Center', 'Zhifudao', 'Melaka', NULL, 'ccouthhy', ''),
(648, 'Janey', 'Crop', '255 568 3687', '$2a$04$Y0HZZ2V1olYvHKbQaOHRS.2P951RVwDq2BaMnbl6KOGx6EMj90EPa', 'jcrophz@google.com.br', '$2a$04$Z./jsoe.gZ2lOeVjR0gxW.tvd8lzABBgz7U8R0ZvMZsURK4RxnZdG', '7118', 'Quincy', 'Partizan', 'Luxia', '301635', 'jcrophz', ''),
(649, 'Janifer', 'Cona', '192 296 8235', '$2a$04$UmQXFTI7SjvPNoZae13k5uZMCNohLjxWj8x336ytLf51jJUt5lgBK', 'jconai0@cornell.edu', '$2a$04$FKtZwFsDXtXj1uIeWK1pw.Nt9TyXR1LMXi.vZlImilGDCvEoeiz.6', '6', 'Summit', 'Delgermörön', 'Kurnia', NULL, 'jconai0', ''),
(650, 'Hanson', 'Pickles', '227 395 6269', '$2a$04$ENPzdABN90uXzOmC38DMt.UWIpQ7oZ/8ItsMRk0wWULAfUWMeyBtC', 'hpicklesi1@altervista.org', '$2a$04$h8WZsCL4TZuGiNlkM1uPl.TwIyS5EA7sNgbVrD9w55RSMw/pkh1nK', '837', 'South', 'Shanghu', 'Malaruhatan', NULL, 'hpicklesi1', ''),
(651, 'Gregoire', 'Schwier', '473 712 9060', '$2a$04$0A2/FU5LsQGaohifyJD1PeeY7xfdkMimq4LhmV5HiRir0hTSIJoJK', 'gschwieri2@bluehost.com', '$2a$04$I45J41nMGVyl0OmZZSMDZeZ2LPzvUrnxNzYBluBRQnijDFF6EsRmO', '9137', 'Badeau', 'Al Quşayr', 'Qingduizi', NULL, 'gschwieri2', ''),
(652, 'Mellie', 'Tomaello', '849 327 3633', '$2a$04$io0HSQ/S.d8GJXje2N.RXucbvnDDDvvRAVMTMkInxyeEeywwbecpK', 'mtomaelloi3@123-reg.co.uk', '$2a$04$p02FAvDhDWHvzhiNppg7le/Dz7k3eHFruXtJKwhUOtj/wVhljMFqm', '20639', 'Dunning', 'Mueang Nonthaburi', 'Borowno', '11120', 'mtomaelloi3', ''),
(653, 'Kerianne', 'Lanphere', '171 736 5662', '$2a$04$VCuwF1boj3P1TBrLvojMbuSXAFjaY0yxHn8Qg6mhrnJNnXOkRlKz.', 'klanpherei4@wikimedia.org', '$2a$04$SIX9XX2rpbTCfbqBRxAD1.sdgMFQN8P8q31AyDdLoLe.c/7vivjhO', '98', 'Blue Bill Park', 'Pengxing', 'Zibreira', NULL, 'klanpherei4', ''),
(654, 'Emory', 'Fortesquieu', '914 727 1553', '$2a$04$1uf6WNRbPD6SiGzpTVi00eD/JmH3hHGhfH6piGbbSEV2DZ3yPmLli', 'efortesquieui5@over-blog.com', '$2a$04$GB/hWcpHwnAJuomuuEZYae0XBrksVnc21krmA8t8odatk1GNQM0Qu', '041', 'Fulton', 'Caopie', 'Yuzhou', NULL, 'efortesquieui5', ''),
(655, 'Faun', 'Pothbury', '275 180 2347', '$2a$04$oWJyucNgsZC6UeCo1P4q2uYlpBM.upAtdy47POc3A9FAylUPqHKGu', 'fpothburyi6@seesaa.net', '$2a$04$X.ahboGEW7TA4E6NimZLEOci/QV/R0K..Ke0wmTodQkrkGwCR77uW', '3365', 'Mccormick', 'Issenye', 'Paungde', NULL, 'fpothburyi6', ''),
(656, 'Nanine', 'Muslim', '194 351 4529', '$2a$04$PUlkOn2pUyGo5bgwl/3IjuHbW14hWDd9xOqtJ3jgEJ2rKsCDcMtvO', 'nmuslimi7@chicagotribune.com', '$2a$04$LZl4EQmbkMSLo1s7EI/F8ezGhFA2NB24BRfVEAD5fbMQyjC3yFi.i', '52', 'Eagan', 'Zapolyarnyy', 'Benito Juarez', '184433', 'nmuslimi7', ''),
(657, 'Maryjane', 'Burren', '881 111 2013', '$2a$04$VSREQ1HsUFvr7EisnSTC/.NnLmlrPdOlZ/AvQfDR7jrpHSjeXupYq', 'mburreni8@cbslocal.com', '$2a$04$AHzqryNINEZVh.0CElLvqeZUITB7ZSc6G6KR.9rPS.2J5j8XgheVy', '602', 'Eliot', 'Patrocínio', 'Saint-Marcellin', '38740-000', 'mburreni8', ''),
(658, 'Selie', 'Oluwatoyin', '294 266 6919', '$2a$04$0ZjeIzBHvtKQ2YoL6pFucuONCizywiRgjCUXO3y63EZDfmyMPmQyu', 'soluwatoyini9@blogs.com', '$2a$04$TsrrxrqJiR8IwY.35fCa0OyuXLfeCuJy/l5hDP7ylQ8kthC7gKKey', '6', '6th', 'Oqtosh', 'Hitachi-Naka', NULL, 'soluwatoyini9', ''),
(659, 'Ambrose', 'Rodden', '937 723 8843', '$2a$04$mGxMBEU8CmJjKydWTTZURu5VGrsELTSSM6xW0pTEp/sQw/3iAp3X6', 'aroddenia@nydailynews.com', '$2a$04$msdhb2SGtASxWZvBzZKaI.72w.4j6P0ICh6Z12yw/4bylWOCDmQjK', '91883', 'Jay', 'Balingcanaway', 'Beizhuang', '1211', 'aroddenia', ''),
(660, 'Phaidra', 'Oxbie', '735 627 7957', '$2a$04$22qFwUZyOESM00Qs6zQNm.c6OexswEVN2cPfq3Hs6UwgAjzbbScYS', 'poxbieib@bloglovin.com', '$2a$04$pNkQ7M.s4.owpYUPI4WuVu7y6m4yxb3JqvTrruAq4GHsncR47WM/K', '4463', 'Village', 'Uppsala', 'Karangtengah', '752 61', 'poxbieib', ''),
(661, 'Edith', 'Esmonde', '756 471 7971', '$2a$04$1paBoHpWO2ohf/2oPSUftuOtSRARKcU1WDdCEmO9JP6wprVtUd9WW', 'eesmondeic@cisco.com', '$2a$04$Wx7fowInfC2oRHzmOYOyo.iZlpAESyjp0birlZEzEUe9VLRV.VE9O', '346', 'Pennsylvania', 'Río Tercero', 'Sabandia', '5850', 'eesmondeic', ''),
(662, 'Livvie', 'Biaggioli', '669 348 3600', '$2a$04$oGo149ES.rdOZfZDTlvxRu3gy7B.8hOqMz1iIez6RerlJ2noZCCWC', 'lbiaggioliid@163.com', '$2a$04$QvFsplBMLTMwl2Xej8Sql.kTmTgGbEY9lP0yfApsSmbsFUvzNIhnq', '65045', 'Longview', 'Shanxia', 'Huaxijie', NULL, 'lbiaggioliid', ''),
(663, 'Mabelle', 'Covert', '404 615 2637', '$2a$04$5TQPuRy51v0S58XtKqL.0ORsWhPPtFde171/BGh5Wkf30xIgCVFCy', 'mcovertie@wired.com', '$2a$04$MtBLjJPhy5p0tYEyQEUbKOCJ2DE9laQagdCn0L5zdScbIPzMe8xzK', '8946', 'Northwestern', 'Duluth', 'Noşratābād', '30096', 'mcovertie', ''),
(664, 'Northrop', 'Quarles', '828 936 8431', '$2a$04$FQRUhZPOxOvB4wDFHsTxQOx.kkZQc6jBINAd.Vg9cKwToFT9KIoOa', 'nquarlesif@ftc.gov', '$2a$04$ldOWD9z5wB841FH6US93v.1iF7w57NPIOKq3HlP20ZNf/xaFUwd9i', '963', 'Mariners Cove', 'Domont', 'Chuquitira', '95445 CEDEX', 'nquarlesif', ''),
(665, 'Audy', 'Maffezzoli', '418 254 6420', '$2a$04$Kb9nfuvBK1oNm4xcqrHusuDcSFyAj9ixaq94WZNnUS8NO3AXq8FW6', 'amaffezzoliig@businesswire.com', '$2a$04$ZtM.Cc7p3cZYaCp/JXTM.ujPA41VqEEeIzd9xMww1Pzim.GBndCQe', '44', 'Onsgard', 'Cete', 'Hyattsville', '4580-313', 'amaffezzoliig', ''),
(666, 'Kurt', 'Belchamber', '105 670 8500', '$2a$04$HZHnk70pMemxRCLTClSgPOcQvyaQKDVIeiqdQ6OD.GdqhWIUsxuzO', 'kbelchamberih@nytimes.com', '$2a$04$WKyMo2glzEH6AWTd9CWeTu/olsH/ziIZ9g7z0RoHH3VGqWF2566Za', '996', 'Saint Paul', 'Varser', 'La Cruz', NULL, 'kbelchamberih', ''),
(667, 'Amelita', 'Shepstone', '574 115 6683', '$2a$04$AkPD5gCUIbNzhBvHig0IIu0oKEnghNr50Rs9yEcKPjKbByfTMaOXm', 'ashepstoneii@skyrock.com', '$2a$04$VaqFQXxAXBiRoFk3x8uP6.b8jT/ubcbmqkhke474YKwvbH0MTBZ7S', '08', 'Northridge', 'Abades', 'Shunyi', '2435-225', 'ashepstoneii', ''),
(668, 'Jeffrey', 'Schriren', '598 743 6497', '$2a$04$bsnRP3vywSGfD67G5e4mAeDJCh79.MyVTD.3WSvGbeAdMeSWS4bru', 'jschrirenij@statcounter.com', '$2a$04$.mBPKKprTB0Uv3/NLfjdv.Pho72Dao08IFVlP1Qo5fwLT3ElNVgPq', '6766', 'Waxwing', 'Dagkar', 'Yanchi', NULL, 'jschrirenij', ''),
(669, 'Gunther', 'Cubbini', '169 399 9627', '$2a$04$y1oB4hBosSHwrPrDkv2WTeLy2/xiVkyKmdZVyqhQJ5M34xTLoYuZS', 'gcubbiniik@prlog.org', '$2a$04$P0vXHTLhUMy/cozWTch1uuI.kLmFLQ08iwttSiULrtJxcaHnzJdQi', '9813', 'Birchwood', 'Vrané nad Vltavou', 'Muleng', '252 46', 'gcubbiniik', ''),
(670, 'Westleigh', 'Gabbidon', '735 193 4896', '$2a$04$7Qrp/FNcF7zEHwN.IpgkQ.xtUdxzxgNA01bSXtRxVUiQKTLkRrB5y', 'wgabbidonil@ted.com', '$2a$04$I.p10yOKhf0FS7GVcxzg5ORejXHfBXlt47FW2nDWA22t/K2GHg3Zq', '2383', 'Katie', 'Pervoural’sk', 'Lacombe', '623109', 'wgabbidonil', ''),
(671, 'Coretta', 'Willmore', '478 329 1509', '$2a$04$o1kzulqbvBorQCb4BnDKYeE4fbCF0eoVGz9iK4SdalWgIpzTP95H.', 'cwillmoreim@va.gov', '$2a$04$9bV2AiuAsTQPUa0qlxjdeufnr6AaPs2l..Y1XJGYeZJwUn6wfQUpS', '509', 'Oakridge', 'Staré Město', 'Jinze', '788 32', 'cwillmoreim', ''),
(672, 'Hamlen', 'Djekic', '213 107 9696', '$2a$04$89et6SC.kIs43X8Jh1dpE.sz/8YlXKytawoUjZWR6pPJXtej9gOzW', 'hdjekicin@slate.com', '$2a$04$djvLEsWS9WGsOJTtZgGr.u49caYkxFVYKcrgwjwmNnAwxb8RLqZJi', '5521', 'Hansons', 'Los Angeles', 'Woerden', '90189', 'hdjekicin', ''),
(673, 'Lusa', 'Roussell', '660 419 0187', '$2a$04$jNd/OXOqS31F8.XX7mhYjewo3uJX7wHwz58W9MJ2MkjAjzSMxMoIC', 'lroussellio@census.gov', '$2a$04$WuJZI6AYFVt4hycQptV5UO1sGXXlsUWHzay6KHm16fVFhaTRX2wbi', '1', 'Forest Run', 'Hiratsuka', 'Düsseldorf', '820-0702', 'lroussellio', ''),
(674, 'Terrie', 'Hinnerk', '573 550 1176', '$2a$04$GpDAawh1wHSZI8FOgfyYx.3aYVNbixaJAx2hKB0gjY0JEsyJ/FFHq', 'thinnerkip@google.com', '$2a$04$GgWEoeDrEt1v/AfmbyspDOTd/ztN1s9vNao498GUYyt5XSqBZTUWC', '51152', 'Anthes', 'Pacobamba', 'Poniatowa', NULL, 'thinnerkip', ''),
(675, 'Griffie', 'Trenoweth', '402 260 1771', '$2a$04$DDS7KdSEX8AiJAUFV93mNu9PcD.EuDeOwETyu5YSJznpcv6O127o6', 'gtrenowethiq@guardian.co.uk', '$2a$04$qhXejhpC9KSASvVu6/Cg8.JT5ucRV29ndndZtK0jpHH63E.Cjj1lS', '449', 'Maywood', 'Adrasmon', 'Lidingö', NULL, 'gtrenowethiq', ''),
(676, 'Bil', 'Reeves', '541 799 5837', '$2a$04$vzFhIczPiySRK603LCCJb.Rw/0ptD.TCXRylp4Sg3Hs9qmA05KZEm', 'breevesir@linkedin.com', '$2a$04$21JH9Ty9gQu3vwvAwhbWZucpnR3qvv2TpFSYWXoLY6ndm/tCTQIrK', '49608', 'Bluestem', 'Settat', 'Čáslav', NULL, 'breevesir', ''),
(677, 'Byran', 'Vallantine', '410 970 8111', '$2a$04$G1H/fmk/HMxoFV3Cg9ul6ecsxioVYjvg7CR.6BQIjK4QG6afsDpxS', 'bvallantineis@auda.org.au', '$2a$04$3.MUJuXY5z/xlHLYrN0xf.kUYPcVfIr/vnfM6kpg41auW6AWoMPQO', '5687', 'Lunder', 'Aurelliana', 'Hongsihu', '5702', 'bvallantineis', ''),
(678, 'Nate', 'Clawley', '685 812 4316', '$2a$04$DjGBxU4vapqxWi3hzte7k.jfNmWRF49mm/YxLaPfuPo3I2GyYH2PC', 'nclawleyit@wikipedia.org', '$2a$04$qjUB/RpB/VY6.EvTlh6m8.EYUjGC0wc45JimJWHih0Im3wlbKa2vS', '820', 'Nova', 'Daqian', 'Köln', NULL, 'nclawleyit', ''),
(679, 'Terrill', 'Foss', '525 471 0251', '$2a$04$G4jWsnmkNjF0HmBMlWTeAuQSO/7pXXblW90GKtMD0WWg4j6LJHlnu', 'tfossiu@apache.org', '$2a$04$P7Ao8CxzutYhR4mSSCN/z.F748oPm6Xe7BJ7O9sUj30vc7UvXmNhm', '07', 'South', 'Qingshui', 'Cigebrok', NULL, 'tfossiu', ''),
(680, 'Daryle', 'Fideler', '883 354 6129', '$2a$04$FZcp1Ind2FmyKtZCDNjcqu/97Ibom/VAs6tMoKWrWapvqeuSl1kIu', 'dfideleriv@homestead.com', '$2a$04$fRcN5jmaUC0WG8XA/NKNdeqmSH7E0G/jgCdoAk6GMe/PwzrY.MDfm', '8368', 'Rieder', 'Budrus', 'Jingyang', NULL, 'dfideleriv', ''),
(681, 'Sly', 'Gilderoy', '207 667 4750', '$2a$04$z5fHEqXI5ShP.OqI3T0rhetgpnJ8NSzSXdBSF/NnCE.Yw2fE9LvSq', 'sgilderoyiw@fda.gov', '$2a$04$GzS5oZs88oYJzeJ/jUiRKuZssZxYHyrbsPnTcK38dZ8xgUz7cyxGK', '84968', 'Roth', 'Babakanbungur', 'Nanping', NULL, 'sgilderoyiw', ''),
(682, 'Sonnnie', 'Ascraft', '635 179 9435', '$2a$04$kkwn6nmMbXtUfLDz4qqWMObot03gScjTpgUybLpXAGSbsmLJO4OIi', 'sascraftix@furl.net', '$2a$04$03q74p2p5mODz/L8m69/Pe1w13brrVDnHcKkf/1dIM3UIfUjAA4WW', '23425', 'Pleasure', 'Niort', 'Aoufous', '79021 CEDEX', 'sascraftix', ''),
(683, 'Jerome', 'Ogborn', '708 712 3892', '$2a$04$1bW1vEih/bKkMMcPu8PwduSlqIdHBUxYGxLvZXV8/rvZ6lJpEFPvy', 'jogborniy@stanford.edu', '$2a$04$v2k/tkbb7vPy1UUZYgtPk.qw/q1Pd5DZ8P/AujxVTY0720UzfC0Pq', '61', 'Dakota', 'Ambato', 'Malya', NULL, 'jogborniy', ''),
(684, 'King', 'McKerton', '722 965 9009', '$2a$04$Iso.ytKxusMRkOwSREjnGuAd0dYyskDqx2heVZEfEVKkWXq69Z3ge', 'kmckertoniz@jigsy.com', '$2a$04$kUlClLAGd2JQLecjYYphduhvr5IEFySMXwXrHDnnDFX9oK7fdIN.u', '46', 'Meadow Ridge', 'Sancha', 'Smolino', NULL, 'kmckertoniz', ''),
(685, 'Jonell', 'Krier', '843 786 6237', '$2a$04$9w4MdzT.0zfwRkuu3dPsAuRsu7Rz48kR/OhE1ilcly8iHPPPk45kC', 'jkrierj0@wordpress.com', '$2a$04$kHOHNII5nBAluaWQNe.VGuEffC.jiAh0d8.HhzgTLQMikRJQkSt0m', '622', 'Thompson', 'Dama', 'Greensboro', NULL, 'jkrierj0', ''),
(686, 'Symon', 'Soane', '628 914 7130', '$2a$04$nwfsNTCSx.NvFFIAA7lOcu0wzLc2IiglA6BXdEfgGr4v65nUpSRqW', 'ssoanej1@webmd.com', '$2a$04$BDnJ.gOvYcFG3uOQk..w0.EB0nRkIgZ17J2LSfUIK8cKOk48UgFGq', '51769', 'Continental', 'Gorna Oryakhovitsa', 'Luoxi', '5145', 'ssoanej1', ''),
(687, 'Neils', 'O\'Fairy', '373 596 2700', '$2a$04$riq81tiSeBkWLkAnfAs.Lu/Hf4iKxGc/P5yTEttKrwDSrfZDNS932', 'nofairyj2@ft.com', '$2a$04$I7knxCkoRypNF9BTMJMYeOsXUkEAPsxiQTLlt3ITmOYP2GsEX12fC', '23', 'Welch', 'Wiślica', 'Bouca', '28-160', 'nofairyj2', ''),
(688, 'Webster', 'Haselden', '478 979 2652', '$2a$04$68w8rb7pPlRvgF4/nHDG.usmjl/sh6DsW3vkGt5JPJHYAA6MJ5qfW', 'whaseldenj3@usatoday.com', '$2a$04$N5l7Bbj3xA25qFEl3bl.5uB8WkmbJektGczgSaTWM3O8.RZx.u3.y', '012', 'Kedzie', 'Xuebu', 'El Águila', NULL, 'whaseldenj3', ''),
(689, 'Faustine', 'Fry', '578 953 8294', '$2a$04$K2gWtlzSUrjzLQ/wJgV6f.EGxZhr7Y8sszdYneO75klj3PmBS7p0m', 'ffryj4@va.gov', '$2a$04$dwNOsMRzxNpRIl53CVpAJeTb8S.ol6G/nissdtQJDc5o.uSyPTbvq', '41', 'Lindbergh', 'Gunungkendeng', 'Xiqi', NULL, 'ffryj4', ''),
(690, 'Hope', 'Gill', '751 788 6130', '$2a$04$XNaZYkx2u00s29RnnELgx.YIt29hHlAZYIK1j92x8rR7QwUMyafaa', 'hgillj5@reuters.com', '$2a$04$TSu1OQo9g7LjdBFs9mQJIeWKGiqyuhc51BqcKs.NuI6rH.Zug.GV.', '0', 'Londonderry', 'Guanzhuang', 'Tianya', NULL, 'hgillj5', ''),
(691, 'Clem', 'Batram', '828 128 8951', '$2a$04$j8oF198VEgJYBTX6pZl.Ju4a0WMXf1il0nAq4HEM7rwjtraph2G1K', 'cbatramj6@feedburner.com', '$2a$04$8ugxoW0o6VHP3KVWssnO/OJWtdTtvY47yrpjWwWX1suC7XDsCpjB2', '19', 'Vera', 'Ono', 'Steinsel', '989-1505', 'cbatramj6', ''),
(692, 'Ephrayim', 'Faraker', '166 337 8286', '$2a$04$4mfo3mnhhhjlTrfktgyp4.XAcQnBtNHNq1ybyxJ.gikKIhmqzaBRu', 'efarakerj7@stanford.edu', '$2a$04$TTCPI2eKsr8ebJ4aOj9uge0CB7Fo3GB21KRNl8rJT4tfvre1WGHZO', '21704', 'Florence', 'Colombes', 'Shigu', '92709 CEDEX', 'efarakerj7', ''),
(693, 'Brion', 'Millins', '621 236 4929', '$2a$04$4pOtfHlEYX5E.KbMgraqd.5WwVSjbYtVBCDkzv6Im0vZ5ctgkHjc.', 'bmillinsj8@squidoo.com', '$2a$04$1g32K62n6vjZCIVJbcguAe6sB3P39oTRyNkdBIHbYmckO8S4xjbbS', '340', 'Barby', 'Aksu', 'Zürich', NULL, 'bmillinsj8', ''),
(694, 'Mabel', 'Ley', '966 577 3890', '$2a$04$flKfTexOuAsEm1QSpU0ytupj2QmQ/SpCajboyfB2zlxYFonj5Ooqy', 'mleyj9@opensource.org', '$2a$04$k6DWk2SsvdLeQSMdaf7lUOnW7RuNnQR4XWzf819SoVcVqpMGPVWeK', '21885', 'Duke', 'Sâmraông', 'Hinigaran', NULL, 'mleyj9', ''),
(695, 'Rolfe', 'D\'Enrico', '716 289 0285', '$2a$04$9VE/.dRVZp6UUl5Jfl0VQO4voZoQZTCep6Vm8tdRdsQZncU8KZ1Ci', 'rdenricoja@youtu.be', '$2a$04$CBqKo3zHPmzGLX6.GaztCud61mn7wtT.rtC8XECCMVeuk3idalxe6', '30406', 'Manufacturers', 'Sakerta Timur', 'Kyperoúnta', NULL, 'rdenricoja', ''),
(696, 'Georgy', 'Tranter', '320 304 8223', '$2a$04$g3PD1ALndJn0ek7ppYlJHOLYcvdFyrvPw2gGhek8y2UI1sc7nJdHS', 'gtranterjb@dedecms.com', '$2a$04$XLdZ/hbHpngtVfAIUl/E/euHmBtydlr.EQG3mptzkIleklXqoF0ge', '825', 'Magdeline', 'Bratslav', 'Limeira', NULL, 'gtranterjb', ''),
(697, 'Gwenette', 'Sabban', '185 995 9389', '$2a$04$mB9aTeR1mCaNHwpJ60sU3.oYWAaZ2MIByzcP53bvZkZeU7NrzSZKW', 'gsabbanjc@arizona.edu', '$2a$04$42pFMUFzmBS2dlEbGhM21OewlGgA6HkcuiRTtPaB.wHT8noHfNq3O', '7834', 'Dwight', 'Nova Praha', 'Jinniu', NULL, 'gsabbanjc', ''),
(698, 'Clarissa', 'Keddle', '172 445 8223', '$2a$04$75Jm8vbj3.D4RmFdbDodgeUsxbLZjBy4AX2EMOPihthKE42zKaXQ6', 'ckeddlejd@istockphoto.com', '$2a$04$FgBCp7HHrTjEjckIxaNIOu9dgt2gzpbJaQT6U1UrrKAEHVUTXB17m', '04234', 'Crowley', 'Marystown', 'Kassala', 'L2N', 'ckeddlejd', ''),
(699, 'Sheba', 'Dayton', '569 588 0383', '$2a$04$Nbq7tUvaMEnwTfUETif/.OWyitzmd9rUF28rBsm1eXjr6dkmkSvYW', 'sdaytonje@soup.io', '$2a$04$.IJ3O5Bp6jBowdGpg7mDYOABUv0kCHYg.cdtVKsz4xvg8FsEsl246', '97', 'Utah', 'Yacheng', 'Týnec', NULL, 'sdaytonje', ''),
(700, 'Valenka', 'Greated', '780 224 9573', '$2a$04$M.gH3KcaU0Khsg2nbQF7oeSvYQllB9XxJ65EM60ZJ2MqI1as/JhoS', 'vgreatedjf@uol.com.br', '$2a$04$TcoJmsWCJDaVY1ivzKbqoOb453e2HqhyZq6NIKEC/Bpn.3lSP1NkS', '2', 'Daystar', 'Zubtsov', 'Klyuchi', '172318', 'vgreatedjf', ''),
(701, 'Adelice', 'McGarrell', '831 345 9223', '$2a$04$pWYOzgQsgYA/SkFOQUcvJ.ipVGBsO7vPnwZUk0.BO5lUZ.EPl/kz.', 'amcgarrelljg@shop-pro.jp', '$2a$04$6EVVRa1ZVGQhJaObURtC3e3EKZUwMAe0iUHSupVEZBxbEJA2pdE1C', '752', 'Mallard', 'Skinnskatteberg', 'Seputih', '739 30', 'amcgarrelljg', ''),
(702, 'Erika', 'Aitchison', '906 918 9205', '$2a$04$Nz/XJvTC0uT8x0h3Dg0rGu9nFMGrAV2sKnEy/HUF81glLCZkfm0jS', 'eaitchisonjh@digg.com', '$2a$04$9vBwOkoiEGLy08OJCS59j.OqalxHll1HDfeO1g3ymoephgyUF0/Zy', '68', 'Mesta', 'Bartolomé Masó', 'Omuthiya', NULL, 'eaitchisonjh', ''),
(703, 'Curtice', 'Mannagh', '354 943 4968', '$2a$04$zYmmHtMHwxP0h9N9EA5HROGXHEKDeP8rmjEggDTOr3YZAv.a6MHvS', 'cmannaghji@aboutads.info', '$2a$04$zC.YZbV9svKA/si.tRqqCu8WsDjC/XTWQtlqjOKGgEfhK4E5BBTEO', '7', 'Lighthouse Bay', 'Berdorf', 'La Roche-sur-Yon', 'L-6562', 'cmannaghji', ''),
(704, 'Quill', 'Langmead', '454 127 2501', '$2a$04$zVq4oBVYAaT/zyb5wwYR9.vlf3X.oWRDOZTAmhBQVNFlYLswlxDzW', 'qlangmeadjj@de.vu', '$2a$04$Uqav5LeKmtOvkRBCdS2Q6eIKOBXtV0WNCYSjJ1HNFkMTjTeAPM4OO', '0', 'Chinook', 'Maymana', 'Changshu City', NULL, 'qlangmeadjj', ''),
(705, 'Lainey', 'Blackadder', '660 592 1587', '$2a$04$EcCg1YtV6rAb9unD5JUDXecx.HET5AkpRmRBCY61WEG6orBPDVQzm', 'lblackadderjk@people.com.cn', '$2a$04$tE/nxnFscKtjq2leyVey8e7kywSXq9C5JaXQeXAguv7zMgabwN2ou', '167', 'Grim', 'Genève', 'Kaseda-shirakame', '1209', 'lblackadderjk', ''),
(706, 'Rey', 'Ketton', '688 766 5685', '$2a$04$k2Z0JT9b.tarzAMiNai7Qe7rHMvDt4Xhp0ogb1i6GEizsjmzS58Mu', 'rkettonjl@adobe.com', '$2a$04$Uaa8x3IOoG9Bw/uj3INgrOqTSXRhGkzA1OqVytvZNnigoSI21GxWa', '14', 'Dwight', 'Pluak Daeng', 'Juren', '21140', 'rkettonjl', ''),
(707, 'Hyacinthie', 'Tocqueville', '600 110 0015', '$2a$04$58h4mK0NHE5ZSHpgmg3hBOv4UcbB03y33JEBRel7uOpZ2lF7aPToW', 'htocquevillejm@cyberchimps.com', '$2a$04$d5NdZY2SMlrjN6B7EZCSTOxb56JxMAYABSWBF1yUjotR1CYTKH6Ge', '915', 'Kim', 'Akat Amnuai', 'Telde', '47170', 'htocquevillejm', ''),
(708, 'Phyllida', 'Elph', '437 901 1114', '$2a$04$PeWGmfypCb15Me70GL.2JeXOghq3dvx0VXwqhlu.B1poZYQEqqove', 'pelphjn@jalbum.net', '$2a$04$o29FqlSfEcXegt0BCxR.kuDGngjSXF9WhNWmWAb828ngI7awyD.l.', '34436', 'Rusk', 'Oral', 'Xike', NULL, 'pelphjn', ''),
(709, 'Harp', 'Denness', '458 886 8105', '$2a$04$wwmMc3D9NVwiqRblK5.53e0eCNTKlnPIVpfKeFQGrlN8DKPrLXnPq', 'hdennessjo@cocolog-nifty.com', '$2a$04$Y1B5dlC3d4XeW26lO5DIhOJuA9a4glgsP667I7p/6WNnSxujnsNP6', '83', 'Golf Course', 'Cihe', 'Yaozhanzi', NULL, 'hdennessjo', ''),
(710, 'Tina', 'Barthel', '789 558 4480', '$2a$04$JTdB4KkftwUyTKZhbOCSQOq8FnTiCW6j48sYoD2BWFzPDKgyQElPq', 'tbartheljp@home.pl', '$2a$04$GQikhnoV7kCacubDJuJ6JugqwwQnkYfpNO2HGPvVadSIJZtjkf1NG', '19', 'Harper', 'Al Ḩaffah', 'Ocote Paulino', NULL, 'tbartheljp', ''),
(711, 'Pepito', 'Mealiffe', '792 915 7611', '$2a$04$zgMrGeGMgJ0cTdGc7ZGhOuLRLXSP.fU0fqRn4yyBthIZHao2hASjO', 'pmealiffejq@examiner.com', '$2a$04$XfTYbhop0uG4UYb2Tsc.me5yZ9pMV3FnQqoBLH5RdL.AMdZXtsj6K', '07108', 'Schlimgen', 'Hanyuan', 'Olavarría', NULL, 'pmealiffejq', ''),
(712, 'Blake', 'Franc', '104 689 4177', '$2a$04$RDUpiKkPye.6onivSSMYk.XFHCBxZcOKOZkQDDF6MfJ1mp28seMzO', 'bfrancjr@baidu.com', '$2a$04$/Ne/IPxwYsrqQnlqjiHZBO6MFL4RhXC2AUakoMPNISw5CUwOn64bK', '59846', 'Stang', 'Burunday', 'Vila Franca', NULL, 'bfrancjr', ''),
(713, 'Norton', 'Giamitti', '829 132 3977', '$2a$04$CcbZUSpEzT8DRTROk047EO/7XrHyRWz.b7kC4Qxyok8aGRwjJwXm.', 'ngiamittijs@youtube.com', '$2a$04$113DG706sGGnJZ4qvpqb6uv1e3D2zIxhUAksGM4A.qOhK.icbyGcq', '5716', 'Sutteridge', 'Lāmerd', 'Itapetininga', NULL, 'ngiamittijs', ''),
(714, 'Lynea', 'Nani', '786 386 2379', '$2a$04$c7gOjofFoM4fDZxqpUk.cu8aF96j5jYM9GQyOBc2Q4fQqO0gxInPe', 'lnanijt@netvibes.com', '$2a$04$qN6YkNtvHd4Y9jRg5TbxDeLAKGRL2DFUmCt1xTfFGmR00uJynLZKa', '48801', 'Basil', 'Alcainça', 'Mekarsari', '2640-705', 'lnanijt', ''),
(715, 'Basil', 'Gercken', '942 277 4222', '$2a$04$aZs40Kom43k.z7JTQVyrpOx1oM/9GmwoLB3o7TdwnJN4UoaRqDshu', 'bgerckenju@godaddy.com', '$2a$04$h7Zq00PPQoNQD/hTz3H6YuNR5Cm2MxvU0x6vPBlqroN/ICGNWxY6K', '56', 'Dottie', 'Lgota Wielka', 'Kaniów', '97-565', 'bgerckenju', ''),
(716, 'Wanda', 'Hollow', '517 648 5596', '$2a$04$k4rSOTGdzU4hkI85DMIePOL2MQAHSrZBmczya//ypZ2Cqe0u55nFy', 'whollowjv@google.pl', '$2a$04$9msqDuvvoHSWhLmOFT3Px.awYVoeewQk7erMBwZuXMaEniw2oiZ4.', '749', 'Farmco', 'Bagrāmī', 'Ḩalḩūl', NULL, 'whollowjv', ''),
(717, 'Jermaine', 'O\'Mullally', '362 439 3290', '$2a$04$NaD299gjQAi5XmdgOt4fm.ereJZ1IqLL361RPkxACvU0OzX0MHNUG', 'jomullallyjw@naver.com', '$2a$04$gFQJ2sium3uTEabprmtFm.IzTfB/fJUj7/FApLaMwNh/cdF57Dc5O', '53', 'Tony', 'Bulgan', 'Mata de São João', NULL, 'jomullallyjw', ''),
(718, 'Meridith', 'Sommerlie', '733 922 4019', '$2a$04$qRypk3WtyWh225oNzJ8Z1.QmzRWwNhqF66MG6elvN5POaElUwTyg2', 'msommerliejx@biblegateway.com', '$2a$04$.jXXyTqBs3Lgb9PFsaYONOogG9ZKfnXkbv8jFP5d9bmq5RjcPUwG2', '6278', 'Maryland', 'Minchinābād', 'Créteil', '58031', 'msommerliejx', ''),
(719, 'Thayne', 'Figurski', '812 929 8481', '$2a$04$zTBrUfQr/XUS1KzldoFDZ.Q0xUtNqX/ygfw2Vh04XJfq.R4ojiHQC', 'tfigurskijy@simplemachines.org', '$2a$04$5lB9sIeSUvVDRVM74RDE/OImOLVALzdncuBnH7x2l5JV.GWcsLM/O', '54', 'Hagan', 'Evansville', 'Bopu', '47725', 'tfigurskijy', ''),
(720, 'Kris', 'Conley', '701 265 9330', '$2a$04$rwBy8fFH0A7oOIjjutxB8OK6soEivnrZeg/RZJmsITi4wuwQU7t42', 'kconleyjz@archive.org', '$2a$04$dfn8fwfApxknu7VPqwZB9.vy9JWRksEtToAjz3QumCVyvUAEebms6', '9', 'Leroy', 'Grand Forks', 'La Unión', '58207', 'kconleyjz', ''),
(721, 'Lynnelle', 'Feldberger', '855 690 1045', '$2a$04$YCueQ240J8yxdD2KshtB9emYDMiyJ0usJnM7HFZQ0SNGALHJbGiiq', 'lfeldbergerk0@mozilla.com', '$2a$04$tx4qW.gqJyWlw0rQaO2oSudLm5t97kkwi1KUiMT6rAoj/spARXB46', '2731', 'Fordem', 'Libog', 'Lianhua', '3905', 'lfeldbergerk0', ''),
(722, 'Talyah', 'Hulcoop', '740 948 8906', '$2a$04$JpMipC9NQ18xidWUXwuKwOs5/MrMF0H/5UX4s/H32NxHCptSp9nMy', 'thulcoopk1@symantec.com', '$2a$04$iFaLOqSOqCs.tpzoa7XYuOMhR7fy6BO/COf16YdL27kn/WL1dDVRO', '79', 'Twin Pines', 'Sidi Yahia el Gharb', 'Castedo', NULL, 'thulcoopk1', ''),
(723, 'Clayton', 'Minthorpe', '251 273 2583', '$2a$04$hazND2TEw1CSMbw0hZPw/e0H6s.lRJK.h2eCKg7nH7MWgBsZVoxhS', 'cminthorpek2@newsvine.com', '$2a$04$QTPP5Xob/g8OXOHvR5ouTuxo.2dlDVljOk0cFjfJ9Ks/peoie4WNK', '1710', 'Northfield', 'Mobile', 'Sihanoukville', '36670', 'cminthorpek2', ''),
(724, 'Alberto', 'Thow', '457 285 1306', '$2a$04$3aUSEh3AED65dPDXC/Eu8OxCVaR/06H0OqhuMPDPQJAmpexzJI19W', 'athowk3@gnu.org', '$2a$04$uEGtX0i/4L8jZOfdIWuy7OwFtDTZ63jwVF11dco8pKu8xhSNbWM82', '94844', 'Coolidge', 'Pueblo Nuevo Viñas', 'Chlumčany', '06013', 'athowk3', ''),
(725, 'Hayes', 'Longhurst', '407 481 5770', '$2a$04$61g2MHRcp4cNwc7JcrZYE.xpCelfG1mQU4PcVI9zooedBYCJhW6YW', 'hlonghurstk4@comsenz.com', '$2a$04$xZM5zs6hZucrX59t7PmdJe4JuQxfYqSKmdxTDMF61OyocCQoP9IrO', '27140', '5th', 'Jinggongqiao', 'Taiyang', NULL, 'hlonghurstk4', ''),
(726, 'Rutherford', 'Turfes', '712 460 8959', '$2a$04$rgHI2l58Mf/0PEPgO43vGO7/S.YlHhzzMEyMa55/k5z4Jd3IaDlC.', 'rturfesk5@home.pl', '$2a$04$i44BBhK8AVnQOcfELLReCeOWtgjVag1kA85va8vJszXWBitqemgGW', '5', 'Grasskamp', 'Pampas Chico', 'Bang Bo', NULL, 'rturfesk5', ''),
(727, 'Hercule', 'Tinner', '680 821 9309', '$2a$04$/N98zYpWpwrZ5c83NOav2.oYMiLc.RF5Z3ziY7bLCgcKqHFZTAK.S', 'htinnerk6@jiathis.com', '$2a$04$AjYcP05sqWIS8RbHDu.rCOIZQWjV.8EQ.h8jQt1hQKGzS4WNSXFci', '6', 'Pennsylvania', 'Hveragerði', 'Čeladná', '810', 'htinnerk6', ''),
(728, 'Lea', 'Kleyn', '310 801 5984', '$2a$04$sYcEWRUflj0Vk354O/2ex.r3mbiNduv/9WteEtE9I5rmbm2uTbl2u', 'lkleynk7@marketwatch.com', '$2a$04$q5yt5wOxdxJ3V7TsqWwOqOJPYRmgFjZ8UD/UtM2wpgNvhNr1m6O8G', '0', 'Westend', 'Palmira', 'Wahai', NULL, 'lkleynk7', ''),
(729, 'Morna', 'Bousler', '141 881 7449', '$2a$04$VL64QvcgkxftYQw3B5e1Kejm46wbdy/icL8aOV.s0A6gg0/9U.LJ.', 'mbouslerk8@meetup.com', '$2a$04$a2NnNE0oxuaU8hqvmEoj.eCv3BGOdlEuh9ao8xnfTErtwl4NwX9Ta', '95', 'Mifflin', 'Shimen', 'Izyum', NULL, 'mbouslerk8', ''),
(730, 'Rubi', 'Booij', '657 911 9156', '$2a$04$QDx8yE.FBUgSyG1XIdslqOCwnyFioH3Pkm.GYsPdS/cWkPaL1LPJ2', 'rbooijk9@liveinternet.ru', '$2a$04$euetAP9qgHlPnlFExt9wjO.3H6a6ByWYs5bw1qI0T456vVrX1nFJy', '7814', 'Maryland', 'Khamis Mushait', 'Sucun', NULL, 'rbooijk9', ''),
(731, 'Lisbeth', 'Lanston', '204 627 7266', '$2a$04$2K1JKyZQr0asM.n2nht3uedOViUUwxtLFRVs8.WT3.FRJlqs0S9WC', 'llanstonka@creativecommons.org', '$2a$04$6MosGj.SjK/1qxbN3sKfsOSWNq1AhwLjBuVZlHdkY5O3M/w7TVvLa', '372', 'Warbler', 'Nansha', 'Dong’an', NULL, 'llanstonka', ''),
(732, 'Zachary', 'Pidgeley', '558 821 2772', '$2a$04$BivSTyjyKdPmmFsIu4vzxuLT9tGkprvRqgC0mwCeh77UqCINAED3C', 'zpidgeleykb@live.com', '$2a$04$xhEet6E/ptUZf1zUKYvF1eONBmRYKCnjgSs7vQ.Lwn2QR/9SH4/Ei', '41', 'Northwestern', 'Nahura', 'San', NULL, 'zpidgeleykb', ''),
(733, 'Quintin', 'Codrington', '715 341 7148', '$2a$04$ed04P/2YqNt/nwTrcMMQY.QHC3mMF2SI.UlXMWS5Jv4JN3P/mzMIe', 'qcodringtonkc@netvibes.com', '$2a$04$2e7XyRrj5Djd8PQUF/xFY.wZHc0WDqvfV9sxl029ZSVqXjWXO6Nxi', '58831', 'Debra', 'Surkhakhi', 'Banyubang', '386147', 'qcodringtonkc', ''),
(734, 'Axel', 'Hurler', '847 106 7434', '$2a$04$/UbwH9eazAXz8GhWXi8NkO/1vMdLep9htGH2UUk47n4McR67qHFMy', 'ahurlerkd@constantcontact.com', '$2a$04$THZea8m6HmaEUQZ3yedFUe9DJbJjskfFTDYTAE704GTKT8ZX2x9m.', '59889', 'Northland', 'Carvalho', 'Ōami', '4950-703', 'ahurlerkd', ''),
(735, 'Reilly', 'Jandel', '187 158 7669', '$2a$04$kBc9DTBxPMWJ89Hkn0e8wObru474I9kLcR4TwBiK9IN95D.l/.TlO', 'rjandelke@devhub.com', '$2a$04$JLw/Z0rc2J3WovXhgqSPpO.yWjBko3XE/DHtjyLC4w9c1hm4ntMVq', '92', 'Kropf', 'Sukadana Selatan', 'Johanneshov', NULL, 'rjandelke', ''),
(736, 'Bette-ann', 'Campanelle', '548 829 0470', '$2a$04$qEedWK3Z5jJ.f7s8imi2Re2qu6H5emlw1Y8nAbFb1mOzjUqvfaWmG', 'bcampanellekf@ocn.ne.jp', '$2a$04$ERQiw7AVzy0A04Mbma3nj.dKWoVPlyGarpG7khylesqzkE3AyUype', '554', 'Waubesa', 'Rato', 'Nurlat', NULL, 'bcampanellekf', ''),
(737, 'Falito', 'Punt', '299 729 4432', '$2a$04$AAQYGYHbAu6/1lRyTp9Yf.gnnyjmeZvXhtkwHCD/Mng/PrhQP62Ce', 'fpuntkg@uiuc.edu', '$2a$04$56bZJKDutH12bvKOIQpVI.mg4BwbgWIfno.XAeXy8M9.8VkUoY4Di', '17', 'Corben', 'Jiuhua', 'Arrah', NULL, 'fpuntkg', ''),
(738, 'Blair', 'Metrick', '233 517 7017', '$2a$04$EJVbLdrFzsNzkGJmHjnn2u1gP6EBOl6KZy/T6Vo43npmd6oABhmOS', 'bmetrickkh@usda.gov', '$2a$04$vNU79su9TrlXUdtHi0Nwxe.BAIUTqEVWb63XkOWZAoZNGvbs1w51e', '2', 'Scoville', 'Studzionka', 'Altenberg bei Linz', '43-245', 'bmetrickkh', ''),
(739, 'Bartlet', 'Barradell', '294 401 4546', '$2a$04$kD8e2/FMFCHc2Mrv2xtg1ucQQX16MkGU1FkCpcXZa1/Wu2tFloO7.', 'bbarradellki@google.com', '$2a$04$nB8BcxkzXloRsuKKmeR.3.ypNm0YJ5/yFqArF68W3fxNPx7vGW3w2', '602', 'Kipling', 'Jeziorzany', 'Vukojevci', '21-146', 'bbarradellki', ''),
(740, 'Aloisia', 'Prosh', '858 239 4235', '$2a$04$8pZpJnQ.5Vq2Xr/vw3boLucdMwfj7ZYKHbkk557sYoZ905N1AO7TS', 'aproshkj@webeden.co.uk', '$2a$04$csIDI68TfqJeaV2Noo5/bOyhcsRmNUfMLWchAocnNnzSEa0FDgyna', '57226', 'Hazelcrest', 'Sidowayah Lor', 'Buenlag', NULL, 'aproshkj', ''),
(741, 'Giulia', 'Fairlem', '143 587 2900', '$2a$04$bnGBwaMIvASSS.a1zr13meRdqEacXWomH5ZyA0FuAPf.FgN4Dmipi', 'gfairlemkk@imgur.com', '$2a$04$JwXggP8KrFpNed6an7fhaOClXYxzx.wlgsyh57cEqqY2rB3nhKN9q', '596', 'Ruskin', 'Xiyang', 'Gyangqai', NULL, 'gfairlemkk', ''),
(742, 'Toinette', 'McCobb', '486 866 3252', '$2a$04$HPN91oioLasTPXzakKXYruR85Joqbg5i1mbLpQqqyXjCUjfK9cvf6', 'tmccobbkl@google.ca', '$2a$04$JGxzttWNIJNq3oadIFjqnuZvs2OXz./5ifbD2dwST9qx4XAmUdd2W', '8', 'Meadow Vale', 'Al Mashāf', 'Tetovo', NULL, 'tmccobbkl', ''),
(743, 'Gerda', 'Roof', '133 957 6429', '$2a$04$icM2I8uH40eqSU2FgiTqfeP1bjC4Vq7tU17j.OSIHDIqoYRrKva4G', 'groofkm@wp.com', '$2a$04$69SpFDC.EMmmuJDV//ffte9B1AXaLdnDGjortP9VbWbbyAGitdScm', '87536', 'Sycamore', 'Silvino Lobos', 'Bolnisi', '6414', 'groofkm', ''),
(744, 'Gertruda', 'Henze', '719 928 0573', '$2a$04$6.cpYcMn/CxRsbnGSgya9eZN9rz2eg5TCRdEDEiLk2y4PjEhZWTTK', 'ghenzekn@irs.gov', '$2a$04$kJk1SYh8payzKbePvDseUO/eXFIiitzI96./g.TdapaTZ6RzrKZQi', '9916', 'Old Gate', 'Köping', 'Panognawan', '731 22', 'ghenzekn', ''),
(745, 'Raviv', 'Lukash', '637 187 6401', '$2a$04$bbYfZw4Dum4roe5x3.etb.5i6JjWWaVsFIhyuL9koV8OHKwTi9hCW', 'rlukashko@topsy.com', '$2a$04$1Q3JTbVrtU5.DzTWVbWU5e2udOMHJSpgHtQpQeAc14H.m1D0h5wNu', '26809', 'Meadow Vale', 'Ji’an', 'Uhniv', NULL, 'rlukashko', ''),
(746, 'Kendell', 'Bertson', '981 239 8725', '$2a$04$cZYvukY57xdjzjofZG9i1uJefsey5cnj2FHM3lU85KnCZHilHeX2a', 'kbertsonkp@unicef.org', '$2a$04$S/FBmNrEVSqqc6rCvTg4yOUVJS8Xx2S1mlQjJXQPwvLm69F9oGKGO', '181', 'Parkside', 'Malinta', 'Francisco I Madero', '4325', 'kbertsonkp', ''),
(747, 'Raina', 'Morgen', '949 192 9263', '$2a$04$bFpi2GnLL4eXgeS/uz53/.cWo9HbzK8ZI8g/qAJ4aZoYuR8mNDHly', 'rmorgenkq@baidu.com', '$2a$04$q6qvsNxm7C4UxoCDMMwGoOWXS4/UeooHAbDF1jTD7y0ed0AaMUnMy', '280', 'Anderson', 'Hacienda La Calera', 'Faleula', NULL, 'rmorgenkq', ''),
(748, 'Mordy', 'Keyte', '966 281 3339', '$2a$04$NWA7foi1ynfXNCOGXuDDn.VaGydKUHyeVR1Wx3Ivrq/DKchqkpJOC', 'mkeytekr@utexas.edu', '$2a$04$AlSuTBzAvw8mQWdbwEr7E.IJa8UFIHX8phPt8iXi367FB.tAm4vv.', '151', 'Independence', 'Ocaña', 'Qarqīn', '546559', 'mkeytekr', ''),
(749, 'Leicester', 'Birley', '388 631 9656', '$2a$04$CKWpevW8lCFg9btU8j.17.cgho2Wpd29kfAH.ZLU4LScmPhbGw8VO', 'lbirleyks@census.gov', '$2a$04$xHyR/HJ/vAOg7uXJB3Y.T.gkuMvPMkQy0McuyuwzibaGNmmWcFo6y', '2804', 'Spohn', 'Valenciennes', 'Cinyawar', '59309 CEDEX', 'lbirleyks', '');
INSERT INTO `User` (`id`, `name`, `surname`, `phone_number`, `apikey`, `email`, `password`, `street_number`, `street_name`, `suburb`, `city`, `zip_code`, `user_type`, `salt`) VALUES
(750, 'Zea', 'Larchiere', '588 420 3986', '$2a$04$jTy0kyZlvGTO5yPpFwjpHu1bwu9oQgwvSPswcKyRHa6ojXRqe9ewq', 'zlarchierekt@github.com', '$2a$04$tT.yJGvv7de6.ycv2f.E2usbO3geIS9ZyxRLJGctnGHNpT0zc2dqm', '35', 'Rigney', 'Yashiro', 'Pendembu', '917-0102', 'zlarchierekt', ''),
(751, 'Horatio', 'Beese', '130 297 6747', '$2a$04$kNxyXYnvLKvtdzG4J3lyfOv.w6vWnS1y9cE2eQuv6YabFKd9XNDLe', 'hbeeseku@yale.edu', '$2a$04$NaTo/eifq6wla5YV8zaEceHPU6JEr5k8TwtVIOfTIj17Yv7XbhlQS', '6373', 'Spaight', 'Litein', 'Comalapa', NULL, 'hbeeseku', ''),
(752, 'Davie', 'Bliss', '919 350 8368', '$2a$04$Z0/Z1Y1YjBWKXlSajUsFHull7iUVCBnrxxVJWDs.B65s/jKkWREV6', 'dblisskv@technorati.com', '$2a$04$D3IqIZVoEMevRy2EDhC74uyAmZHzcfX.Seqq4VGgpZGKZQJxFNJ/y', '61', 'Brentwood', 'Runjin', 'Chennevières-sur-Marne', NULL, 'dblisskv', ''),
(753, 'Francine', 'Seal', '114 119 9034', '$2a$04$.0ONJxo3BbNGO.N9wDcfCu4O/5CpVCgQ9FkLCyABDdkkY9g/gjohC', 'fsealkw@cnbc.com', '$2a$04$cef2hssGnSM6KJpN.1gXKujvvXPpP27cvXdZlwpKB77a0q8vB2iMi', '0', 'Maryland', 'Tungao', 'Kristiansand S', '1380', 'fsealkw', ''),
(754, 'Ichabod', 'Brittan', '502 960 0397', '$2a$04$ekZNiLs3F.UDSyNTBOsEmef7Flcoqn3Krw79L0GZwwEupDMz3Lw92', 'ibrittankx@gov.uk', '$2a$04$FYX8QDdbh3SJrdlVRP3xGO..0AQW/Nb1KQRBTtlaBy5X5z2nZtPu.', '4025', '3rd', 'Mala Danylivka', 'Hedi', NULL, 'ibrittankx', ''),
(755, 'Sondra', 'Cameron', '886 471 5467', '$2a$04$nlZKknyxL9Ekj9QBNpZvNOXlfO5hWrZbyfUJfTFQfKPhcvp9a4sdy', 'scameronky@chron.com', '$2a$04$anpmmDeZqWTxE6jU.uSmg.jzsLT9YUITtaKYbFCAFuc8Xl8prRG8q', '1414', 'Nobel', 'Prinza', 'Khanu Woralaksaburi', '2008', 'scameronky', ''),
(756, 'Haley', 'Ranger', '852 897 9399', '$2a$04$w6VdFJ878eevyNj4bYJTnO7C.C6L52Xwsg4SIvGTOgXMzWpTZQ.sq', 'hrangerkz@webnode.com', '$2a$04$PuqQvKb79GdA5nMLukq9lOKKUIdDU8FTHXGnIx/9qGgPe.4VEIr.2', '503', 'Red Cloud', 'Chenyangzhai', 'Quintas', NULL, 'hrangerkz', ''),
(757, 'Carlita', 'Flarity', '813 565 9773', '$2a$04$85hNOceU0NgTzFqQfEdVvez5SDpsfcOYi9TS.3oPlE.fmdP3qitHq', 'cflarityl0@washington.edu', '$2a$04$0r/vsmONwa3Fozvrqe6c0uEuyxowc1KcEiXljfZqnENxPuQcVdKAC', '03', 'Manley', 'Warungtanjung', 'Cancela', NULL, 'cflarityl0', ''),
(758, 'Giffie', 'Bunning', '837 570 7406', '$2a$04$5ZD7eaiU4MZCqnChSYgeae6J08Cpy8einTtLpnpTspSWF4sz/RGje', 'gbunningl1@rakuten.co.jp', '$2a$04$w14Ar8c8Oj2dRz9waogDnu1OP5rdO3YgzYj24e5BCNSouJ0VYSCWi', '740', 'Sutteridge', 'Gubat', 'Tsukawaki', '4710', 'gbunningl1', ''),
(759, 'Ailey', 'Cyphus', '154 174 4035', '$2a$04$2j6f6tjVS60OChHG9csKBulh8nBHUwT9GoHORDd2icpdsYIV3dYu.', 'acyphusl2@independent.co.uk', '$2a$04$rsn5tjIooK9.t3aTkcf4yO9g3zNhhoYSPIU.W7vzh4AQ6Ft2CtsHa', '68066', 'Jay', 'Kupusina', 'Martapura', NULL, 'acyphusl2', ''),
(760, 'Janeta', 'Linnit', '517 395 3216', '$2a$04$WQardH.cMoz9HwGwpxMVRO9Tf5jj.epqjz.ZJPorU1hMzfApFHtf6', 'jlinnitl3@ucoz.ru', '$2a$04$FcYDocPGRjTYUrFEBccvhOl2dJ3EE4b9m/pIABaNR54Ud2hAh45DK', '64', 'Maryland', 'Sukaraja', 'Lebedyn', NULL, 'jlinnitl3', ''),
(761, 'Kirbie', 'Weedenburg', '795 224 8820', '$2a$04$EVvagvVp2Xe8DClikLTdnuRQNu16hfWZbXWol9ruTrDGAQXoA.dIe', 'kweedenburgl4@friendfeed.com', '$2a$04$b5Cj6w3YWsVZ2H7Fusq8d..Bmk6rPch9.WDhafl0Ex6XDG/1f3ley', '6', 'Northfield', 'Huxiaoqiao', 'Laka', NULL, 'kweedenburgl4', ''),
(762, 'Rozella', 'Elson', '765 633 5476', '$2a$04$1wK5gs4yUuR1WtyfnDyS7eSFu2BIfqE.IjAxATT4BUlCZF84s/Fq.', 'relsonl5@google.com.hk', '$2a$04$5Fj9r5WmQI5dYXspr6HxqOsjrHJishEUo1oAO2AR8tWeuEwr4YhFG', '4648', 'Forest Dale', 'Guimarães', 'Trinity', '4800-005', 'relsonl5', ''),
(763, 'Ulla', 'Georgiades', '717 603 4149', '$2a$04$KNXfbBBrO8AIE6lmLj3bz.G.yw45qzELBrkdGjbsA7mevXZSQu.za', 'ugeorgiadesl6@feedburner.com', '$2a$04$mVR/7JE7YamKwlcRtrTz5Ocn8WrR9yl3nptDpRwMYFodRCCbHq9gS', '7', 'Waubesa', 'Komga', 'Kibre Mengist', '4950', 'ugeorgiadesl6', ''),
(764, 'Sheppard', 'Connock', '508 574 0218', '$2a$04$8/KAJBkNJfIfAwXMaAyUK.MZSBiDMiaKV.VB5L3Zb09T0xfUlx.0W', 'sconnockl7@nationalgeographic.com', '$2a$04$hf1DUnLcZ298I4FtfWnENORBgZYu89Qfmyh4tcDQrCQUiMDEeRuwu', '02458', 'Larry', 'Berlin', 'Sembon', '14109', 'sconnockl7', ''),
(765, 'Ilsa', 'Crickett', '208 984 2859', '$2a$04$4NuFf4HCO5Ui6jEGwYF0XOXk4sUalvyFxpZlgp3g95jYXG.1R24Py', 'icrickettl8@prlog.org', '$2a$04$skrt2M9QA7R8nefUfSGF8eoXXTLG3WSRSCNRfzX6zKtQLQrKlnySu', '37', 'Erie', 'Kuanfatu', 'La Roche-sur-Yon', NULL, 'icrickettl8', ''),
(766, 'Olly', 'Woodburn', '915 691 4623', '$2a$04$EPPVUg1e7ZsEs59sKjeTYeYAc/7UMW.k7tGolIcVaMUpRhqrEIq4G', 'owoodburnl9@pbs.org', '$2a$04$FQTmwWHCgjVqlkBQn2JEMu/94JoazEn1FAZKVsPMmINvJosOdHM4e', '56', 'Mariners Cove', 'El Paso', 'Sydney', '88546', 'owoodburnl9', ''),
(767, 'Tillie', 'Eplett', '658 621 4542', '$2a$04$1lq7hC82ekUgFmoXWxXLJ.RnNGLkEH8Lc2F2k3XVB8Bnn0nZ7y.XC', 'teplettla@skype.com', '$2a$04$4zhAQT4V5PkFIv9bWrewouv0cZEpd1NUaRNYIPp4aCTbAt6Yc4XqG', '88271', '7th', 'Goroka', 'Numan', NULL, 'teplettla', ''),
(768, 'Hogan', 'Stubley', '545 607 2190', '$2a$04$KudqcId928SLfy2XT1OP2OmZm0F4LDI3glJiamdDHhVHUfSwI6Zk6', 'hstubleylb@umn.edu', '$2a$04$W/r1qkP9XcHOkWhfjzvjhOvrCP6AppO7PlcC2lgXbDW5P1Z9lnPZe', '468', 'Transport', 'Sawangan', 'Lundazi', NULL, 'hstubleylb', ''),
(769, 'Bren', 'Lumbley', '717 820 8718', '$2a$04$.EYb07em/STWDxdAsFKXueM7wZyRKSH6UOHQ64cqTMfBkcnfmOVjO', 'blumbleylc@ucsd.edu', '$2a$04$lWGUeDzjrdkpPS32ZiJ7zuYgDQcmWOS5M5IHHDOqNRzAjD49/cfme', '077', 'Larry', 'Bell Ville', 'Inuyama', '2550', 'blumbleylc', ''),
(770, 'Steffane', 'Allmann', '392 312 0885', '$2a$04$/0nb/v2NIYmEK/Y559ceYOBG3MGmMEe6HdtmSxcN6gishzH4jP3nu', 'sallmannld@economist.com', '$2a$04$TOWy/dT.9O/9X/3CPkIMSuWikjX3EeR9NZMgnfztBeAXh9z0VEdrO', '50120', 'Scott', 'Jiajiaying', 'Pępowo', NULL, 'sallmannld', ''),
(771, 'Bent', 'Snookes', '980 997 5104', '$2a$04$MweK4yzmx.WqTNvb1IpKSuZsNmQgzo6mlkxDBA7/FWmO.awcIU8lO', 'bsnookesle@ehow.com', '$2a$04$gzS86yDdKnYF/gS2cLVcSeSb9g1BWe.0sPQJFV1a5j20aOIXwejoW', '063', 'Gulseth', 'Xitiangezhuang', 'Zunilito', NULL, 'bsnookesle', ''),
(772, 'Chastity', 'Stonner', '724 809 8538', '$2a$04$8TD9Bqjgjk8/J7FLoCVla.oaU26fcnSKo8sD8dUWr9Iy6l9hFUOq.', 'cstonnerlf@businesswire.com', '$2a$04$pv.r6zxfo9KRTo4U3H..cOeYazxWsKvk6xPCmegRuZ0bHAhmnC1.a', '70768', 'Melvin', 'Jiujiang', 'Brisbane', NULL, 'cstonnerlf', ''),
(773, 'Zebulen', 'Smallpiece', '128 128 8612', '$2a$04$gVYPNQTvT3.awWJZLAG.gOLx7aiy.1FfgHUqbEERnT8TtLmXJbdxy', 'zsmallpiecelg@stanford.edu', '$2a$04$lSmGSYX3yW0OARDF98YE5.pgXeNyhrgzohEEOKLqGOF3fSQKg41wO', '2747', 'Ridge Oak', 'Wuyang', 'Xianghuaqiao', NULL, 'zsmallpiecelg', ''),
(774, 'Sig', 'Spark', '476 934 7717', '$2a$04$PWQENtBkQIOBFMdPTw/rROJMY1qfw/LlJQumG6S3OreskyVCYuOEm', 'ssparklh@usda.gov', '$2a$04$w5Dn4LnsIb8giOKk0H0qludcjj9JiJZcQNRZuVPYGR4tuE5ClQ1su', '44725', 'Carioca', 'Mauhao', 'Bulahblangaro', '5214', 'ssparklh', ''),
(775, 'Ozzy', 'Spilisy', '254 564 0224', '$2a$04$Z6mtJLgNZuaXp32XMOwdnehWsmQxBFOfK5w.9i6zkYwxFi.thwUxq', 'ospilisyli@wikispaces.com', '$2a$04$Fr2yhdCjau1Yh4NyBrH4sOcBQ54JsdARvn5iVF0bR8azZBjfV3D7q', '7', 'Jay', 'Vale da Serra', 'Alegria', '2350-259', 'ospilisyli', ''),
(776, 'Ruddy', 'Jowsey', '135 367 8259', '$2a$04$xycla39WGugLgOImZoh2NOYNUHC0hK8rylRmJnaugg0dVkpgr7rH6', 'rjowseylj@boston.com', '$2a$04$2lgJSpsKyknEy2jumd7nRumu9guJpMywydcxg1icQkAvJKGj6RWHG', '6931', 'Del Mar', 'Pandasan', 'Napuro', '3714', 'rjowseylj', ''),
(777, 'Ofella', 'Brobeck', '145 392 9040', '$2a$04$34j6SWcHKCrermK8zLH8felJEdqEsQdL78Apbn.U4QZcDG66QLV8q', 'obrobecklk@delicious.com', '$2a$04$pAWgMk2vHWFa7l/wuTFSPuu9.qW8lXx6MIeIliJooHyogkA1P8uMm', '5', 'Lakewood', 'Volgograd', 'Beiyang', '307740', 'obrobecklk', ''),
(778, 'Kaile', 'Gunton', '483 492 0422', '$2a$04$TMwZxryCSkXEISSwQupkc.YdVOrEXJHeZo7xVseP3B4vgNXYt4/OK', 'kguntonll@rambler.ru', '$2a$04$4.buP57id5jTePwL0QcKq.UJSexS43ce0jaXmFYfQn9CsAjLZ5ugS', '4', 'Transport', 'Itaperuçu', 'Xianxi', '83560-000', 'kguntonll', ''),
(779, 'Michele', 'Schettini', '755 424 3584', '$2a$04$U1dql22wqGo0gtclH/2XS.2b6aSw6L3q2760kzunDka65tBkrzoK.', 'mschettinilm@paginegialle.it', '$2a$04$pCrfXDFYotWs7XeXRTSqi.e.FQ/zhV5jXBTC0TAbY1DadGfCF7kIG', '5326', 'Erie', 'Camarate', 'Nempel', '2680-005', 'mschettinilm', ''),
(780, 'Chico', 'Pedrocco', '452 897 2529', '$2a$04$J7IiFHKGP3fOEh3L0KmeROVpcbW89m5wfhhoejfht9o1PnhTO.Xhi', 'cpedroccoln@answers.com', '$2a$04$BmkXMEedd54vOk9e2QUT0O8C5iQNJ.FZsWC79c999/HKvys2igtoq', '99', 'Crescent Oaks', 'Chipaque', 'Guarujá', '251808', 'cpedroccoln', ''),
(781, 'Geraldine', 'Mutlow', '380 306 8285', '$2a$04$BOL6iknM.rsE1dsOWS1SYewOj3T3p8.2.0tGEVW9W/eAEeEfvRfJ.', 'gmutlowlo@tumblr.com', '$2a$04$ye4A/Wd35ubyddz5kcVM0.ZwAI7.tVB1nR/uyvbGfrUpNURJxd2z.', '0199', 'Redwing', 'Banjar Jabejero', 'Brusque', NULL, 'gmutlowlo', ''),
(782, 'Mart', 'Standing', '542 385 5167', '$2a$04$nZ6nobs2wy4ogJonRGjlruiHtkH46dz8khNlAeW/uABMMJ1euSXcy', 'mstandinglp@google.cn', '$2a$04$lI83FTLNWm2ZLuuzPk5rWeCwkFOcOmAN/YeGxrT3eDHXuUEfbJflW', '55', 'Main', 'Quimbaya', 'Cigarogol', '634027', 'mstandinglp', ''),
(783, 'Foster', 'Witterick', '616 990 7621', '$2a$04$JdZY.H8kFSWegvLj8.l6vuQFLEiceqqahge2r0Dmw1KZFb2qpipjy', 'fwittericklq@businessweek.com', '$2a$04$ec/3ySMRsxSSTFaC9aNvpuuamEuznXAeMhFo6qwN8u28ykd1fddmO', '9405', 'Longview', 'Skalánion', 'Hunkuyi', NULL, 'fwittericklq', ''),
(784, 'Laurene', 'Daunter', '689 188 3611', '$2a$04$DHTLNOcwLL53zGW82Oi74uJmeAxy4Ssr4qu4LdlPyqjwKp96N.v/S', 'ldaunterlr@desdev.cn', '$2a$04$U8r6JgevG2BgLQBDosYt7eQzRkSkXiXORA/3FV0mQQrQdxjoxo2t.', '86495', '8th', 'Licheń Stary', 'Tul’chyn', '62-563', 'ldaunterlr', ''),
(785, 'Kendra', 'MacAlpin', '108 973 0668', '$2a$04$.MoiqgP/yeXIyXrpx5rlnONBHkJcvzIUp82WnM.6zy8Z4HJkxgxV6', 'kmacalpinls@baidu.com', '$2a$04$mfpTJuibzWYiZwdwyNoMCuiuc90hUet4W0GExYpL1HbctBqdQn0Bq', '05697', 'Ridge Oak', 'Fontenay-sous-Bois', 'Putrajaya', '94129 CEDEX', 'kmacalpinls', ''),
(786, 'Romain', 'Torricina', '765 864 5715', '$2a$04$DswUNvTSm5Ojmb6UAHbXt.oMjiOcXUFjLGBeERexbavEeOBFxwpa.', 'rtorricinalt@wired.com', '$2a$04$1hrrSze4Nm4By6d9P0z3ieXS4x3eDPSxcitI/9GmLsoyMFZ98Ic3C', '299', 'Lakewood', 'Molteno', 'Gressier', '5500', 'rtorricinalt', ''),
(787, 'Vivie', 'Chatres', '422 902 7150', '$2a$04$Lb9gWBdeuJpKcHX./9yJvO4vmLDdmcZlR9FGg27.fT59z.fgnEkLy', 'vchatreslu@pcworld.com', '$2a$04$u8cUBdX8tGeIeH0EMXj4UeKHC5nd//8yx0I086KOvoVuEhktVK9qe', '971', 'Petterle', 'Borås', 'Gamovo', '504 00', 'vchatreslu', ''),
(788, 'Timoteo', 'Arias', '102 470 5381', '$2a$04$zl8XZ5vDiBpumV1OG2lpVutrftfxD/sCery11X6qOvpa8WLyiiUhy', 'tariaslv@timesonline.co.uk', '$2a$04$WK2udYToUdoev9//AtEtD.M9y1Obxeoq7wKqlGRvCdoQ/uCNSUVWO', '26', 'Continental', 'Chuncheng', 'Salām Khēl', NULL, 'tariaslv', ''),
(789, 'Brigida', 'D\'Agostino', '446 615 1186', '$2a$04$AlhF73uuiRYxHs7YHF.7ke.1Axd0oH9213y2qVz.D1d0NS8H6nYva', 'bdagostinolw@techcrunch.com', '$2a$04$cthXmP8D66vEHokEaHpHKebbx95Z6peJGDOgG5FyI/Ul/s6LCD9nK', '5951', 'Ludington', 'Paris 17', 'Mizdah', '75832 CEDEX 17', 'bdagostinolw', ''),
(790, 'Ronnie', 'Corinton', '160 284 6700', '$2a$04$HVABnVcnKB/YGKjcw1NkEuLHhyKCABN6Uqu9YLed8A9RrU55OeJDy', 'rcorintonlx@springer.com', '$2a$04$GUInyc9FH4dwI55OZPXHw.7VYn4ruPPq7VAKvW8J8AovNSz7P9uR2', '54', 'Holmberg', 'Karangtengah', 'Taldyqorghan', NULL, 'rcorintonlx', ''),
(791, 'Royce', 'Gabbett', '905 474 6799', '$2a$04$.ugxrzpoiz3.xd59PLOHsuCwbATVnWBDgp.HkeeHvVrcCn5nb6RkW', 'rgabbettly@google.ru', '$2a$04$.vJxklaQUwJHCFCoVm3wBuWNxqXBvF8YcyI.oKeVaqW9eWPKoVBnS', '13214', 'Eagle Crest', 'Kushtia', 'Kítsi', '7052', 'rgabbettly', ''),
(792, 'Tammy', 'Saberton', '689 152 5156', '$2a$04$R/xAvEoIezSUIL6CmokNiOy.JCFra0p.mk05JKB9zKt/c32aAyJgi', 'tsabertonlz@webmd.com', '$2a$04$BNwhNcpLfSBZR7iYsxbbi.9FYPUQsw98gqlvtgZRT0qdGMJipS5rG', '0', 'Schiller', 'Aix-les-Bains', 'Khvastovichi', '73104 CEDEX', 'tsabertonlz', ''),
(793, 'Robin', 'Pordal', '976 545 3120', '$2a$04$sbgA1I4Y18uUv/NPcV6vE.ItJx8vtbigRHn3WdNSI4io9g1Jvr8mi', 'rpordalm0@state.tx.us', '$2a$04$PCXxv.jPwdznn4YbMbjwYuZzcErjjaNKyu9dNWEHATjKmU1z/tUki', '9162', 'Laurel', 'Marseille', 'Praia do Ribatejo', '13253 CEDEX 06', 'rpordalm0', ''),
(794, 'Alison', 'Adger', '787 733 1377', '$2a$04$Uk5TgnQcZEw8yiNCdCfuC.RAwB0bZXmTMbsfx8fWdXpGjd10nWRU2', 'aadgerm1@scientificamerican.com', '$2a$04$FdEC.x2c/QBhoMvD7eAHTew5TyYffGQorm1kI2qlC71rpAxPYtE/y', '86', 'Nobel', 'Itagibá', 'Kuzhuping', '45585-000', 'aadgerm1', ''),
(795, 'Fan', 'Ouldcott', '489 955 8467', '$2a$04$a/IFscrR3HSGq4t4v.koVOCx.HxATYQ5HHeDdfN5e79jAJJQWWROC', 'fouldcottm2@google.pl', '$2a$04$Y7ba0BK8x9k2EOv1CZY2IejvWfqXn4nU7lCUgu6UvnBWtfusWP4R2', '73', 'Delladonna', 'Karangtanjung', 'Changtan', NULL, 'fouldcottm2', ''),
(796, 'Drud', 'Pirdy', '568 140 1658', '$2a$04$gMKr9MRxa3BhVZnrzsO4.eAL0S/OHgSFnwKXlUx/qOwyG2usN1GPy', 'dpirdym3@dell.com', '$2a$04$HiEA87CdpmZMkoLdzAHEyuSYd6qTh/yPPWdg6Huml4xKPiSvi2mXa', '116', 'Hooker', 'Knin', 'Daji', '22300', 'dpirdym3', ''),
(797, 'Giacomo', 'Meneghelli', '855 734 9804', '$2a$04$zqoJx/2J1wiAxfwH2lRL7Oo7qo2p7fMuGvQCF1bAVzqmA7BsVLcZ2', 'gmeneghellim4@netvibes.com', '$2a$04$tHTL4ijpHG0o9FFGR6PZAu2cuHlwlEmeHCf.omD.ssoNwL3UtxXB2', '71', 'Lerdahl', 'Trang', 'Fāraskūr', '30110', 'gmeneghellim4', ''),
(798, 'Prudence', 'Brito', '225 755 5400', '$2a$04$wj8xrU8aq.ML7O5kSRUJx.5XsfUvcS5WZ6ZjfT39xJLvkw0FzQ7cG', 'pbritom5@mediafire.com', '$2a$04$9ULhWJBaWYwVnJK1u0AHOeMBq4cQoJoqfqNhvZICdbnc8Rl/MOTpS', '927', 'Vahlen', 'Erada', 'Leidschendam', '6215-205', 'pbritom5', ''),
(799, 'Kaila', 'Piola', '655 442 2422', '$2a$04$onF9.1DOp44l0itsA7oeeOjyIXE3QUH9jmy.OpLz9U5TPkOD3PXfK', 'kpiolam6@joomla.org', '$2a$04$0sQ5zsnGGlJ6/L1K4.8v4easv12Myz.ntu9nMc0rvzf0PeP.ekdnq', '2350', 'Forster', 'Cipatujah', 'Sriwing', NULL, 'kpiolam6', ''),
(800, 'Elden', 'Regelous', '409 999 1514', '$2a$04$MwKAvbvhu7wvaoMFWp2Bx.cWcTJ2QPNDpAxtB.KCBJhlwy61r.vze', 'eregelousm7@mashable.com', '$2a$04$Y.tcFuQZmnX5.HX4CdA7FegomMYnuR/2TbDyB2bnL2SSTzbbbQEGq', '90826', 'Maple Wood', 'Avellaneda', 'Calarcá', '5212', 'eregelousm7', ''),
(801, 'Buddie', 'Ghent', '761 305 4460', '$2a$04$z3PAYSTl8VTt/5poYIuqD.gc78VoztIEJ4rEy5ijGGBmFmh2Zvrje', 'bghentm8@kickstarter.com', '$2a$04$mquSheuRF9qsSHKBoc8C9uCPhb3CiBcmh.YxDsfjm9mIbf5611sPG', '5819', 'Lakewood', 'Moyuan', 'Mlanggeng', NULL, 'bghentm8', ''),
(802, 'Flor', 'Kybbye', '583 663 5869', '$2a$04$PEjOqAa5yZQVtU9QMppGSOfv6IK4wdP51.sxc.SBHIDT/C5zrRcc2', 'fkybbyem9@va.gov', '$2a$04$fiqGvRGJMZ5XOUmzWSL3nuK5xKxD8t6JjD5c8klHRFwiPVrFoFIjS', '91278', 'Melby', 'Huayang', 'Yermolayevo', NULL, 'fkybbyem9', ''),
(803, 'Tiertza', 'Fishbie', '672 360 7552', '$2a$04$r2Ujf37lbgM/n4cjLC1tJ.CBup6.meNopYCLLfCOXD1RM9XXuCsUe', 'tfishbiema@last.fm', '$2a$04$zGPPS8FMSPy1dcalTKN8g.ulGUps8buq0JzkdNw0bHGM4zzrm03i6', '290', 'Orin', 'Le Mans', 'Valencia', '72035 CEDEX 1', 'tfishbiema', ''),
(804, 'Drucy', 'Sainer', '265 548 7935', '$2a$04$PNHfruyEyWttU9xAJWl0ROy9uJ1.hBXlLC6DXURrH3U1IoKRfxZCe', 'dsainermb@ow.ly', '$2a$04$YfvHMXrI7AFfyqaMYfYa8.H0K4AbQ.9NsTTCJLRXnPfVVFr.OYQoi', '3388', 'Clove', 'Andramasina', 'Guder Lao', NULL, 'dsainermb', ''),
(805, 'Rafi', 'O\'Kenny', '735 444 9637', '$2a$04$OsEL51w1tQyG6FjFWw83Buo9ZqSWLT7TB4Z7IpdbrAQdk5BmrB70a', 'rokennymc@ibm.com', '$2a$04$jjtf5vxfY.HKDK0uoV2xWeFoAVzPfRI017mMhbWm25OeIwnofrWre', '938', 'Melrose', 'Aroroy', 'Blang Dalam', '5414', 'rokennymc', ''),
(806, 'Verina', 'Coxhead', '149 236 9539', '$2a$04$zMv9ASYshVwJKefn4RynmOdlQZctkobVm0PJ/a08S5r4s8bzPKcwO', 'vcoxheadmd@pbs.org', '$2a$04$u5qay/f7QmcvP9vbvq0wMOURVt6abTZddXNG84YBbukYjrctSPlYa', '0', 'Eastlawn', 'Santa Gertrudes', 'El Soberbio', '13510-000', 'vcoxheadmd', ''),
(807, 'Casie', 'Wartonby', '941 537 2870', '$2a$04$fHklDSVqyQkP0izltsAcHukEAMuPFZT6cfZuCw4GSWiohpytA1Zou', 'cwartonbyme@hc360.com', '$2a$04$lz27LdZT3EpAwxT65yfntOnhhVBoKsvfRW/X4pWTzf35JSPwZuoZu', '95872', 'Derek', 'Orlando', 'Bayt al ‘Awābī', '32819', 'cwartonbyme', ''),
(808, 'Jasper', 'Bentote', '727 328 6926', '$2a$04$nrfjiJ6mYpH9YdRq4TxJe.0TlDVMCO/5GBWI9bOVVguLfxVODVaGy', 'jbentotemf@shinystat.com', '$2a$04$jsnHz0y/ZV0./b1xwssuquuAJZ1uXr8ZUXZsei9cEoxnI9Gyawoiq', '74502', 'Kennedy', 'Urcos', 'Mando', NULL, 'jbentotemf', ''),
(809, 'Odella', 'Jagg', '646 818 6319', '$2a$04$TgF7MG647NKcAQujMke5juakbIVhUOttFct6uemSWhrfJIoIRQxhK', 'ojaggmg@opensource.org', '$2a$04$oCrrdJ0M39vhASPKbkTLiOShbktgc.T3Cq6iJ1qutDN4TdDR8YKJW', '6', 'Butterfield', 'New York City', 'La Maná', '10060', 'ojaggmg', ''),
(810, 'Vally', 'Bonaire', '615 860 6123', '$2a$04$rySPIuoVZNHsuq9M0i53Yem4RfK4VXJsznyYneCx4vJFJANLeTTg.', 'vbonairemh@issuu.com', '$2a$04$8ONtS3KmbDrF4HDIsL0QaOZSXLKz8IgpB8g77c.oH1Ao93zO8ULN6', '4113', 'Dennis', 'Liebu', 'Chhātak', NULL, 'vbonairemh', ''),
(811, 'Olivie', 'Bartocci', '693 155 3980', '$2a$04$jgRZ611MSJ8iSxslSWc77u3NN0eFoApZjrh4deyoa7EnYfFutnweG', 'obartoccimi@theatlantic.com', '$2a$04$Qri6uMooPt9R6DzgVydYdOp7rDiMn2pe7iLM8eEy291wyMNbKvy6W', '09', 'Debs', 'Tongjiaxi', 'Maanĭt', NULL, 'obartoccimi', ''),
(812, 'Michele', 'Ybarra', '336 332 7936', '$2a$04$ufK6YRWE2wmbtvXCeIrHJ.cAGV8fPPTTpqjk0P40pS4Jh/XmaQv/.', 'mybarramj@cocolog-nifty.com', '$2a$04$HG8qLLU.xH0mxRNu4SkunOZLc0pOz3Sa/eaTqKAmZ95aNBntdwKsi', '7', 'Spenser', 'Shchëkino', 'Nai Harn', '301259', 'mybarramj', ''),
(813, 'Glynis', 'Rabson', '285 598 9606', '$2a$04$xuahvHRCvEvkoy.L6LR0puk46oKWBwZn7HqT1bp5z9n2riq4w5dle', 'grabsonmk@apple.com', '$2a$04$Xa1S9rbHyaHMg67j9GykKeoZQER4mNuDkTD/KtYFQw81BPTujSkMO', '91', 'Trailsway', 'Novocherkassk', 'Yurovka', '346408', 'grabsonmk', ''),
(814, 'Inigo', 'Matasov', '944 116 8291', '$2a$04$d7LwdWeCSpaEHP4m7JGqJOKBCcb9GOBxg6X4EH3kCEsQePu4oOTd.', 'imatasovml@cmu.edu', '$2a$04$lHPOJnuEwjyNaVVxmMOe8eu8f9u1futm8B.u/MxfgpaKI7iLwZZri', '0025', 'Monterey', 'Wanjia', 'Dolní Počernice', NULL, 'imatasovml', ''),
(815, 'Xavier', 'Bach', '419 414 1875', '$2a$04$Sjnr6Os5hRzb95hbICMkEuVNHK2vSl6/BOmOPWsQdoTix.bLjfkQK', 'xbachmm@walmart.com', '$2a$04$dLbQVo9WkEA3JKaKPhBUL.JopWZFoe9Wwmp/oIAetXGlo2807Hsza', '98233', 'Hayes', 'Galván', 'Osiek', '11512', 'xbachmm', ''),
(816, 'Wylie', 'Kleinhandler', '512 559 4957', '$2a$04$SvsLKnxswdyhJiZJHY5zwOlxkMaQRoPhoe92RqXO0/8N7WkeEU8IC', 'wkleinhandlermn@aboutads.info', '$2a$04$LA.wX4XbO5Kj7cXr5YUddueNtTjzMjud4.Jea26sbitIrRY0/80g.', '4426', 'Huxley', 'Nerópolis', 'Huangcun', '75460-000', 'wkleinhandlermn', ''),
(817, 'Tarrance', 'Blasgen', '268 742 1396', '$2a$04$//mIi5pRdY7.Sbg6NWC7sumccUfNS0V3iFpSK3Tnl.sJOWkGZe6CG', 'tblasgenmo@aol.com', '$2a$04$4DoHQ2JGhJortILd4G1kSuZ50rVYfYuac/8dOKItmySCb1RF0aECu', '3499', 'Lighthouse Bay', 'Leiyang', 'Paltashaco', NULL, 'tblasgenmo', ''),
(818, 'Tricia', 'Estcot', '567 443 9762', '$2a$04$Px8SFBSi2xVWq0JjvicBw.56PjAJ6LTu28iTTHMosPkqcz5mMLuue', 'testcotmp@npr.org', '$2a$04$rbPRnAAqZc3zUx7q1OcGoOw4zcJp3Ew/XD8usU.OLpMjR7JFvNnxa', '25527', 'Victoria', 'Kiupo', 'Uglyanets', '1173', 'testcotmp', ''),
(819, 'Arri', 'O\'Sheilds', '783 122 1049', '$2a$04$FO2JiWM20jCohcN.W.U87OsyAUdsUiCQi/i6Xo343WHSf15njrrgO', 'aosheildsmq@rediff.com', '$2a$04$q516BXr1zcunrS1nCfRJneTRQzmQeYN.dZR8UpTbgMTN3f2nQTdG6', '70672', 'Petterle', 'Trondheim', 'Chartres', '7479', 'aosheildsmq', ''),
(820, 'Ced', 'Tregidga', '389 521 8559', '$2a$04$yUrQcR4XCUCSXXE3TKdkFuGaoZe47n6DMEKQTdkQNl/kUbWL6CHMi', 'ctregidgamr@simplemachines.org', '$2a$04$xsafCGE7h0PWGuJPYqAjleEupmlLKqtyS/uWntQPJo5W/ye/PC/2m', '5262', 'Oxford', 'Cimongkor', 'Apaga', NULL, 'ctregidgamr', ''),
(821, 'Wendy', 'Russon', '374 569 2571', '$2a$04$zYHoRu/iEaJg4nrrZqhTz.b0NvmyJhbdntoof.0FnhOYRArI39sS.', 'wrussonms@boston.com', '$2a$04$4x35Gx01QX7/rb/ot.l3i.p.SU4j6raR1VCMFrCpNu0wkh7r16tYS', '012', 'Mendota', 'Lamalera', 'Shīeli', NULL, 'wrussonms', ''),
(822, 'Esma', 'Phelp', '930 626 9846', '$2a$04$LvzR0TJORwf8xTimWd2Sx.V2SHUYXNJwFV/Nv6Zqw35Uk0iSSEyVq', 'ephelpmt@hexun.com', '$2a$04$90D8MsjUTxHVK7LeIDUo7.jnvRfo7YIBMnQ5SY9SCsTUoQYJniTPS', '3', 'Barnett', 'Tân Việt', 'Toupopu', NULL, 'ephelpmt', ''),
(823, 'Orrin', 'Deverall', '113 698 1738', '$2a$04$B5X0Km8/SpT/1TPBddctG.d.j0PjCQRKmLYkRzAXDJHORdZThz/KW', 'odeverallmu@guardian.co.uk', '$2a$04$LEneEWi9pzHQpWZYlz9yp.GWCyHsp3V356pt/dNZu.Ba1S98YRV2i', '49', 'Oak', 'Tukuyu', 'Ercheng', NULL, 'odeverallmu', ''),
(824, 'Sophie', 'Duigenan', '484 536 1366', '$2a$04$r0aTRlZ38fxroA861DyT1e6DKuiCCgnWXQLJqH.Fr.FzZ9Kvef7WW', 'sduigenanmv@shinystat.com', '$2a$04$59qV3IWg0CIgTA9L3og87eZ25y8jBLr6A813.lL3o.H9MtmtW8mWe', '389', 'Anderson', 'Wādī al ‘Uyūn', 'Xijiao', NULL, 'sduigenanmv', ''),
(825, 'Donica', 'La Padula', '623 111 0705', '$2a$04$EMhfaruBekDoNQxdovqOcekDB.6bNNcxYIGCoF8CG81Vmt6sAxeTu', 'dlapadulamw@admin.ch', '$2a$04$TPdhxmdd7UB6oQwL1xEMQ.0UUCMUUXwMu55860ZpV1/TyxYu3TSxy', '1', 'Heath', 'Xinzhou', 'Char Bhadrāsan', NULL, 'dlapadulamw', ''),
(826, 'Skippie', 'Pinnijar', '868 652 8608', '$2a$04$IS4NGGJoiwx3M4j.08EtKeNu7RMz1ekICMomAYVuMhHKXmZ77vm8e', 'spinnijarmx@live.com', '$2a$04$80PU9B4bil9P.MWsnlFBH.I6/4g3nzmidaO2YvUutXJ7XvXP.qVZG', '8044', 'Boyd', 'Saint-Brieuc', 'Västervik', '22091 CEDEX 9', 'spinnijarmx', ''),
(827, 'Jason', 'Orange', '816 636 2516', '$2a$04$zkz8b0ELNspT2rAgAPlpguHdFIc0qNFDTlGc1ZUvQPivjbvTAdwTi', 'jorangemy@scribd.com', '$2a$04$Kw2/k1L2j2tusZPACGB65O12FCb87GydwsK8dHx3GQm7evDYNic3y', '628', 'Walton', 'Bongao', 'Petřvald', '7500', 'jorangemy', ''),
(828, 'Rodrigo', 'Fernie', '494 682 6155', '$2a$04$WCqv5rjPxBsj2VmCXAsqV.AfygKKtZspbpaLF15kDBA8O.XEFIKJ2', 'rferniemz@ocn.ne.jp', '$2a$04$mae141.bfE189wC2SYskUuz5/XcpKVLyKZShEQbcmLt9ozBshjUMi', '002', 'Clarendon', 'Chợ Mới', 'Ostrožská Lhota', NULL, 'rferniemz', ''),
(829, 'Eddie', 'Vlasyuk', '390 583 2023', '$2a$04$0RyY4ZeUPXJkc.liqu7bI.eeCKxOFxZTQKSeKTJva542cxiihV9lC', 'evlasyukn0@economist.com', '$2a$04$ROpZsQ8gCMErkRd55iULp.Vzumh0bHH3aYss2cODTFvR8ZaszE4Ua', '606', 'Burrows', 'Mercedes', 'Rotterdam', '3470', 'evlasyukn0', ''),
(830, 'Gardner', 'Thewless', '970 362 4154', '$2a$04$5D6f6RXl04oJCCkSfqe8VOKd/0yARcOrEnDDtm1lg74cVE6JgwKgS', 'gthewlessn1@google.ca', '$2a$04$EKpUpkwpEqwhLrC7FJhnY.tfiy8ucHqCHLKeg8/XRNmgoVNPIZW7i', '156', 'Old Gate', 'Taohuajiang', 'Novoishimskiy', NULL, 'gthewlessn1', ''),
(831, 'Anallise', 'Hexham', '905 810 6122', '$2a$04$qce3CBCmlRo4gfJDNdN1BOig2yvCAiveAl9GeYiWAnrOU4q05EcRW', 'ahexhamn2@irs.gov', '$2a$04$AK/T2RRo6KWDsochsUCWUurDa5YvBhkOm/7XL01M0ftBdXXkaAWce', '6804', 'Menomonie', 'Zengtian', 'Borgholm', NULL, 'ahexhamn2', ''),
(832, 'Delia', 'Matteotti', '440 563 5577', '$2a$04$C6v7xrk60Llf0vIC7EF5auww/lzdI5hqfL4oax7YuVPQ14AQHbgai', 'dmatteottin3@berkeley.edu', '$2a$04$A2ArJHlYIMqDWc2iAGt4ZeInR5cRTuwMpaMUKspgd/e8AN3BOHvum', '82920', 'Upham', 'Ermelo', 'Huogezhuang', '4880-128', 'dmatteottin3', ''),
(833, 'Audre', 'Bach', '703 705 9774', '$2a$04$AD3yCf9cWeCfDTKhtE9dK.lKqbrZVUsq9UfzSeEeMPBI7OO1aoLDO', 'abachn4@t.co', '$2a$04$ZlUR.uDUwP6LcfnVVlHeueGESHgR9VMZVdmUstYJjO7Fu3T5Zv15m', '930', 'Talisman', 'Muxagata', 'Tongkiling', '5150-304', 'abachn4', ''),
(834, 'Brock', 'Berardt', '620 309 9412', '$2a$04$t/Xrn.kXqv1ZT1mfUCZiPeCQVxv/Vi7kdisaYoMxEqH6FY.gRhMV6', 'bberardtn5@alibaba.com', '$2a$04$EQcUuZcHr.NqtAZhiTs6fuvUelhC.VUgiTIRNGqklyiIILSBzd.AK', '9702', 'Dayton', 'Dake', 'Moss', NULL, 'bberardtn5', ''),
(835, 'Rici', 'Westmancoat', '569 303 3447', '$2a$04$1ahfEpT/fQkf1/J9Cc2Zh.iY4d7XcqQ3CPCl8LdDPwJixUrYMqTxm', 'rwestmancoatn6@cnbc.com', '$2a$04$vXVdc6f1Pk3znbGjFZrvCuzfLVasKoPTmOzIkNfJrj5xWjSPqm/42', '714', 'Crowley', 'Amagbagan', 'Minas de Oro', '2437', 'rwestmancoatn6', ''),
(836, 'Kamila', 'Markovich', '477 350 4084', '$2a$04$dp.fl7jYcjKwxW3agBU99efNRV7E5/uNbJrO7fgOcVKhoBWQmdZn.', 'kmarkovichn7@canalblog.com', '$2a$04$Vj1XKJxl/TEDTLotetSTF.5JkIX5ZzGR0HAKC9yufD7pjCblPZA2O', '578', 'Redwing', 'Lendava', 'Nizwá', '8332', 'kmarkovichn7', ''),
(837, 'Shae', 'Milbourn', '135 916 0156', '$2a$04$yC2UIKKcZ/jRS4noU8iAwelUG4itAhO3nmA7j5t1QPRMMTHBm1Z3i', 'smilbournn8@sciencedirect.com', '$2a$04$oGyFetOX4Z7FPQqYcjgRCOqyU/EUjo6JP35TnI7x6JXHQGFFZbhie', '23', 'Knutson', 'Sundbyberg', 'Abbeville', '172 69', 'smilbournn8', ''),
(838, 'Merla', 'McAsgill', '820 835 9195', '$2a$04$cPmH5yXM22fJB.xfSNLJDu2j3LFTCJHbaWBhgKDpZWENU6gsGC4jW', 'mmcasgilln9@homestead.com', '$2a$04$8oKnQZFvYrANSI4kd1YGT.Mdf826KC8hJ1vc.4RV2veF28/gQ424S', '73', 'Tennyson', 'Staraya Stanitsa', 'Wasior', '396458', 'mmcasgilln9', ''),
(839, 'Heda', 'Lund', '757 678 2857', '$2a$04$eLJXOBD4OEUwCDSXDF49BuVbEvgZjgBPhgn9cj69C6P6kPqGwW.9e', 'hlundna@omniture.com', '$2a$04$tDqov3udUf9CMAMtOI1alexJeegW.iyjuESr3YuqJ3ADs8/.EJaHC', '73006', 'Melby', 'Pátmos', 'Ocumare de la Costa', NULL, 'hlundna', ''),
(840, 'Stacee', 'Girt', '764 560 5401', '$2a$04$Fhjj7QaMs5f04Ukzxe4PzeHrj2FdylcxSPOxCh6VQCUfb555QULlC', 'sgirtnb@digg.com', '$2a$04$2LwPDeeKTuEOGjbUbm58BeItJ9SZ1alzaozj8lQCQDD/.22oUR3gC', '12', 'Del Sol', 'Nandong', 'Orlando', NULL, 'sgirtnb', ''),
(841, 'Denis', 'Havile', '388 866 2772', '$2a$04$DJZq3i.RDTkNk59wcBi3m.U7GxKMaWV0wfuWWZXPO.8h/2a6gjhWi', 'dhavilenc@photobucket.com', '$2a$04$ASav3XARYcXj8hx3NfXjduRcAfH3b2dGMBAd1qXM5X3HppKSqr5zy', '66218', 'Stoughton', 'Best', 'Siguiri', '5684', 'dhavilenc', ''),
(842, 'Elana', 'Hambleton', '269 294 5394', '$2a$04$wjEzCUc8xTHW0BXnwJNcWehJommdQxgcJsGL7o4yfxG1D7/40BBUm', 'ehambletonnd@webeden.co.uk', '$2a$04$XBhGKxiRuZTLVO3FLxlJsu47gBGG92mHEZ1GsoU0bRMTICZmYu4D2', '9', '1st', 'Sokol', 'Shaguotun', '694060', 'ehambletonnd', ''),
(843, 'Derrick', 'Abramamov', '956 176 8163', '$2a$04$YBDUFijNN34xf4TPppWaueaaPkeutS//gi2Ot/27fZLgd4ifWu91G', 'dabramamovne@github.com', '$2a$04$PJDIbamT41tdmQGd2e/rFOTY8AVOaqBF/WtqdFERJojTaGxxc9gRG', '797', 'Vermont', 'Sapol', 'Oued Lill', '5200', 'dabramamovne', ''),
(844, 'Haslett', 'Duesbury', '645 219 6890', '$2a$04$ZkzdrxejIcV.f/K8vuXOJeifTPzl1h0i7lxYjz7hKOZIQbRwoO0pm', 'hduesburynf@infoseek.co.jp', '$2a$04$vh0QXmF5rkNiifw2CJY0ReLbAJRvhnH36ZbmuqzZd8HcFexBa21oG', '5064', 'Sheridan', 'Pailitas', 'Matriz de Camaragibe', '204007', 'hduesburynf', ''),
(845, 'Ora', 'Shapter', '549 199 4562', '$2a$04$X5FDuDSKCEGq4FHvdgw0hulJt9m.JepxZxpVRi6wNwFiJ95WDL83a', 'oshapterng@pinterest.com', '$2a$04$YFMLgBBxBAeFBZZzaxvjTuCopUWJ3RVSLujrS2gbb42G4G4P2MXuW', '90736', 'Eagle Crest', 'Limeil-Brévannes', 'Nesovice', '94454 CEDEX', 'oshapterng', ''),
(846, 'Ranee', 'Abriani', '474 623 4916', '$2a$04$T2hFHvWGqWSw3TvAGesyGuYh5GCqEjDy6Ie/HVNMduM0Ylo5dKXNe', 'rabrianinh@stumbleupon.com', '$2a$04$/DKwpqCS1gWkMnXIzRj4lO/yFLLCmtCrTHqlUv1NUBvuV0BNPeLhC', '3', 'Laurel', 'Jiantian', 'Gengwan', NULL, 'rabrianinh', ''),
(847, 'Vin', 'Cutajar', '282 633 3827', '$2a$04$2gV/PZCuVUMQ2WLoSKFmMuBpJ4Ut8VMo7YRKZAwGDWWqwj6GdsErW', 'vcutajarni@samsung.com', '$2a$04$gt.vmTcAP1wQFzlKvc3YJOHbsD8yBxGbNEcENQDZ.G4qBCzywOixW', '63690', 'Evergreen', 'El Potrero', 'Budapest', '55718', 'vcutajarni', ''),
(848, 'Gonzalo', 'de Clercq', '390 533 2811', '$2a$04$keIUGLhl2GT43VZcITKvYudyEougtEVVAAITynaDYcbIpvdJziwJq', 'gdeclercqnj@alibaba.com', '$2a$04$DH.gKgl48PQFs/iQlBfZDuBjcbQW2z7cjd4wmRMzilzP9HPiij20S', '1013', 'Barnett', 'Bayt Ta‘mar', 'Doksy', NULL, 'gdeclercqnj', ''),
(849, 'Dorise', 'Ferrino', '321 523 1298', '$2a$04$qhbZmd0a0KpZKhx/kbFQC.dsFVCXBRGHzySbuU9bmavCXij3lqiGy', 'dferrinonk@miibeian.gov.cn', '$2a$04$i0YCNHZKMsNSdqG0FVtiAuM1TtyR1hmLjIJ7LDx1VL1gA3BDMHKRi', '61', 'Lotheville', 'Sukarame', 'Wilkes Barre', NULL, 'dferrinonk', ''),
(850, 'Witty', 'Willshaw', '279 933 9066', '$2a$04$EZv5M2PNNbshvGqCw8ELLeSJnMvwMeWbbJTrT8c98kEnGWT0mfdme', 'wwillshawnl@diigo.com', '$2a$04$NVLxSz3aGi.DiqbdsxW3T.ate0Vwp9bzZ6KFdt6MEGWqiAhR5u/WC', '1603', 'Corscot', 'Cikayas', 'Zbiroh', NULL, 'wwillshawnl', ''),
(851, 'Ruthy', 'Skudder', '673 136 4588', '$2a$04$m7fDVNR/WHYAxKTOJwOIiup7uTkWWnJB2QF2VMMZvS5xaEBXNlOAO', 'rskuddernm@homestead.com', '$2a$04$SVw12L7yGjIYwf5p6FhjKOYHuPvcoCyYgUrh9R/3hQIieXlPyEx5.', '9924', 'Parkside', 'Wangjiachang', 'Ivry-sur-Seine', NULL, 'rskuddernm', ''),
(852, 'Milzie', 'Antognelli', '107 478 2510', '$2a$04$.OqguWKrZyTOS3tUWVQTHO.07.iK7QdFXR1tFQujzvjkm1jBY7rkm', 'mantognellinn@wikispaces.com', '$2a$04$wbsnV1.ZFrIsLLjrs0qAu.HngWrriyG5A/tKLY/Jxn/1rYLR4fboG', '8911', 'Texas', 'Trzcinica', 'Laojunmiao', '63-620', 'mantognellinn', ''),
(853, 'Jed', 'Stanfield', '222 678 4529', '$2a$04$6XXY7hbhVOS9NdiWjHm1xeU4ZJ0qORHwK.mHaQgSKyIlBSA8Lg0C2', 'jstanfieldno@bloglovin.com', '$2a$04$0HwCKd5ai5ETlTsXMHZVwe30RnpIeLBC/0WMFM0rycxiAYAj2pdKi', '2850', 'Clyde Gallagher', 'Soasio', 'Mangere', NULL, 'jstanfieldno', ''),
(854, 'Raul', 'Baitey', '790 255 7971', '$2a$04$qKantrGbCgbRPPtD7L10Tey5R.OKaviFTP/XCEjZ58slxGD9qcwDq', 'rbaiteynp@nymag.com', '$2a$04$5iz7KKgxcjk.fRO1LKYp5.NZwl2tSSUHNJr/6amYh/W03L7AOiS2K', '1', 'Cordelia', 'Fonte Boa da Brincosa', 'Likhobory', '2655-082', 'rbaiteynp', ''),
(855, 'Nicolis', 'Rozec', '877 416 3558', '$2a$04$32uNiSoOMRHHL8bFNJ39y.WmSmxng/ow.olR13vQ89zY44JvlRvkG', 'nrozecnq@edublogs.org', '$2a$04$DzXROwkYNb.rqfT/bIxpuucQ1hmBpRS0AHvMXjexe21ji9l4jkz3.', '9614', 'Del Mar', 'Barurao', 'Saint-Jérôme', '8108', 'nrozecnq', ''),
(856, 'Arnie', 'Powdrill', '502 442 3336', '$2a$04$h0bjXuf1aOmQPOary56MfuRpNJtWLlxLKSdpy9Qo5w8Gf7.Ga3Y7q', 'apowdrillnr@indiegogo.com', '$2a$04$OOYArIPPrCvo2UAVwcjo0.ULIbSap08kO8NyUvXuwe251HyO1qc6G', '18', 'Anniversary', 'Barretos', 'Witbank', '14780-000', 'apowdrillnr', ''),
(857, 'Ryann', 'Betjeman', '365 828 9217', '$2a$04$2omVjmaIafwSOuW3K2qWQOc8ABAtEQ.mhHuaDzpTxPk5VLW8UCb/W', 'rbetjemanns@uiuc.edu', '$2a$04$tzU5qkwZFYkhUKC1q/TQNeDkhwevZwQGOPv0.Fiz.Ap6.eRveO/oO', '6248', 'Gina', 'Wolfsberg', 'El Soberbio', '9421', 'rbetjemanns', ''),
(858, 'Sidney', 'Burchill', '657 112 6774', '$2a$04$VpTL4xSmy893YiXcAqMdm.8/nZ2.8MJa9HLInh4dbaFk5CbzdT2w.', 'sburchillnt@a8.net', '$2a$04$FZyO73uBHwAoKNm2GMqW9uvm6W9R0ZZBYMbMeZf/X2MBcQj16ue8u', '89', 'Anhalt', 'Tiebukenwusan', 'Powidz', NULL, 'sburchillnt', ''),
(859, 'Stuart', 'Whorton', '108 516 8702', '$2a$04$Abx23I5PBWoXDejjH4Xf/uPYTVWG.W5bffv00HEalINd/3wC65AgG', 'swhortonnu@constantcontact.com', '$2a$04$DtBKH1ueMav/ujyCObGUWeF282eRTDd2dm5yLTbI8CKTVg7VghSle', '83124', 'Twin Pines', 'Huayuan', 'Vila Nova', NULL, 'swhortonnu', ''),
(860, 'Felipa', 'Barrus', '489 495 7170', '$2a$04$FOhJ/SfFWuhAf6HjK1Sop.mmTNlcF7.dbjL4vJ60P5bVEHIR0NAIu', 'fbarrusnv@flickr.com', '$2a$04$UKG/xv9uQD/Z5VMRDtrT4u1swCzKd9PMjcXH0eDK1bx/80Cx9b7BC', '82844', 'Ludington', 'Yidian', 'Jinfeng', NULL, 'fbarrusnv', ''),
(861, 'Adelina', 'Blakebrough', '171 308 8773', '$2a$04$8Z8/kUpA4VPc.TvuJ3lAvO5.le.wDvyCs9kccbhr0k2o53vt1bEMK', 'ablakebroughnw@usgs.gov', '$2a$04$npfAR7SCohE.Smfs4H50e.7Rk8/utSAF7RZIUs09c0c3Fj6JD9s46', '49849', 'Northridge', 'Thị Trấn Tà Lùng', 'Utan', NULL, 'ablakebroughnw', ''),
(862, 'Lombard', 'Bleas', '383 511 4179', '$2a$04$vUItsUtM19puUdHbBtmwu./jfD9tspipW8Hym0uOceDdFb997Mnzm', 'lbleasnx@plala.or.jp', '$2a$04$g0xbJ1CrsgdyssT3C.pr6.50xf0u97gxHIFX59S0v5qr7bV3ye9gK', '72393', 'Russell', 'Viana do Castelo', 'Khŭjand', '4900-005', 'lbleasnx', ''),
(863, 'Hazel', 'Eames', '314 214 7372', '$2a$04$R2Xf5fbdtycDILf2upX5O.XOzCw/MyGR6obO37J7Pg.7667Wg7JGy', 'heamesny@fda.gov', '$2a$04$h8h85Q5M2wIQ.f3jwDNhiu1M2LANcrSy0JFefZjdCqScRlE1J6j8q', '96', 'Derek', 'Wilków', 'Erdenet', '46-113', 'heamesny', ''),
(864, 'Siana', 'Girardoni', '449 314 3835', '$2a$04$IRGMjCWvCLlqw4JKTch5neArfJGMSAUbMBxDQJ25Pu1F97a6NUiLm', 'sgirardoninz@wisc.edu', '$2a$04$JC/XI7n9qsMaLXN959UR/epK4Dhjd/6wgjhI7Ai2up6px3PilJ6pW', '70', 'Commercial', 'Dijon', 'Alpūrai', '21040 CEDEX', 'sgirardoninz', ''),
(865, 'Nichol', 'Swainson', '842 403 1122', '$2a$04$wiQt.7wYa2bLZveuDzpyLOmyxaqNJyETZ3Y2adF8xw317gV7N8tFO', 'nswainsono0@virginia.edu', '$2a$04$6SOYB.V0SoSbskmeuILpZ.f8ujTbm7A0OFtootU4GG5T7WEbg2U8q', '8', 'Gateway', 'Makati City', 'Broniszewice', '1699', 'nswainsono0', ''),
(866, 'Reeta', 'Southerell', '591 238 4493', '$2a$04$tyCB1NsVOgwczF.1fJ9W9.xeYg9adHc1A/sDXTGjvlJMq812Xh8Z6', 'rsoutherello1@slashdot.org', '$2a$04$nD8otOZgx9kLT.qGUWy9aez0U0EcyYBSa7EpUQg8Uf/ZZx4s9FXhi', '6870', 'Butternut', 'Mehrābpur', 'Tiehe', '79051', 'rsoutherello1', ''),
(867, 'Noble', 'Dowsey', '237 919 0767', '$2a$04$mV8QJOa4y43MIpLhNJI2iOSjViKIfVS0lqThewZ7Wz15I6Zcxg7dq', 'ndowseyo2@discuz.net', '$2a$04$1W4ZiAdkY9/0UFW.KyjZ3OK8Fz3oTP1Ynu0s.v8F6WtBmLRpamffi', '56', 'Iowa', 'Kotel', 'Colquechaca', '8970', 'ndowseyo2', ''),
(868, 'Juditha', 'Prando', '231 994 5879', '$2a$04$6K8OHnRDw7hnPzHQy234FOB5WhTo49BP3P8nV85yWOAQDlab39IDi', 'jprandoo3@de.vu', '$2a$04$Oq2J2hrOVK2HXVc6lILXPu1ifVvEY6Z23mNjgLrX2JYmpmRrKwlCm', '945', '5th', 'Slantsy', 'Tubo', '188565', 'jprandoo3', ''),
(869, 'Randene', 'Wyson', '210 336 4882', '$2a$04$1ij.WzUFGaNxQMZaFJENBuhbZ8hlpeGNjNwS4J1u9VOnPGd51KXZW', 'rwysono4@samsung.com', '$2a$04$dz5Szordl0rd6XZ2Qq8T3uEGuK38/RKEhlxIOC6RVhYay2SAx5.Ie', '875', 'Brown', 'Soledade', 'Shanga', '99300-000', 'rwysono4', ''),
(870, 'Noll', 'Laxtonne', '200 820 7475', '$2a$04$qoqzMMC5USYYQj9EoClCuetbmNfs19j19cQfRDjynbsWTITlcz6He', 'nlaxtonneo5@si.edu', '$2a$04$bfNCJgyJrGemscV9wJ0VKOzInKM6gY8Jd1P3SdIm9Z3wDBA2y/BSK', '07322', 'Rutledge', 'Changtan', 'Saquarema', NULL, 'nlaxtonneo5', ''),
(871, 'Chloe', 'Menpes', '586 581 5550', '$2a$04$cwsC9ftSJ2xVQRpdbnYu7enV0WvBNAyl2UfgKnRZRlpJx3JSWzPFS', 'cmenpeso6@amazon.com', '$2a$04$NnbLwiqVfpeMhFLYwdDSIetDiZfBFzw.xEpEQ9MNqC4GRyGIQauIK', '971', 'American Ash', 'Erdaocha', 'Nglego', NULL, 'cmenpeso6', ''),
(872, 'Sibby', 'Drioli', '480 211 7835', '$2a$04$JOuHN7VmugScwsXC1jXZieOp5coIxuBy.jvbAfqOkvqW9c91tufoG', 'sdriolio7@techcrunch.com', '$2a$04$GjZhk0Gz.EDdPOb9UeE5tO5PszOgrPz99l.jywCAcNXC.EAWY7uTW', '3', 'Mendota', 'Na Yong', 'Sochaux', '92170', 'sdriolio7', ''),
(873, 'Leonid', 'Smissen', '131 995 4922', '$2a$04$nKRCRjQaRMJRZMrTDe/pqeBIGWTkcvmZ61H45BOTBz/1S30kRuWvC', 'lsmisseno8@pinterest.com', '$2a$04$R8DCWBsM6HpqdlMhcTWySO/ExZGjJC9zY3vg4DrYdx8lN1/63Ef/G', '7431', 'Tennessee', 'Kojagete', 'Yurovka', NULL, 'lsmisseno8', ''),
(874, 'Skip', 'Capes', '336 819 7276', '$2a$04$v4080do/p5rUzUdty57jJ.1Kx.n8Xh1zhXU.bLNXAdv5Ng3MPJvua', 'scapeso9@ebay.com', '$2a$04$LVxf/2B6G4/ysNSc8DDEWePJNgpF0klNqQuiIHzZx6IWGonGvJu/C', '04736', 'Little Fleur', 'Greensboro', 'Pedra Branca', '27499', 'scapeso9', ''),
(875, 'Salim', 'Beebis', '319 367 2116', '$2a$04$I9LigKaiicgdJmFEkWCLiO/kcf6JPiTYgWcSe6SQpT1NIccbgIskK', 'sbeebisoa@bbc.co.uk', '$2a$04$6tt9fTrgjY9VuIz1Is0vheCq6NBMFth7nLqtZKNdsEgq9AN/KNeYe', '11', 'Jay', 'Heiheba', 'El Rosario', NULL, 'sbeebisoa', ''),
(876, 'Roosevelt', 'Buckthorpe', '980 807 0257', '$2a$04$Riu//lz5Es3ovWKOE.fnReaYtUYyIeinukPhK.fw/3SI.2OWo184e', 'rbuckthorpeob@imgur.com', '$2a$04$21xIqD0JkpBlxsORYjRqZehWG40G9kjZJ2tOXst51tLnRyic1he0C', '26486', 'Ronald Regan', 'Libertad', 'Nunchía', '9021', 'rbuckthorpeob', ''),
(877, 'Conrad', 'Collingwood', '129 403 6148', '$2a$04$puFycOcZYm3oyitYuQg/V.qs2mJSkZLgfqPuNj8hMCGsFxs5HGHHi', 'ccollingwoodoc@ucoz.com', '$2a$04$b8wqFZljGjxyYg1XJm1q7O7wZBpI.psRqJgElKdTEWSnhVo513tTe', '6', 'Milwaukee', 'Solna', 'Szczurowa', '170 66', 'ccollingwoodoc', ''),
(878, 'Beauregard', 'Stonebanks', '596 915 6870', '$2a$04$Sr/8Tadis/dl0TqHdfCsju24KPECLYFs010aqlmz6q..tf8GDJxTy', 'bstonebanksod@jimdo.com', '$2a$04$wqOFhVUU/xgOaLxqry1HsustpxTlPvBmQTbzvnJA53gnKlAlmJYme', '2340', 'Briar Crest', 'Tagum', 'Uddevalla', '1720', 'bstonebanksod', ''),
(879, 'Finley', 'Gadesby', '541 949 4705', '$2a$04$D3JYInF4J6o.92DLb6LlhuGknnGPdSvb7JFrbscW6pSh/O4EOrKzO', 'fgadesbyoe@linkedin.com', '$2a$04$eb35yBR9n5JpIeC5qtDk6.ik07DTJjA5HIRz0joXq/cH3KHi5crom', '9680', 'Lotheville', 'Namyang-dong', 'Naifalo', NULL, 'fgadesbyoe', ''),
(880, 'Linoel', 'Sandey', '246 442 8335', '$2a$04$XUo5F4dWmKm90FowmvUHcubVRmdffDV9rwwN7dcmjOMF3KKBdpfDa', 'lsandeyof@nba.com', '$2a$04$sUy.aq.CnhmVSovCXa0BwOS2zBdRdTJXrKiazLNqHziypVQM9NzfG', '366', 'Namekagon', 'Livadiya', 'Shatalovo', '363001', 'lsandeyof', ''),
(881, 'Yorke', 'Marmon', '398 372 7297', '$2a$04$teREHGEYNiGUZlS7e1UcEem4EyjMSD4F1ky6yFj/Qcod6kgTLCyNW', 'ymarmonog@wordpress.org', '$2a$04$a3M9Leb8llnqIbwj2KTe3umrvo/vpREKyZ/Hnl37tIPO0TKELJkOy', '08', 'Quincy', 'Đắk Mâm', 'Bruxelles', NULL, 'ymarmonog', ''),
(882, 'Codi', 'Pragnall', '659 501 4877', '$2a$04$ApjkDZz7qHfCnFzHnAz17.P1qrpOAAi2Fk4UWwOA.TScoDpfn3Xey', 'cpragnalloh@cornell.edu', '$2a$04$weiRP9qWizeFVN8a1Et0hO9fs.hCpx9/ZMSBZ2zgg58GM.v4hVm2a', '7', 'Alpine', 'Karangagung Timur', 'Niutang', NULL, 'cpragnalloh', ''),
(883, 'Harcourt', 'Dootson', '983 837 1580', '$2a$04$McL9oeR6KhFrKKcPWbBb4eFpOIDD1uqyNfklrZVJT.Qt7OCsQdHFC', 'hdootsonoi@cargocollective.com', '$2a$04$iVD1uhmKUsSMllzAYzWfn.sLk5FODKKPc7qp9ZgdSFKnh2GV9w8wi', '4181', 'Sommers', 'Chai Badan', 'Battle Creek', '15130', 'hdootsonoi', ''),
(884, 'Lisha', 'Copes', '751 672 4433', '$2a$04$VkzNG6jQHMCwHF/CFAIxreGXejC/GwAeu8nmS7QS4UjOQ5RrIeTF.', 'lcopesoj@tiny.cc', '$2a$04$Pc7MLwWs0ywRt7nVQxa3ROSXi1PYqlD0JwMD/VhvJB8ujFwq/613G', '67', 'Comanche', 'Ashley', 'Kherson', 'SN13', 'lcopesoj', ''),
(885, 'Quintin', 'Faveryear', '570 478 9869', '$2a$04$005uuhVGr0/G0hZlK0WyCeiocWmcoapuDHUsCPoGdedV35YaKonKa', 'qfaveryearok@google.cn', '$2a$04$wkRbaX56vWLj287Dk/3AdeP5xLzPZs8PvVdc70.0DuavXuVC0D/4C', '20', 'Grim', 'El Porvenir', 'Jinfeng', NULL, 'qfaveryearok', ''),
(886, 'Rae', 'Fripps', '975 566 8721', '$2a$04$yii.hqME5rDxEkQb5qwOBei85kTdECoaxt6SfRyiOzGUFvkR/4ZTW', 'rfrippsol@mapy.cz', '$2a$04$UjLgomto.mCAMRi/VLqbYu//t6Xy3.I5v6.tkBdl5oJlTCo1VH58i', '22', 'Coleman', 'Borek', 'Bergen', '32-765', 'rfrippsol', ''),
(887, 'Salmon', 'Hatch', '549 706 7216', '$2a$04$StoG2qXaSLHlKxMadcDmE.B.q2cK3uLnqS8L8Zwcb2glqwVqlN2Ju', 'shatchom@auda.org.au', '$2a$04$i5Yj1lcDaYJtNvxfafTnDuDLDMGVwjRJKo00WF925DvHwFWSjRdXa', '30', 'Melby', 'Xinwo', 'Kvasiny', NULL, 'shatchom', ''),
(888, 'Renelle', 'Pulman', '747 383 2286', '$2a$04$y8/QlyUnfOA6o0pZlcJbM.84tvre1d6nUZtj/3V3Ep6CVrHfr5Fuy', 'rpulmanon@hhs.gov', '$2a$04$151VNtlaFidpfId0PdQ1G.UUb/zltut65w.mskaWIgVRHeUXry/Jy', '351', 'Memorial', 'Tyoply Stan', 'Donan', '391237', 'rpulmanon', ''),
(889, 'Theo', 'Damiral', '939 892 4229', '$2a$04$HavAelCNEL74TaNUWMVSgeQx04aLJAuaqfh5noAnuVYy/KqXEsYLK', 'tdamiraloo@github.io', '$2a$04$frJOHYmWBWYhab2oi/jVJ.UmK5p0/QnEhWKFLMWt95ed20R0mUdou', '56460', 'Meadow Vale', 'Riihimäki', 'Yakovlevo', '11910', 'tdamiraloo', ''),
(890, 'Bunny', 'Bangham', '777 670 2627', '$2a$04$wbZiV2e6rDl6Dt4kqSy8LeIMuG4OFTewN.XEVWXRvR7PWRjP6VIk2', 'bbanghamop@drupal.org', '$2a$04$LfkYxVZ16Rv8srIFzcvS/.NtKtb8qK5cqeif0YoSfdBPSgFEoaSGK', '04', 'Del Mar', 'Cachan', 'Louisville', '94234 CEDEX', 'bbanghamop', ''),
(891, 'Tabina', 'Sesons', '893 230 6104', '$2a$04$pIDx62BoH18W2ExFMLUHtOmRwQrurI4fdi4bxPOilAXC6BB1D6l8q', 'tsesonsoq@aboutads.info', '$2a$04$G3Vc3He6bN4a1XqYmaYDkOkiThKcqM0MPWPWUQ./RRIVG/8wbFOK2', '673', 'Blue Bill Park', 'El Puente', 'São Vicente de Ferreira', NULL, 'tsesonsoq', ''),
(892, 'Catina', 'Upward', '513 305 8792', '$2a$04$7Ep7APKkTWEfjNEpFtxJeeexgDVv594wWp0BFforMoYyhMfts8vIC', 'cupwardor@google.it', '$2a$04$uEf58IZjj9KXjgtO81vToeqUTL4Y5dNjwJtQgzLDFxDY8WchK3QpC', '4069', 'Golf', 'Xiagong', 'Xianning', NULL, 'cupwardor', ''),
(893, 'Ambrose', 'McMeekin', '691 394 4686', '$2a$04$7epBSM/SH7cjjf1ivN9jm.ewtEAZRbyB.unwSmGkKON6PPtDz87VC', 'amcmeekinos@51.la', '$2a$04$0lHirEOXCt2zp0VzfCC3Ruvgcyu/kpN/IbCLkP3gFkAmnYYOS/Bwa', '47662', 'Dryden', 'Taohuajiang', 'Aizkraukle', NULL, 'amcmeekinos', ''),
(894, 'Debera', 'Rosenbaum', '987 297 5826', '$2a$04$.HrVjCTweWAopS6fVcCGuuO9ECOHprM30f2Crtv82pm0hswUozrXy', 'drosenbaumot@freewebs.com', '$2a$04$1m5RwQw6MGbmGZd3oqGnKueeLz6cPhuVXjj3GrP20OGEXtXckiTx6', '481', 'Debra', 'Kushnytsya', 'Saboyá', NULL, 'drosenbaumot', ''),
(895, 'Vida', 'Matteoni', '352 218 7005', '$2a$04$bENjBObKIgV/EwMykNRaqejIAsHAZgdZCVzN82Nyhmygb.Zw4PcZu', 'vmatteoniou@is.gd', '$2a$04$QLiOkNmW9HjLEqH1zyHG8.tS0x5XJy2wr8FrWcvqTl9pDxkjYFglS', '1', 'Nevada', 'Ujung Gading', 'Dabachang', NULL, 'vmatteoniou', ''),
(896, 'Eadmund', 'Cutcliffe', '194 663 2361', '$2a$04$2xZ1U.XplbnCY3KspDG4s.Xz9lzOio/TOr12ZIBpkQ3hYsf8TUzJi', 'ecutcliffeov@usa.gov', '$2a$04$jsxU8LviBTqpVnbKjngli.DWmEbpRfp0Zgo.N3Ma84MSMrSpWerwq', '46323', 'Columbus', 'Miches', 'Creil', '11517', 'ecutcliffeov', ''),
(897, 'Gerald', 'Maffulli', '250 249 2806', '$2a$04$PltbeDMA87IxXL3ICsdgWe5FwBoa.scHPD.38cK7l2ZROsLs/BqVq', 'gmaffulliow@fc2.com', '$2a$04$nf90WQ5UWqIPqzeHfNUNe./8vAYnnRdubpmQHSitDQHAYadiVwxWa', '4', 'Lake View', 'Huishangang', 'Siewierz', NULL, 'gmaffulliow', ''),
(898, 'Vaughan', 'Shasnan', '923 677 8285', '$2a$04$ckQXD35EhvsqWP8KVAZEVOrZlb3kjleB1q0y4Vq0c62lcOsGrnncS', 'vshasnanox@yelp.com', '$2a$04$VkI3bVOWZ2UdPpDou9V1ceoc3667lI02n9MYC7Whe2LwOjwLNfOMq', '9542', 'Fuller', 'Bondy', 'San Eduardo', '93144 CEDEX', 'vshasnanox', ''),
(899, 'Jedediah', 'Sandry', '772 120 5390', '$2a$04$RhALkEye402ExyUurgLz7e35vNpTiXwH5IuJY.GOJAJumnAK4Gvym', 'jsandryoy@ask.com', '$2a$04$5f5CIRVS2gR.Y4pSiY8aj.xhTB0onE0335.owXzlXj2ycW0L.nUQy', '58584', 'Oriole', 'Gorbunki', 'Zdovbytsya', '188502', 'jsandryoy', ''),
(900, 'Biron', 'Waddie', '789 642 8003', '$2a$04$eIVwX5NE8W2gTz2lspnzreADzNjsUq9iu6GOaoCmwS9YQtZ/FOG7i', 'bwaddieoz@comcast.net', '$2a$04$cUKdWFyzuaSgl2ZQ8uxUx.IpFQgb7tMOXPkOVhRfBsjS7KSMSas/O', '272', 'Westerfield', 'Lishu', 'Longwu', NULL, 'bwaddieoz', ''),
(901, 'Quintina', 'Kofax', '443 521 2070', '$2a$04$eb7rOHHHCzI64jB.wKNhT.whCO0XBt8MNJbgBV6BNICt.Q1RssnXa', 'qkofaxp0@state.gov', '$2a$04$xI8u2WfnJcITdtP4eFc53OGnwDV65Ty1rtye5BZf.S0CN/s5dVR02', '77086', 'Buhler', 'Kill', 'Balin', 'P24', 'qkofaxp0', ''),
(902, 'Tamiko', 'McCarter', '637 766 4601', '$2a$04$JB8mizYTAOImePS1pNqozuVB2LVDdF1kAdwUcx/jYz1D2lv6Z3P/m', 'tmccarterp1@un.org', '$2a$04$op.aHb8b3HzPU2UjuRdXY.6RUeG9fNZEilPk9LvDhAp.HSdVTzlD6', '432', 'Buhler', 'Bolekhiv', 'Liwonde', NULL, 'tmccarterp1', ''),
(903, 'Jarred', 'Yakutin', '184 776 1819', '$2a$04$RMgW92AWEz.DXFoPmNjwXuAgMo.p8viq3hcYpC5NqpPHm4fEadES2', 'jyakutinp2@yahoo.com', '$2a$04$2qJwi4fyYDFEPD9EQsddHOH1GGQ3nU7.d1.gyM8LhnCEhgbHayYca', '560', 'Stone Corner', 'Khān Neshīn', 'Buenavista', NULL, 'jyakutinp2', ''),
(904, 'Sheilakathryn', 'Flacknoe', '676 185 9595', '$2a$04$ny4NqDwT/Dq2K9ENIKLMheOERtc4nRCwf.yIz9FcPB3kOGpbpZu9C', 'sflacknoep3@apache.org', '$2a$04$.RN5Pz1cHjJTIWsPMxsbOemx1jDyNF1Ma4uu4C/USGLHYSYRjAxd.', '2', 'Eggendart', 'Ungheni', 'Pelileo', 'MD-3652', 'sflacknoep3', ''),
(905, 'Hortense', 'Castellini', '285 778 6940', '$2a$04$e6SPk9M7/J7Ai58MYZvRJu5qU19MsG3pDWcSLjUEPXyzpKBgl4iD.', 'hcastellinip4@cdbaby.com', '$2a$04$2didDMB8CRoChG/ZAcZDSu/Tvyh7vv4kOYiO02kzceHHcHZfmYgyG', '05', 'Badeau', 'Patnongon', 'Hoxtolgay', '5702', 'hcastellinip4', ''),
(906, 'Greer', 'Rankin', '374 651 5644', '$2a$04$uKpPsj91Ah03O0j1.kc3n.lkYM7w/YlORaN/mXMfQXO9gifPILH5W', 'grankinp5@statcounter.com', '$2a$04$Bwi1Xy1O7k5YQkZ/vBTJB.xA.DkheNY.thx3htJU6/jc8/GKQlncC', '2', 'Moulton', 'Baihe', 'Orlando', NULL, 'grankinp5', ''),
(907, 'Tana', 'Francescone', '330 661 6612', '$2a$04$0LUY1/IXifcRHVRcKpR0/OepttdfYnfjbjh7Uwi4zs8/Y8sragCbu', 'tfrancesconep6@reference.com', '$2a$04$5WnT5o1tm2HNNlfewUkRQO//5ZWwT.KiSILM7QmKyfsYUVLcVJH3u', '669', 'Reinke', 'Manique de Baixo', 'Thành Phố Ninh Bình', '2645-446', 'tfrancesconep6', ''),
(908, 'Lewes', 'Spaven', '896 104 8691', '$2a$04$nwvuadzaa/52vK08SPGUJO3LsmOZxVnd9Tw/3Xs0LnsjRLt7grZO.', 'lspavenp7@godaddy.com', '$2a$04$2w85zIxljoRxq80l1xYVCubxO9KowW.TToqOjYX9gWM9UMdo42nNm', '3', 'Maywood', 'Qianpai', 'Tonota', NULL, 'lspavenp7', ''),
(909, 'Oberon', 'Graveston', '205 182 2435', '$2a$04$Es05yZEfXeHvxJbwmxNsnOwNU3MZa5i2IBlDekVuqzcXg0CHP2oBi', 'ogravestonp8@addtoany.com', '$2a$04$9BOibhzx1XPI80pKTfTDv.gC0ehlc7ZGoKBl.Sk7imBQm0gdvfZxu', '59', 'Red Cloud', 'Karlskrona', 'Polunochnoye', '371 79', 'ogravestonp8', ''),
(910, 'Lindsay', 'Mapholm', '358 635 7102', '$2a$04$zHMiIptl4MtpjMYmdoos8efJIOfvka.VAGWzSnoYzo63FOsYMpFy6', 'lmapholmp9@narod.ru', '$2a$04$U27ZAdeA1thPXoWd6XrBdeEk7cUMC36o8AXdxh5LJQRMpckY03ANq', '8', 'Lawn', 'Bāsawul', 'Lipce Reymontowskie', NULL, 'lmapholmp9', ''),
(911, 'Nissie', 'Dreigher', '513 673 9964', '$2a$04$.jB05LjLJAYv3.zm96/Js.YbPV5IAqgibdOfFXoqOaV/TDiDUw7vS', 'ndreigherpa@example.com', '$2a$04$N6Dm6Ovd0FPuZHiUNCtD2uyz9EczDjsXuZX4EXisp7Vk/sCDt/mi.', '4', 'Grayhawk', 'Cincinnati', 'Belyy Gorodok', '45218', 'ndreigherpa', ''),
(912, 'Michel', 'Gwinnett', '421 476 6819', '$2a$04$hCcN5HFwzrGsjFVfX9GtM.yWY.M78aT3pKkXZ9Q39TZmZZkuppF7q', 'mgwinnettpb@cocolog-nifty.com', '$2a$04$mWxkdVgx6mPjuC3Oa/mRbuhb3VTseL1lIILiCt5ItNvmmnYsiaRoW', '415', 'Bashford', 'Buinsk', 'Zhigong', '429720', 'mgwinnettpb', ''),
(913, 'Roderich', 'Aistrop', '206 162 0387', '$2a$04$jhXPikoDq9M3OzBMjw/f7uXtOpu22T5Jta.FUfS3TqluNBKSj1coO', 'raistroppc@pen.io', '$2a$04$HvLXjHarxxmNE5Ik.baq5.dqMzbeHfVUTHCYYIwQn9AuGK/ER50pi', '3', 'Clyde Gallagher', 'Sasar', 'Mouzourás', NULL, 'raistroppc', ''),
(914, 'Dollie', 'Frodsham', '429 235 9663', '$2a$04$L1k7vfbv5b21iGbYjaLYkuwlKDMMRKxI3PsFGkRBeH.AIafgP1Bma', 'dfrodshampd@cloudflare.com', '$2a$04$4rOEr.3xo.NfQMWVEfpHtubRaIsoTiD82/ghpy2NAliwJFDzIrtjy', '8', 'Shopko', 'Jurva', 'Parigi', '66301', 'dfrodshampd', ''),
(915, 'Loise', 'Verdon', '358 935 4754', '$2a$04$g/25S/OloJEf/ZlueeGRbeFIkUBCAPiufBcQF2JoxoZLH8IT7pjJm', 'lverdonpe@washington.edu', '$2a$04$PN32FN2hYcWMcq1pKjS9n.IPEZX/194aGKnHSbUe851u05fFSX6SC', '580', 'Packers', 'Sun Kunda', 'Shreveport', NULL, 'lverdonpe', ''),
(916, 'Cyndi', 'Chisnall', '175 675 8958', '$2a$04$7hnY6Desr6c42x.o0dr2b.D5j2JaNPix0zzGJMBetdmPGDkBkN.bS', 'cchisnallpf@intel.com', '$2a$04$7Hh5QpyvOPBfWgaw9SmdgexKWXJ2dV/9rCwGKEuQ/H/xJuawI0K.C', '1', 'Westridge', 'Avon', 'Beidajie', '77214 CEDEX', 'cchisnallpf', ''),
(917, 'Stepha', 'Spurrier', '141 935 8081', '$2a$04$AY9uQ6AtyIhqsh504EXPFeFNyfQwkjnVaORj8wc9zzmkybkkfvp86', 'sspurrierpg@hc360.com', '$2a$04$4FfzNzlV3kp.3nSIfNp7DeKhBMu57oJy8rQzGiiA4aD2KxLTW3Hte', '58318', 'Prairie Rose', 'San Pedro One', 'Mungkin', '4234', 'sspurrierpg', ''),
(918, 'Kylila', 'Joret', '503 593 0017', '$2a$04$Ow7yLkA2bKJOk3wB/ApTPu2epsgXSENlhwFIE296X8brJyinXDS6i', 'kjoretph@furl.net', '$2a$04$6jKgpZKHFsFjsYTiZYQBS.sV.DS647JmjeHD5vid/NVsQGx3UoXrC', '3509', 'Warrior', 'Nazrēt', 'Zilang', NULL, 'kjoretph', ''),
(919, 'Ardis', 'Goosey', '428 113 1469', '$2a$04$7G5BH9SzVuPfTNKsPrcSb.cgmQVTeMR3xJSOPFoGI.9gGT/iHwd..', 'agooseypi@theglobeandmail.com', '$2a$04$R14wR/.ENRjic985V7G1Pec7Nica25mYDzbIdiUvvuti5DYjVVEfa', '07623', 'Judy', 'Mubi', 'Pepe', NULL, 'agooseypi', ''),
(920, 'Mavis', 'Biesinger', '409 409 3488', '$2a$04$wY1IhvmPBW2bKyQLLvdSK.BqZVbAE1qnzst8d252s4pgOImp6fdcK', 'mbiesingerpj@wp.com', '$2a$04$w2x9yCL5wOwYx.y93SMfLOylK6FRO3RYf7Bi893VKAgZxp87N0Wae', '832', 'Crownhardt', 'Libiąż', 'Stony Hill', '32-593', 'mbiesingerpj', ''),
(921, 'Maud', 'Smullen', '685 471 7252', '$2a$04$vhsIisj806ZbBITV1XM5aukl6SiQYCX8SgIh3WUBQV.FovMHd/LDa', 'msmullenpk@hubpages.com', '$2a$04$.ek/fnbUaYHpNI4Kuvz4M.za7a7B85X18Lj.Wz3mjVfoOW1UgUb4W', '678', 'Sauthoff', 'Skövde', 'Graksop', '541 33', 'msmullenpk', ''),
(922, 'Enrichetta', 'Jenkison', '746 340 3987', '$2a$04$JQ3ZJiKvcE2oegp3Ca54n.jxH9ycaSiYozLQWWGnwo8BCxeGb.iiq', 'ejenkisonpl@dagondesign.com', '$2a$04$cQWyjXDzsW7DTo.hYZFK7uy91cKhGEoKdx3whCFN/HgAwvNKMJJ/K', '5', 'Mcguire', 'Mambago', 'Kaliro', '8118', 'ejenkisonpl', ''),
(923, 'Eddie', 'Gitting', '752 221 9985', '$2a$04$/f6a5wY3CI5LxPz8UhTUP.QuMCr9WT7KY8xmPm4EjZN8PzPrfRV/.', 'egittingpm@amazon.com', '$2a$04$frlBVMYystboJsbtI2XaeOwAXawVPkOxA/B.bQIcdne2RJXmmJV9m', '41039', 'Bobwhite', 'Shināş', 'Al Mijlad', NULL, 'egittingpm', ''),
(924, 'Somerset', 'Norton', '272 659 9027', '$2a$04$YFVAv8AWs6TtbEiw.dVQC.6qLTcQd9pnSfvTQVZ6nggECd8L7e3pu', 'snortonpn@cloudflare.com', '$2a$04$UXVeByac5LVz5KxL762wNuYyFYKouNvg8B9tDKkHv09m7A/qI9xYC', '436', 'Waywood', 'San Francisco', 'Olocuilta', '51016', 'snortonpn', ''),
(925, 'Phelia', 'Whalebelly', '438 604 5614', '$2a$04$jDZpWpmV7oKk7aw48etDguuQBWy9wLfLq98aMtdvm3BW/iL.jfeja', 'pwhalebellypo@storify.com', '$2a$04$wAHb6bT61xFcz1Q/6Zz3Wu335czGwm1D2qO7TdNmXksnIJCI9pxSm', '8', 'Forest Run', 'Lávara', 'Longsheng', NULL, 'pwhalebellypo', ''),
(926, 'Angelo', 'Joscelyn', '593 423 7886', '$2a$04$NH8G1dHjd8B1w9OQPFxJauwFvpEW1aVNoVG1k2a5s/En4CXn1g3Li', 'ajoscelynpp@istockphoto.com', '$2a$04$azYf5iR0pV.WrkLDF80jies7opR9KTwbGYfs6lrT0FRz8/5cJjOX6', '2099', 'Bellgrove', 'Trollhättan', 'Laoxialu', '461 25', 'ajoscelynpp', ''),
(927, 'Ray', 'Gladdolph', '310 508 3243', '$2a$04$9t4dzOpE4sTHmBb/00B1z.eYMORy/QZPa6P.ZG3ceB93EBYnPNWHK', 'rgladdolphpq@cnet.com', '$2a$04$acBcjUfuPnY2BP5xgMLEw.HELINkmAuRIDxjI27WBvVnktyvQZelO', '6', 'Eastlawn', 'Xilong', 'Juhut', NULL, 'rgladdolphpq', ''),
(928, 'Berri', 'MacDowal', '872 825 8663', '$2a$04$JXQCJAVUlQwZKqi8G5SUm.a8YrSYHkIDXXuAN5jlmHegEKriafHlu', 'bmacdowalpr@imdb.com', '$2a$04$6tRUWC/7End4kaNu5DlTse64igDUNdiNeydkZfZkcuGicSRiV.dZO', '316', 'Pankratz', 'Mandepa Barat', 'Banjar Anyar', NULL, 'bmacdowalpr', ''),
(929, 'Michelina', 'Lawn', '360 218 8755', '$2a$04$vbj23wdAyAeyRr2jwLEIVOAga/e2z4ory/r2hXd6jcgo6YPf2zvnC', 'mlawnps@forbes.com', '$2a$04$KaXOlH7iiqUgzwK2U2IYC.3Z5zvHCPWnqJ0pBTR9JY6Y4N3D4JgcG', '5', 'Hermina', 'Rangah', 'Dearborn', NULL, 'mlawnps', ''),
(930, 'Pavel', 'Goncalo', '679 284 6503', '$2a$04$.3jOokCJLV1BvJgbhAFiQuq4hzB97LwSjK0rXazlWavZaCRZQE/IW', 'pgoncalopt@rediff.com', '$2a$04$1MycJpBssBHlhhLHhjvPJ.dFHotYYpPX0iqzOEFVomy.Xq089TyY2', '94', 'Sachs', 'Baucau', 'Netishyn', NULL, 'pgoncalopt', ''),
(931, 'Isabeau', 'Juggins', '790 164 4929', '$2a$04$7wLMKIv4mYgm404rpRxnRuHe3PPWGW0k0CVUuzkojX142XCBW342u', 'ijugginspu@google.com.au', '$2a$04$Gg/BWfnHNvsDBCBvV6I.h.bLbxvYeEZDC5s5nrc3qn1/kmPLu.NEK', '444', 'Rutledge', 'Slavkov u Brna', 'Wuli', '684 01', 'ijugginspu', ''),
(932, 'Richmond', 'Burkin', '662 673 2163', '$2a$04$j.btVtuTrh.7sxU0QUBkjOhz0gTC3MQ7ugnZEwcy7Pw.p6xZIJx0i', 'rburkinpv@utexas.edu', '$2a$04$y2X/m88GNF17D2U0Gu0O1O8rOwmRuVVe6BBvDAnuan.Tegp4OW6Kq', '6', 'Dawn', 'Hannover', 'Bagansiapiapi', '30453', 'rburkinpv', ''),
(933, 'Husain', 'Towhey', '219 882 8609', '$2a$04$LukDDF4wp3rXHK.noyO8nOQfUdU4z3h3u.H1b2bt/.BkkG4gh8kba', 'htowheypw@indiegogo.com', '$2a$04$8hkTf/pZIpA41qzhd.lNX.NQBi4F9GWeqWmXzXzZFTrS4cRamkiG6', '32', 'Golf Course', 'Dazaifu', 'Primero de Enero', '818-0138', 'htowheypw', ''),
(934, 'Feodor', 'Merkle', '884 418 6292', '$2a$04$2ZzgjPgHxu6P64CVxo2W9.XONS5oJqLMA3pj6OfT5CpJw8XEfAGVu', 'fmerklepx@hud.gov', '$2a$04$m8RZcwm7dZrA3AqWNWcg0u290uTjXTw6Ib/lyc1bunG4k7EUEAdwm', '1125', 'Upham', 'Åmål', 'Basiao', '662 33', 'fmerklepx', ''),
(935, 'Jervis', 'Beedle', '355 915 3428', '$2a$04$y.kYhu9tf1JL1qmi9ba9uOh5FUDtYhrZ0Eo9ABg1nfdO8/Jinjov2', 'jbeedlepy@friendfeed.com', '$2a$04$Iz82yOBID2Vvd4qoh76cQuVSDCOdEFzBPo5Z3UA9iYyBRcZUTEYsW', '993', 'Miller', 'Ledenice', 'Wartburg', '373 11', 'jbeedlepy', ''),
(936, 'Bekki', 'Skerratt', '624 658 9093', '$2a$04$GezLC5fPxupYbF7kp10ywumqLRt.ailYigSqGjutWsvKYos/vHic6', 'bskerrattpz@tumblr.com', '$2a$04$2aq6fL7mij0kfKBzaRV/I.B7oT.p7B8w2XBdpkKGLNbJPHmkGXvNG', '8', 'Dwight', 'San Pedro', 'Ad Dasmah', '4500', 'bskerrattpz', '');
INSERT INTO `User` (`id`, `name`, `surname`, `phone_number`, `apikey`, `email`, `password`, `street_number`, `street_name`, `suburb`, `city`, `zip_code`, `user_type`, `salt`) VALUES
(937, 'Ilka', 'Vennard', '318 804 6881', '$2a$04$8cnrWF16txQ5OZMEzrOIcu7ZkbjDvJAv/onU/HQ18YHV7dyp3nrDy', 'ivennardq0@thetimes.co.uk', '$2a$04$JP/Ons2yivkfAhz/42OMUe4VzVC1/JjEueEdBDFZ.iHFX4ZuvVzPq', '8', 'Namekagon', 'Derbent', 'Memphis', '368608', 'ivennardq0', ''),
(938, 'Ravi', 'Seys', '996 678 7138', '$2a$04$fcjjgNPv/ghx40iELwvZ6.9D1L4HVVkKPaavID11MHeIV6r4fLDJ2', 'rseysq1@huffingtonpost.com', '$2a$04$MkEt2xnj/Goyf0ByeK/5uOYYT4sh9/J2qp/phEYb4s.POYzznRVk6', '8', 'Melody', 'Korkino', 'Padangbai', '456555', 'rseysq1', ''),
(939, 'Ruddy', 'Horche', '892 316 8372', '$2a$04$5vbzODx2NxGMY8T5J1WCkeR2PNHuxpohbk8uuGYRqcyPF4UqstnB6', 'rhorcheq2@jigsy.com', '$2a$04$h377Ya7bTJKaP2BRUmBjq.KVOLi1L0EF64ceRZcGo9XFWOwM6.lYW', '0', 'Fairfield', 'Shiguai', 'Bern', NULL, 'rhorcheq2', ''),
(940, 'Indira', 'Lydford', '749 446 6575', '$2a$04$hrzRcE6pS1xcqh3d8m7UGut3JtQNGntBy8tln5EyKQPS2.11Gx7rW', 'ilydfordq3@bloomberg.com', '$2a$04$HNiQ7AfBP2byB5ETzzJ77.v23fvEH//HgNcts69Qa7KHlLBuhHysy', '7', 'Dottie', 'Heliconia', 'Stockholm', '055827', 'ilydfordq3', ''),
(941, 'Christan', 'Bengochea', '377 665 0926', '$2a$04$j8Hq0aF2VtQD8iNNOwFOVuYrmftIXB0iAdX83hy9lCF3263kyQa2O', 'cbengocheaq4@geocities.com', '$2a$04$Ti5GRV1FVvvVqiH0lF3Eqex7.YBm556el.n1luW3tbtta7HsEMhv6', '164', 'Toban', 'Tomilino', 'Hudong', '140074', 'cbengocheaq4', ''),
(942, 'Marianne', 'Pogson', '751 811 2984', '$2a$04$7LE.TVZzGQPB6rVJ39Kfhe3d83bDfc31wm/N6IljmcHw5VrJrbWnm', 'mpogsonq5@oakley.com', '$2a$04$KC7F6cMDGMAzC9BLPvcYLeaX2RALPtReGyUkpJaEH.tmRrMZb7t4m', '7533', 'Atwood', 'Hendījān', 'Minami-rinkan', NULL, 'mpogsonq5', ''),
(943, 'Hillery', 'Pott', '761 290 0681', '$2a$04$4dzViHGZLVz6Lgzedtf1eelYQtmsCeizQgFrBzX8LomN1RNB9m1W2', 'hpottq6@naver.com', '$2a$04$677MPSBxAcRxMnkem/PtiOxtrE71TaLJ2h7CPvupSOxkgZmjh82e6', '89', 'Hollow Ridge', 'Aviúges', 'New Leyte', '3505-130', 'hpottq6', ''),
(944, 'Stillman', 'Frascone', '766 122 9426', '$2a$04$0ontdFSqePo3XLMJuwF9LO.uUDjavEYUuQMxdQYRdPtEJosz7jay6', 'sfrasconeq7@free.fr', '$2a$04$.0V6d9vsTFUcTscAnFdel.ZZ/CDcZ8ZCIi.Nckckt8xXxexMtXPS2', '72', 'Bowman', 'Hodkovice nad Mohelkou', 'Māymay', '463 42', 'sfrasconeq7', ''),
(945, 'Ynez', 'Dicky', '293 171 8352', '$2a$04$1uzGCWp6ahcD1rA95NhecOgkkACcMqGUeXUsb8pj/bglK7Dft0S3m', 'ydickyq8@163.com', '$2a$04$YctZsvLa5zWLB5ZD1KeMV.xBIr6nMC.79Bjl23vHTgcVLDBLrByke', '9', 'Mcguire', 'Panalingaan', 'Kalávryta', '9610', 'ydickyq8', ''),
(946, 'Angel', 'O\'Duilleain', '232 963 2263', '$2a$04$PLDgjrvA0rrprt89W9qbp.Iqau8fG2rl5ctLm6mM0pP/i.fUUkAda', 'aoduilleainq9@hexun.com', '$2a$04$AYH2l1OFKyQ2F5CAwfb.ier6HDpC1zrWPyDOFoBujEZKU8eLh6j.C', '9979', 'Lyons', 'Hetan', 'Torre do Pinhão', NULL, 'aoduilleainq9', ''),
(947, 'Devon', 'Stackbridge', '742 372 8037', '$2a$04$CoHbt.mVCLsZ5NZFxQBoYO0H8sbjQqNJvJyITCxj6hJ0HOm5a1tsm', 'dstackbridgeqa@mapquest.com', '$2a$04$ifSxNWAcwghzvc5RjcejR.Px5VLu/BcYCh02fjw/qtzgM7uogDvMK', '3', 'Fallview', 'Samajie Ewenkeminzu', 'Sobinka', NULL, 'dstackbridgeqa', ''),
(948, 'Lilly', 'Jiggen', '203 504 0299', '$2a$04$IxqcGeVqXyYXWahzhdaiK.FDilbIyFgH0fSX4wz/9vL82noTPMAwy', 'ljiggenqb@youtube.com', '$2a$04$Y4qWqEBqj.o9DUxZQRoiCOeIHr9dvsFWQnqSSUxNwFNzfpPal53RG', '154', 'Rieder', 'Agidel’', 'Sapang Buho', '452941', 'ljiggenqb', ''),
(949, 'Adriena', 'Cunnell', '735 785 4510', '$2a$04$lVRaQpCXKmyLmFXYIeipYO9rAtOQqMKr1nFhLblBp5C.oFmJElvb.', 'acunnellqc@ovh.net', '$2a$04$81xoGn9uAEo0hk6SweGnL.9Dto8mtxXWBV9.EVgsIyILdgnQ8qFfW', '9', 'Meadow Valley', 'Norabats’', 'Negotino', NULL, 'acunnellqc', ''),
(950, 'Carin', 'Breston', '580 215 1462', '$2a$04$YQQ7UH9fuXmspLk/5Ahc4.7VKS6UpqrGF/rmaOuZUT11dJHd.1xwG', 'cbrestonqd@bloglines.com', '$2a$04$TZ0bMm.zV1TatrON53gdfu5XvahE/uHJNakxAlaj07k3Sthl./8R.', '580', 'Mockingbird', 'Konstantinovskoye', 'Almeirim', '356500', 'cbrestonqd', ''),
(951, 'Eadie', 'Vivien', '739 950 1524', '$2a$04$4rlKsz7wcBGe96rHBjmRKesR7ms0z5OoJTg0Voidf.ZHTIaLroeQm', 'evivienqe@studiopress.com', '$2a$04$AzcRAUJWcFEtuwYOsOufv.EAevHpxmcLzKNfXGbns6N4Y9U/mBYw2', '1', 'Kingsford', 'Gordeyevka', 'Kostakioí', '243650', 'evivienqe', ''),
(952, 'Jeane', 'Foyle', '416 856 8332', '$2a$04$CwhQmMfhzQO/SKQs8IN1keXUTpf6V/f7DCrfcxUmF2mNldei9Tkba', 'jfoyleqf@ning.com', '$2a$04$w5h21V.1XwafuA/sjU/eruVwJifpY3Z.IOB..0N1mZqIP9Fpgldhq', '8657', 'Forest', 'Singaparna', 'Grand Sable', NULL, 'jfoyleqf', ''),
(953, 'Trudi', 'Hannaby', '835 853 1204', '$2a$04$XPQYj5Ze9MV2sMpiLmtP7uwV22wmShSpv2aCctIp0aLl3FuDsdyEy', 'thannabyqg@dot.gov', '$2a$04$81bejrlE97Wc/7FOhSQjeuDmQFXw18ftSerF/.iEfAuyWn6WRmG72', '4', 'Vermont', 'El Triunfo', 'Eshan', NULL, 'thannabyqg', ''),
(954, 'Leona', 'Haddeston', '872 795 4990', '$2a$04$aDpzTBTu5Pn3aeXcRcSSv.IQb.9JJlK1oEVabVzLgMZovu.55/FTO', 'lhaddestonqh@wikipedia.org', '$2a$04$3TU/RvKufJPnj/Top317X.DkrFb8Fc9syjTu.Gq28GdVDhQ8Yle32', '62326', 'Portage', 'General Arenales', 'Aramecina', '6005', 'lhaddestonqh', ''),
(955, 'Nelly', 'Fitchell', '792 702 6687', '$2a$04$6IyCDndaSQKRcLAPvpOIpOm5HvkGDd8CZkOHk8cKkG.F8KPkEgRN6', 'nfitchellqi@blogspot.com', '$2a$04$7uJCJkUHiMNax6IHe2/44ex9MaNcRugCPJtY970fbZq8Yq/3Ukhiq', '50', 'Fieldstone', 'Großklein', 'Wang Noi', '8453', 'nfitchellqi', ''),
(956, 'Stace', 'Pettit', '288 881 2843', '$2a$04$dj82w4BaHaKUvoR1fMncce88lvH8KQw791rrE6Wa3gdWGLHzDiIF.', 'spettitqj@constantcontact.com', '$2a$04$dsuUOCp3E.TSmM1Vp6b0FOKUSjKu86K3plgywhVuXkJiNarsTqgf.', '4', 'Burning Wood', 'Bobigny', 'Gostilitsy', '93017 CEDEX', 'spettitqj', ''),
(957, 'Sande', 'Cholwell', '799 306 7775', '$2a$04$qXXK/lV58.99EEikRkI03OorsL1DT4Mn203zq.PkU1Z7bJ60uKsHq', 'scholwellqk@ox.ac.uk', '$2a$04$flqGy2R280AhqvxzeQNFD.ntkUjn7gJVgfQHkwBKWiTU4iTpnX9Qq', '537', 'Prairieview', 'Horodnytsya', 'La Concepcion', NULL, 'scholwellqk', ''),
(958, 'Farlie', 'Arlt', '439 655 4979', '$2a$04$Um.hFBdquSVkEpQKZaZKOOfaJLMgnTOF.yDSYLXSzvYTTxps4ykS2', 'farltql@wired.com', '$2a$04$hWWP1duWvqRHHtlK6BaHROWh1vj2a1HjPZkstveRxBZ1W4M9/ikmy', '26529', 'Hoard', 'Agía Varvára', 'Chía', NULL, 'farltql', ''),
(959, 'Cristal', 'Peet', '710 159 5231', '$2a$04$i8/m5RmAvHQFKVK5kF1rquoVZsAQhzYh9Hj5qM4zfTbJgJcVjXlW.', 'cpeetqm@unesco.org', '$2a$04$Uz/Qqo5SJBZs7TS5ND5Ra.A8EmQIuhUgzpERRgBIurZ2Ylk7NBezK', '082', 'Meadow Ridge', 'Waipukang', 'Panguruan', NULL, 'cpeetqm', ''),
(960, 'Janessa', 'McCarver', '906 153 8355', '$2a$04$RdTjNkf.yWScYmStcutnkeafcjWLJ8oVIkz/RJeKy42FhKbNrcdeu', 'jmccarverqn@imgur.com', '$2a$04$dxcQ4OdQchLSYoDxiRmQkOlgEjgK/UE06tCsdSI4aB3erZGvlnSeW', '254', 'Stuart', 'Geshan', 'Hongmei', NULL, 'jmccarverqn', ''),
(961, 'Corbett', 'Manlow', '417 624 0603', '$2a$04$sPXOx5SlkAL7eLijK99tgeLtL0HdZ2mthvRLyyPNYm90XhDqOHqT6', 'cmanlowqo@bloomberg.com', '$2a$04$GGbGRxn3GuF.L/4wrTUx2uPx58JombMyjg8CvMBTCYb4VF.0muMWO', '2073', 'Judy', 'Potęgowo', 'Umeå', '76-230', 'cmanlowqo', ''),
(962, 'Darren', 'Dunlap', '857 831 0815', '$2a$04$Rusb98gSJ9IJZ4V1xcnlOuSlYG34FvKywn8hke0Ml2fYdvMRy60b.', 'ddunlapqp@sakura.ne.jp', '$2a$04$0dA3OU5RJgq177olReNf7ujGHD6KNog0vWF1gZDo5UnSOpVXpcCaS', '67', 'Dayton', 'Boston', 'Oetuke', '02114', 'ddunlapqp', ''),
(963, 'Antonius', 'Longhorne', '981 140 2509', '$2a$04$pby9XjakoKkcx4kLV3ZSvupDyj/iGOw6zp0eH58RoTKNhU8z/Fyve', 'alonghorneqq@ow.ly', '$2a$04$IGHyxxm.zTJcwBNK/6n5L.RjBm1ikLeLzr5QDNMeKABrxiCq3mRLm', '383', 'Northview', 'Jiaowei', 'Antsohihy', NULL, 'alonghorneqq', ''),
(964, 'Yorker', 'Troke', '273 486 5808', '$2a$04$UI9uK3kKITMJtGv6g6pOouwRbmOpSN.gKkQKXFxwJZqeuCC2ECCfa', 'ytrokeqr@jugem.jp', '$2a$04$Slcr/ekoFWotQfejRuR.xOpNY6IW1GExhNdQYS/CnpD4k5ID5Rodm', '598', 'Scott', 'Segoro', 'Gizałki', NULL, 'ytrokeqr', ''),
(965, 'Miran', 'Sidworth', '641 999 8739', '$2a$04$9y3yaUkGy/eJYq6fzhuj9./PqHfAT.uXJeKm7GZ8q6UIPcWFAWvDm', 'msidworthqs@chronoengine.com', '$2a$04$DmKLBeUX8hTfjqZ3f4L9vO0yaOCPp/Ar1A0fyQG26PQPdBwfTywvm', '30473', 'Texas', 'Kalangbret', 'Kislovodsk', NULL, 'msidworthqs', ''),
(966, 'Loralyn', 'Lys', '561 431 2300', '$2a$04$Vcx0uAgmyN.MKvYYd0zqpuAAzOmLee9ZGwlHdQ516meJvoHQ.Apea', 'llysqt@buzzfeed.com', '$2a$04$.GXU3QjTylFoWrHZOmL9r.43EbXrDn1Q0BTTP4IE3vdhTpkXdLyEK', '6551', 'Helena', 'Listowel', 'Aykol', 'V31', 'llysqt', ''),
(967, 'Rosalyn', 'Nelane', '252 370 9873', '$2a$04$l/jKsTiX4t9SCnAFwT7.i.ZySMm9osEnEBATi.BXjD2HkNTHbX7VW', 'rnelanequ@gravatar.com', '$2a$04$2wVNjf8oeeBcG6NTgwhxj.npiqwaPTWvfmJr3lF9z1/MNJs/3hCei', '1399', 'Laurel', 'Gaxung', 'Tomelilla', NULL, 'rnelanequ', ''),
(968, 'Konstantine', 'Milbank', '139 948 1654', '$2a$04$hYrw2jgZ32NJWctMxKdh2eSVCSXbrI0gXn8RfJDAdGbh/O6ahGGzC', 'kmilbankqv@facebook.com', '$2a$04$I63dxdpm1L6Tb6CZloY5RePpTDIcajDuBVqCtVqvoggD1k25w7fJu', '293', 'Dakota', 'Namibe', 'Hengtanggang', NULL, 'kmilbankqv', ''),
(969, 'Benedict', 'Hartnell', '330 126 2624', '$2a$04$Kvgwl/MtoxRDcs9mvYBeieQpcZGrVx6rweM3IDbDoNm0USRmFYlhm', 'bhartnellqw@liveinternet.ru', '$2a$04$4F2b104wS5Wyk0dURMnaOO8L4ftydcRAXt3XUynOf4Tb1QKOmNObe', '59', 'Anderson', 'Yanhe', 'Calangain', NULL, 'bhartnellqw', ''),
(970, 'Natala', 'Martusov', '292 703 7592', '$2a$04$N3MQpWKwoSgEgeqfFsUO.eUwl1lgW2uyUFCVz9Ac0dj.aA6wdiexS', 'nmartusovqx@usnews.com', '$2a$04$SIe4d7lXvbO0WCRZMAYrheCspYwkFtwgN1xlt32vd4l/qOOuPT6OC', '9', 'Messerschmidt', 'Taboão da Serra', 'Paço', '06750-000', 'nmartusovqx', ''),
(971, 'Arabel', 'Mingame', '384 763 9367', '$2a$04$ZAZessxKrmG4xvWZ28JwT.j1aLAQZLMhWQb1CB1CoIr/.AAgEY1mi', 'amingameqy@infoseek.co.jp', '$2a$04$HfTK33NA9jGaHTqhconPCeBUnxuu52WBv99OU/9AhycSt7sUhZr1O', '753', 'Mcbride', 'Wuyang', 'Sainte-Thérèse', NULL, 'amingameqy', ''),
(972, 'Lethia', 'Lyons', '104 783 4834', '$2a$04$c6OZEAg.MtnJHtWGrNutVeXPdtVpUqX.TcPhWdgoQZp9fuVh2/iSq', 'llyonsqz@oaic.gov.au', '$2a$04$STGNWhbe7OcZn6Uy0Vgvb.ctWgFVBH.CiAa2YSy3uynRdciDrFelG', '94', 'Onsgard', 'Nioro', 'Quanyang', NULL, 'llyonsqz', ''),
(973, 'Tadeas', 'Eden', '962 373 2094', '$2a$04$l3FMjM75IUNN4H3aCsnCou1p35oTgi0oKpzFMok5rDqrepTGxh586', 'tedenr0@uiuc.edu', '$2a$04$4eyq5rakWIvReRih0mIqCOqUOMC/E1DcMPK5TdYwDHztH3ejf30/O', '421', 'Clemons', 'Prang Ku', 'Jungutbatu Kaja Dua', '33170', 'tedenr0', ''),
(974, 'Mahalia', 'Bugge', '113 722 3831', '$2a$04$GyIJ4oJOPmSIH8CM7GXnrOw43YiyQ9.iShpv3m1vKmx/V4NiKvaJG', 'mbugger1@linkedin.com', '$2a$04$kjiK8pPDhpXe1f3xThxz.ej1iu2PbYHPR1GupBL4mZXawSSLsTNv6', '450', 'Express', 'Árta', 'Laojun', NULL, 'mbugger1', ''),
(975, 'Teresita', 'Regi', '191 176 7724', '$2a$04$5vqVsg4GI.fm.9aLc1Rq2.ckcZ3cJPX0P0aeM00Y0Xu1rGG35OS8q', 'tregir2@google.com.br', '$2a$04$Q9de50yn1eLNwEvsIEqE0.u8UGWId/dN38m3BWs283//IovdCbTE6', '67480', 'Hermina', 'Matam', 'Krajan Selatan', NULL, 'tregir2', ''),
(976, 'Vin', 'Whates', '164 730 3752', '$2a$04$Zr5FQCCU.pAklCxSCkb8a.CHv0O2HFjOcMrceuRALGy2N1fgXUeTe', 'vwhatesr3@prlog.org', '$2a$04$ZnTHGcA5khOkrmoYcH7gvumERi0xsBB5q5k7TbEkn9oCcRxnv1nIu', '0428', 'Brentwood', 'Otse', 'Dhī Nā‘im', NULL, 'vwhatesr3', ''),
(977, 'Abbe', 'Normandale', '624 774 7535', '$2a$04$3m3v8dXfAty01/rQUEuAJ.ADTZnz2xNQB8NZQ/igp14kFh4bn2yHm', 'anormandaler4@wikimedia.org', '$2a$04$NwcTam22iqXfkrSIGpPq5u5w2xkmlQgK.0NFArI/jR.MB9Cru.jmG', '497', 'Farragut', 'Russeifa', 'Ili', NULL, 'anormandaler4', ''),
(978, 'Carlita', 'Stentiford', '472 126 4366', '$2a$04$e3j0QvzA64cKukcF7NYVd.5L9Bad1XBVgU1I0dKnvdyROHUMVaDdG', 'cstentifordr5@harvard.edu', '$2a$04$Tihb6Z9IXlJYHLpzMSMYZOk5EKoN5rpM9LNZRggNbdtBcqZfJ.qkC', '1', 'Chive', 'Ropcha', 'Drajak', NULL, 'cstentifordr5', ''),
(979, 'Joby', 'Brydon', '957 794 8402', '$2a$04$4qcVEDHG1Mag72ZhIYrQou3SU/GPKq3LfSrWLRM01PBw0YBYIF69G', 'jbrydonr6@imageshack.us', '$2a$04$6fSIHLgKE6J.IOmHn./lhOlZr/PrJr2N0bb7cbP4CMAhI2A1XK9M6', '1', 'Roth', 'Linhó', 'Buy', '2710-144', 'jbrydonr6', ''),
(980, 'Darnall', 'Francisco', '869 778 0393', '$2a$04$dQ8PVQkBvu2vhvn08gRpA.8/pcX8pEEva2tTxvSpLb1GUh3143Pf6', 'dfranciscor7@irs.gov', '$2a$04$mMuwVDcMstBulKI8WFAXguVNNxd48ypniLLIqm4kcP4DUgTWJbujC', '42692', 'Rusk', 'Chervonoarmiys’k', 'Jammāl', NULL, 'dfranciscor7', ''),
(981, 'Randa', 'Maccaig', '892 284 5751', '$2a$04$z396wWXfEvTUpkJqJ.v8Y.XG92vNHCNZVJIYGtfqSqTDKgGsFZr/u', 'rmaccaigr8@xrea.com', '$2a$04$Eb8XDGtkEr1EfQTtFAbkye.go54Sk7kQ6GD1Ks4cRpwC0YldM3Tn.', '9229', 'Russell', 'Hilotongan', 'Esmeraldas', '3201', 'rmaccaigr8', ''),
(982, 'Timmy', 'Pibsworth', '938 881 8381', '$2a$04$JvhvNYeQk6RmblfOpfGqR.rZzTf7K1rEMRp/Ies.POHupzq7aYyAu', 'tpibsworthr9@soundcloud.com', '$2a$04$i1RuWrNhVTYBWDdnrF9WnuslbbPyjyblsHxjRbwU7IPXkWYOwvZM6', '57111', 'Columbus', 'Bailu', 'Biecz', NULL, 'tpibsworthr9', ''),
(983, 'Gill', 'Curnok', '267 245 9804', '$2a$04$yvMye5JoD1EaaOejOjvsT.3F8ZgwP4jstLERIDxbb2LF9/ONLN9n.', 'gcurnokra@myspace.com', '$2a$04$r9U/6.M9omJDfM7yU0VXk.XFsY8jJTai3y0TqrNw3oaf1GFWai/X6', '491', 'Lien', 'Yiwa', 'Bolong', NULL, 'gcurnokra', ''),
(984, 'Towny', 'McEneny', '501 265 1935', '$2a$04$Y0AQ4GWTFx6J/oSQy5ga/e9g9519ytlzpJvuS9Yat0.IHzS3rtYUi', 'tmcenenyrb@twitter.com', '$2a$04$H.Przu5YgGWo7Rct/3tHd.jQhWMVAr7HIh3bemLyS5wGiXVLKCtCq', '8153', 'Anniversary', 'Muara Siberut', 'Rathangan', NULL, 'tmcenenyrb', ''),
(985, 'Aubry', 'Seeds', '896 404 3032', '$2a$04$Grd6xDPy3uhZy60r.DOgMeMrCXJXcmgyD/VwPH3.I71161qOJXHRq', 'aseedsrc@rakuten.co.jp', '$2a$04$HBo0w84r3B.7L2cXd4QDZuBZcBCKqu2GogmplAZcaWJPEVPc8otsW', '32729', 'Knutson', 'Catamayo', 'Qabaqçöl', NULL, 'aseedsrc', ''),
(986, 'Birgit', 'D\'Ambrosio', '295 798 4225', '$2a$04$/Inpidk0j6AAvF/D1M0B7OJV9H8Hk04AP5GSDLvkLendAvCEQcbB.', 'bdambrosiord@theglobeandmail.com', '$2a$04$mSq8dEoWSBLo4bzutFA8R.reiIcC.DLEKJnhjluF2wZzWA6DcbvFO', '16944', 'Welch', 'Smolyan', 'Shamakhi', '4754', 'bdambrosiord', ''),
(987, 'Mavis', 'Dorin', '925 892 0269', '$2a$04$zuyDTgFEBe4O5n4.yxbMt.Dp9eqOEZRjB8LL9FxxASYNQ1Acom0/6', 'mdorinre@elegantthemes.com', '$2a$04$1FB.wGLgiACjLcR4arJP1O05n.ZVRYWtiuKoa8TBSllLeL1tGOiJa', '5634', 'Dwight', 'Inari', 'Kawage', '99871', 'mdorinre', ''),
(988, 'Gilburt', 'Lipgens', '786 696 6507', '$2a$04$bbwHQbbJu.BSskG2Y3m1cORavTaBaNmlMKHWsKfr6epHAOvpia3ge', 'glipgensrf@pen.io', '$2a$04$.XTt1DKGcNtmljsjw54QLO8DQ1UR1aAPQ/Pw7zUSKBRWrUOdvYxK.', '2', 'Daystar', 'Bulu', 'Xiashu', NULL, 'glipgensrf', ''),
(989, 'Nanon', 'Neicho', '258 935 2075', '$2a$04$ItX.PBHygos9GZKcTDcASetsrzW/nHai5QDKw1CIsYD2cZ.iCrf2e', 'nneichorg@altervista.org', '$2a$04$bNMauYmNLfDD79U7B8ytwemVa6vAFhKaQYArCK8l1M5o/tZ2LCmdm', '6', 'Russell', 'Cheb', 'Valvedditturai', '350 02', 'nneichorg', ''),
(990, 'Gonzales', 'Sempill', '192 469 6662', '$2a$04$3HM9zqIlgjWJqEYNhpU07OCjCxvbiAgoxvP0/2O7k.U5CXtpp5v1a', 'gsempillrh@discovery.com', '$2a$04$fVUW3sAJ5emipGY3LVyLIOqMmXAvAFcv03lJ4m.YJuTgCdgrJ0QBi', '77033', 'Waxwing', 'Baie-Saint-Paul', 'Fatuulan', 'G3Z', 'gsempillrh', ''),
(991, 'Svend', 'Robun', '812 363 4202', '$2a$04$ssuEcLqv5hLsbqUZwZ8mUOtYk.x3TmuE99xN8Q1rDYVxDQOe4Gmve', 'srobunri@rakuten.co.jp', '$2a$04$szyLqMGH16FcXfzcfi6bHO2Oc0Jv0J5Ngiadg.V4Iq0Ll3Ybeps8a', '71', 'Stone Corner', 'Sanguinheira', 'Bromma', '3060-816', 'srobunri', ''),
(992, 'Patsy', 'Daveridge', '812 626 9675', '$2a$04$yKyo95f5N0WNWaXarOGv9.f9tfsEUfpDXzna.0MWS6F1kmWrex6Hy', 'pdaveridgerj@prlog.org', '$2a$04$b3RouH1KvRBsi9pnwcMoW.OJG2MXtpi3qmAJAIJsjna6wxBJVsrEG', '473', 'Ilene', 'Massy', 'Rimus', '91881 CEDEX', 'pdaveridgerj', ''),
(993, 'Stanislaus', 'Denyukin', '100 414 3866', '$2a$04$xUBoArmHqgNP5Acoh1VI7OFUEsinvSGby2lYn/vvR.CiX459p2.te', 'sdenyukinrk@unicef.org', '$2a$04$96wotzH8wC2hFsFZuuVIlOE61UMiV3pWK7B3TiyU.rzKCCKlW.FG2', '22', 'Mayfield', 'Caledon', 'Luocun', '7250', 'sdenyukinrk', ''),
(994, 'Inger', 'Petracci', '698 317 5299', '$2a$04$sjD/sufouPfffCMxYjhJ/eO1b1.VCcHZB3USU6aemplkbuVb8/SrC', 'ipetraccirl@cbslocal.com', '$2a$04$CWimyJBKeYVg3ANsfwG4teoZje1sGtbYBWq5Hkxqw3ZE2xbj/kWki', '6325', 'Raven', 'Saharna', 'Donggaocun', 'MD-5431', 'ipetraccirl', ''),
(995, 'Cristobal', 'Penhallurick', '137 595 5307', '$2a$04$YgfKx2/2K1abEKHXgyuaS.G/Swq0/eYfB6Z/hTyeNWYPyAiRSMP3G', 'cpenhallurickrm@house.gov', '$2a$04$sBA4PFEeWNEkt8DgEylNpe0bMDRXY0WmygIvt4S38gYsIt0dcKK8K', '80', 'Donald', 'Dembéni', 'Yazykovo', NULL, 'cpenhallurickrm', ''),
(996, 'Conney', 'McLane', '463 905 4811', '$2a$04$KuHGU4ziaWxHxE23N7pLwucHt8R.dbRf3aisb3DHZz0wpj6SWiaKe', 'cmclanern@quantcast.com', '$2a$04$DyYxzwt1zi1OuYCQg9NZQOd/Vw1pM/B6QPZN1JEFKaX7zas4AOiJK', '51404', 'Golf Course', 'Pak Phli', 'Gremyachinsk', '26130', 'cmclanern', ''),
(997, 'Fletch', 'Sunners', '661 403 6662', '$2a$04$q/763rekDiEEIoqSymgb8.TDzgjiJrx9xeqnHNYZSmhxnMaaEfzNa', 'fsunnersro@csmonitor.com', '$2a$04$nTXGEhlZU9m2UQZrHJN0oe1BsGZPNOT.j2OhuFBw2z1DAge5hxWN6', '22', 'Park Meadow', 'Cẩm Phả Mines', 'Tumpukrenteng', NULL, 'fsunnersro', ''),
(998, 'Westbrooke', 'Cutten', '401 245 3053', '$2a$04$rJn/pbaqYtWiMlymGdLcWeSZ8gOYnVeZVSt7ZGQ9yUMtpjJnOO73m', 'wcuttenrp@google.nl', '$2a$04$S3BONnmY5ChzUjpcXW0evu1NKtsuN6lqrx/BUzY3amG67dd9h5ctO', '90', 'Center', 'Mahdalynivka', 'Mabayo', NULL, 'wcuttenrp', ''),
(999, 'Ole', 'Neissen', '283 878 8904', '$2a$04$KWpVDLQwf3hiBkz425jal.lIO6RKrrXlAi6a9nFJZt03y9jAoELZW', 'oneissenrq@techcrunch.com', '$2a$04$HWChwf3uhb5lOlU0HRFA3.3dlYEoCFm.KJHhKqdfXuvt7kOS7NTQK', '66866', 'Cottonwood', 'Xiacaoqiao', 'Yuncheng', NULL, 'oneissenrq', ''),
(1000, 'Mamie', 'Renachowski', '274 938 4658', '$2a$04$AwvjcSgHxb0LxBHlF1wkeuFd93h66A9nSOeIfiBg4Sk2DiARHC5Vq', 'mrenachowskirr@yolasite.com', '$2a$04$ZAgUSgu7DEn/Q0nN5ziOteU/3L1kPqEXRiBHubSn/kMd1RYIiduiq', '71', 'Prairieview', 'Fushan', 'Delft', NULL, 'mrenachowskirr', ''),
(1006, 'Default', 'User', '', 'yoLCU0sLJ5E78JKqiOZ+SjtYw8rCi3Kt6LIMYqfi2CU=', 'default@user.co.za', '$2y$10$u2bUDe.h426T/odUfvvm..XdCHM1Zk6UDd4upni7RiTdU.hw4ClDq', '', '', '', '', '', 'customer', ''),
(9994, 'Test', 'Admin', '', 'FJihZZGK+5LOEVBX14JhkCCknJ6buHcrpJ/EKQpE1dA=', 'test@admin.com', '$2y$10$9R.lzlc1UY3zTUcWgdJzouLxrFBpEJhI17XV6B/p.b1KTfqWelqRG', '', '', '', '', '', 'admin', ''),
(9996, 'Bob', 'Smith', '', '+qVsYH7t5nLyHDRramtZgiLIbp0ylGskUVDee3kB+uc=', 'bob@smith.com', '$2y$10$JR7aeYXAlJe70IE4ldFIsu6livpYx.MCUcA/bCkd9e5vYVtuXY/GC', '', '', '', '', '', 'customer', ''),
(9997, 'Bob', 'Smith', '', 'xE9DevBp55xdNNB/RpW/93VbnudwyquC1CpwPxJMrWI=', 'bob1@smith.com', '$2y$10$vSaNMfOv9KtnFLo3.QuM8.U2bTLNBbkQsqEGaFK90AjS/HSxc8PhG', '', '', '', '', '', 'customer', ''),
(9998, 'Sam', 'Sammy', '', 'YOiTs/GLSV0oDpVAwJA4EO+MX0ewYtBwMVy3cFa3hq8=', 'Sammy@test.com', '$2y$10$CD30HWbqTD1rEiYpFBZteuafw0QqU5/Zi2OvgxGYgNU9aNKNrJrMW', '', '', '', '', '', 'customer', ''),
(9999, 'Pieter', 'Wenning', '0726206863', 'c9efa15677a63c3932d5d62794a13ff9021d75aaf6ff6b8fb45b15ac4e6987ef', 'pieterwenning2@gmail.com', '$2y$10$NimIMTkqO5k0yrYa84g3lensTsrazgYNZW9b3I5tytkcE8gFoy.HW', '447A', 'Strubenkop st', 'Lynnwood', NULL, '0081', 'Customer', 'f39ca4e574d0ca9294a609007745b5dd'),
(10000, 'Alice', 'Smith', NULL, '3136bd343d6b847b846d88671aa9f4e133a24c84ed2baf7cc4f5652fdbc044ad', 'alice.smith@example.com', '$2y$10$9zsIgdXL4qikOn2/YZcKJ.TzvKrjckUOVHYgQCJVAO5MqaboMO.0K', NULL, NULL, NULL, NULL, NULL, 'Admin', 'edf8b7491cb02bc9314c14e7e03d5437'),
(10001, 'Peter', 'Smith', NULL, '4ada9bb92aaae7a9b1fd4834f6c59e72eb4561c321cf91119a93bb41ac32cf5c', 'petersmith@quickadduser.com', '$2y$10$lnblE4g7wJ/TLlmfC1ACZOSc/iRugOPKShu1Y1yB6w2zvUF1ArDQ2', NULL, NULL, NULL, NULL, NULL, 'Admin', 'd3eb02cf92fe891e9d2c8c24eb3fd581'),
(10003, 'Adriano', 'Jorge', NULL, '6feee6630ac51607291d8bcbba13a9110cae49d8ce29c82e2fc07b9a95dc3c9d', 'u24634434@tuks.co.za', '$2y$10$gUV9o.CTXAmyGlTtzvGlieZHxeMEYMNInzzB4DjlNab9KSWldgFqi', NULL, NULL, NULL, NULL, NULL, 'Admin', 'd50f1ab09a5a5b9da3a36dc3434cc018'),
(10004, 'AdrianoCustomer', 'Jorge', NULL, '3012619acf8506008d864c5caf9cf2511a4ad202cbb0b8faade2bebe99ff57d3', 'u24634434@tuks.com', '$2y$10$EhiQQlb/020I3qAvrVhjyeq1f.H0YAE6IMSIpvNEyzAwzuoXYEkgu', NULL, NULL, NULL, NULL, NULL, 'Customer', '10a57b348242894dc4aae8b1f124674c'),
(10005, 'Default', 'User', '', 'a5ec130af5b9801b2090243b41cefc61b8cf0fa138d4a113bc0e58d72918fbcd', 'default2@user.co.za', '$2y$10$oeuj7YwYuFVhic7FQXIsk.z0CnActa/Fn.b.ADKVAR7SrtEWZGBqK', '', '', '', '', '', 'Customer', 'cd55871bef73f2e5238c4edcd88f576c'),
(10006, 'Default', 'User', '', 'ac3a0c8e6fc1e942514625638b3eeed59497d417b84f96e583f9799924ee961c', 'default55@user.co.za', '$2y$10$7G7iuc3GX5NUQtz3FfO5YewLXHuLM4bAmC0u2S/tjiSi62SGpBvuW', '', '', '', '', '', 'Customer', '2bb38599145b5210db80cedf7ec378d2'),
(10007, 'Sammy', 'Smile', '', 'a999442e4eeb4eea2541b4d6d2091cba1d70d8535de793b84011b2811886cbb7', 'sammy@smile.co.za', '$2y$10$ZEUUBt0T.wDBehHKcJKdx.pObMRQaBPI4hE2ESNKyTuYVSROv3OCy', '', '', '', '', '', 'Customer', 'db33e8345c9866430034a2ab3136399a'),
(10008, 'Default', 'User', '0123456789', '63ba2bf49e8b147067bee1a3993c816bcab07d4cdb6cbea481257d5d18812e83', 'default3@user.co.za', '$2y$10$dhFoBKxuP7dgZoZIdj45CeC9DPrJIOa.Jmrl.tk6jkEC1OGHXcAD6', '', '', '', '', '', 'Customer', '9f187696ac249704b6539e8174a46340'),
(10011, 'Random', 'Test', '', '3a3fae7292213cc7ead1aa4c0c1207158cbc84c2282c24f9015d4a0ad3e6a004', 'random@test.com', '$2y$10$ovVzSFlfIptq4HOj9ytTy.wsISlHpxrodFXmSx6QIdRIPkWYAuUJe', '', '', '', '', '', 'Customer', 'aa42acb65bdb05897aaee80ba96d80da'),
(10012, 'Random', 'Test', '', '15000fd2146fc1d171629afc7897609c0c77e8fbf4c05190de2fc793846268fb', 'rando@test.com', '$2y$10$QZhYFwnqjHfnpfGP5QyZoOrfmSLCulrMRdLev9IfRJrAFN96xeuqK', '', '', '', '', '', 'Customer', 'e67943ebece8e3cbea51344f2b4e62f0'),
(10015, 'Connor', 'Bell', NULL, '428da5e838bd1367d85d7ce49c9e1f301e85bd7d0156e1670d1638c8c07e4648', 'u24569608@tuks.co.za', '$2y$10$MzNlR6tx6f0PREaX6O.aEOYvGJS1li0fjxAPGiMzfwW6JuzEfVo7K', NULL, NULL, NULL, NULL, NULL, 'Customer', 'cb5871ab630c01adc383a1862152e559'),
(10016, 'Test', 'One', NULL, '960879459b5be394c3045629b5653feef7b033aaec6930aa9fb004a4d8a04937', 'test.one@picknprice.co.za', '$2y$10$nQPnbquixE6Rfq/jmEoEN.CtXoPavmM97OGkk/7lFdQu41aWpFqjC', NULL, NULL, NULL, NULL, NULL, 'Customer', '045c32e7cc313a9d1a3ca064383301db'),
(10018, 'Alice', 'Bob', NULL, '0b2fb75670309ed56342f16386bb53483bd0ef1bbe8653de48b9a11a515544e9', 'Alice@bob.com', '$2y$10$YjdKBWQDoLsWjNalFH1ZmOCtqQh0Sg5cevSBW6j5v1tQxuyALVAhu', NULL, NULL, NULL, NULL, NULL, 'Customer', '72ca7a47b39215a6a2fb3aa4eb8bef5a'),
(10019, 'adduser', 'test', NULL, '2ff0a383786046ae333570afc0b49936e6b6a4fc4dbf4f5a29a13d62461dde75', 'admin@adduser.com', '$2y$10$uY1QDwsCTXNb0kBlVDHPreKNk6h00lxcVTJIU4aGDxmgeqAdzOfti', NULL, NULL, NULL, NULL, NULL, 'Customer', 'ec11b84644bb1a547f1fde9599bb9d6e'),
(10020, 'Test', 'User', NULL, '998bf7891341d0bf7207cc3c0df6eee3fb887fb9ba52bc5c848cdf3df4b87953', 'test.user@picknprice.co.za', '$2y$10$OmD6XoKzUjOmfhI6g2qDKei9S.gtQ0L8dw0kjTowyWrSh73aGR66q', NULL, NULL, NULL, NULL, NULL, 'Customer', '3348d72bd3a8b4a955886261d3b5d4b6'),
(10021, 'Connor', 'Bell', NULL, 'c712fae204a1a37a89864fa0b3f22fd1d5e0ede7be258163f9e5097ba338fc49', 'connor.bell@tuks.co.za', '$2y$10$abaizFfFI8Y6OQw3Cwijf.YsWz5LWZnkPSAo4H2tUhT.2nbmnLaa2', NULL, NULL, NULL, NULL, NULL, 'Customer', 'f04c25daadc367e19263a9c0ebef85ad'),
(10022, 'Test', 'User', NULL, '7ceb3d6c2b86aaf534dc3c5427a4a9192d0cce4942d865f9c2c36d0347f8bc29', 'connor.test@tuks.co.za', '$2y$10$S4pae9Mcag8cEZHsH7wfOO0jgtYGA7cbqRYbQfc2fMbQpYu.2c1u6', NULL, NULL, NULL, NULL, NULL, 'Customer', '630a80daa7768b7770c0b437779445e9'),
(10023, 'Johan', 'Nel', NULL, '57b04de09224b5d4218d5864fbdd2c65869d47a550056cde0c19f00669591ea2', 'johan.nel@tuks.co.za', '$2y$10$7rucYevMqHvh096ZpNwS1.Z06Ik.zvIYHLrkNgGjxA0BIqpI/TRKK', NULL, NULL, NULL, NULL, NULL, 'Admin', 'bea98fd220d3311d42851e391e4e87ed'),
(10024, 'Johan', 'Nel', NULL, '1d1ee6f636777b7a4ed03566b9a52d2461cae9b2d9e134848ef23b76da2b1f6e', 'test.user@test.co.za', '$2y$10$uY2ibooDloBhUKXHnwPfUO1NGobYGsZZt9v7tKW3SSRTTg2HJTrNy', NULL, NULL, NULL, NULL, NULL, 'Customer', '7a4a3c8897e78b257fa4bb3c85bc162c'),
(10025, 'Zoe', 'Joubert', NULL, '8b1af50c88ba5122dac858bf2f5c4ec8995a6ad953f6b7c24214dd82278f6fe3', 'zj@up.ac.za', '$2y$10$rzqHapsa1c/Nb6LW5OOmGum3YNLq1kim0jEXte3FH4KWQ.ya.9s0i', NULL, NULL, NULL, NULL, NULL, 'Customer', '8da33021ef756d0bebf0622d900a2b68'),
(10026, 'Bob', 'Melon', NULL, '1a1f589e32101408ace0b49dbcae11ef60b9b211334318a32a74e1687c1f7dee', 'bob@melon.com', '$2y$10$HHbzkTWdjJVAYy/Cxs388OU9k0P1ukMT1gleVlAflJ.gK/o1bhcoC', NULL, NULL, NULL, NULL, NULL, 'Customer', '7912b5ee7d6d2bce7f1e39e8dea28b91'),
(10027, 'Connor', 'Johan', NULL, '02b535a38760d2f7707f809efcfbd3929a9888e21ba1bec01c42802b2f90ac0e', 'connor@johan.com', '$2y$10$0o/BmLLnKPSoPv0rZevOQeQ0BP68tdiC2rLLoojL03S91QzHDTzVu', NULL, NULL, NULL, NULL, NULL, 'Customer', '958002d5474848a0e38cbd85c341394e'),
(10028, 'Connor', 'Bell', '0699479814', 'd8399c3331b7197f00ed279d8549a86e936289fa2aa3a272fd9c36be0c63dfee', 'connor@pnp.co.za', '$2y$10$lgHnVOk.Zk9ZIbhz7UkT6O74KdlOHszJfaGKfF0CLziyRtGdpLNEe', '27', 'Beukes Avenue', 'Highway Gardens', 'Edenvale', '1609', 'Customer', '8b964069d9b98d950660b7b762e9a1e2'),
(10029, 'AdrianoCustomer', 'Jorge', NULL, 'f0f0234f1c3926916c179b2e50f3360012f026cb540f337619a3aaf228ec24a6', 'adriairbusa380@gmail.com', '$2y$10$EZYobk1IbMwYvWseK4qVauurips/Z5enQf9mMxjRKuLtLL49HccLK', NULL, NULL, NULL, NULL, NULL, 'Customer', '19925cfcc9e20df2818931da54cb216e'),
(10030, 'Johan', 'Nel', '0662240908', 'deb9ef60d9351a98e1f5a1cde7d080d1fd42aa19456ba3f725387126b0e181c5', 'jnel677@gmail.com', '$2y$10$jQ/pm7n6IH5oc4NEGnPtDumdFWBCWX2LSjWAdMGhHM35.V7CyV4nS', '11', 'Harding street', 'Secunda', 'Secunda', '2302', 'Admin', 'c7bb19a436369f0fbf3213f9ccc6bf33');

-- --------------------------------------------------------

--
-- Table structure for table `watchlist`
--

CREATE TABLE `watchlist` (
  `cust_id` int(11) NOT NULL,
  `product_id` int(11) NOT NULL,
  `created_at` timestamp NOT NULL DEFAULT current_timestamp()
) ENGINE=InnoDB DEFAULT CHARSET=utf8mb4 COLLATE=utf8mb4_general_ci;

--
-- Dumping data for table `watchlist`
--

INSERT INTO `watchlist` (`cust_id`, `product_id`, `created_at`) VALUES
(10028, 13, '2025-05-27 10:36:23'),
(10029, 13, '2025-05-27 10:15:00');

--
-- Indexes for dumped tables
--

--
-- Indexes for table `Admin_staff`
--
ALTER TABLE `Admin_staff`
  ADD PRIMARY KEY (`user_id`);

--
-- Indexes for table `Customer`
--
ALTER TABLE `Customer`
  ADD PRIMARY KEY (`user_id`);

--
-- Indexes for table `Product`
--
ALTER TABLE `Product`
  ADD PRIMARY KEY (`id`);

--
-- Indexes for table `rate_limits`
--
ALTER TABLE `rate_limits`
  ADD PRIMARY KEY (`ip_address`,`endpoint`);

--
-- Indexes for table `Rating`
--
ALTER TABLE `Rating`
  ADD PRIMARY KEY (`id`),
  ADD KEY `user_id` (`user_id`),
  ADD KEY `product_id` (`product_id`);

--
-- Indexes for table `Retailer`
--
ALTER TABLE `Retailer`
  ADD PRIMARY KEY (`id`),
  ADD UNIQUE KEY `email` (`email`);

--
-- Indexes for table `Supplied_By`
--
ALTER TABLE `Supplied_By`
  ADD PRIMARY KEY (`Retailer_id`,`Product_id`),
  ADD KEY `product` (`Product_id`);

--
-- Indexes for table `User`
--
ALTER TABLE `User`
  ADD PRIMARY KEY (`id`),
  ADD UNIQUE KEY `email` (`email`);

--
-- Indexes for table `watchlist`
--
ALTER TABLE `watchlist`
  ADD PRIMARY KEY (`cust_id`,`product_id`),
  ADD KEY `fk_watchlist_product` (`product_id`);

--
-- AUTO_INCREMENT for dumped tables
--

--
-- AUTO_INCREMENT for table `Product`
--
ALTER TABLE `Product`
  MODIFY `id` int(11) NOT NULL AUTO_INCREMENT, AUTO_INCREMENT=60;

--
-- AUTO_INCREMENT for table `Rating`
--
ALTER TABLE `Rating`
  MODIFY `id` int(11) NOT NULL AUTO_INCREMENT, AUTO_INCREMENT=658;

--
-- AUTO_INCREMENT for table `Retailer`
--
ALTER TABLE `Retailer`
  MODIFY `id` int(11) NOT NULL AUTO_INCREMENT, AUTO_INCREMENT=18;

--
-- AUTO_INCREMENT for table `User`
--
ALTER TABLE `User`
  MODIFY `id` int(11) NOT NULL AUTO_INCREMENT, AUTO_INCREMENT=10031;

--
-- Constraints for dumped tables
--

--
-- Constraints for table `Admin_staff`
--
ALTER TABLE `Admin_staff`
  ADD CONSTRAINT `Admin_staff_ibfk_1` FOREIGN KEY (`user_id`) REFERENCES `User` (`id`) ON DELETE CASCADE;

--
-- Constraints for table `Customer`
--
ALTER TABLE `Customer`
  ADD CONSTRAINT `Customer_ibfk_1` FOREIGN KEY (`user_id`) REFERENCES `User` (`id`) ON DELETE CASCADE;

--
-- Constraints for table `Rating`
--
ALTER TABLE `Rating`
  ADD CONSTRAINT `rating_1` FOREIGN KEY (`user_id`) REFERENCES `User` (`id`) ON DELETE CASCADE ON UPDATE CASCADE,
  ADD CONSTRAINT `rating_2` FOREIGN KEY (`product_id`) REFERENCES `Product` (`id`) ON DELETE CASCADE ON UPDATE CASCADE;

--
-- Constraints for table `Supplied_By`
--
ALTER TABLE `Supplied_By`
  ADD CONSTRAINT `product` FOREIGN KEY (`Product_id`) REFERENCES `Product` (`id`) ON DELETE CASCADE ON UPDATE CASCADE,
  ADD CONSTRAINT `retailer` FOREIGN KEY (`Retailer_id`) REFERENCES `Retailer` (`id`) ON DELETE CASCADE ON UPDATE CASCADE;

--
-- Constraints for table `watchlist`
--
ALTER TABLE `watchlist`
  ADD CONSTRAINT `fk_watchlist_customer` FOREIGN KEY (`cust_id`) REFERENCES `Customer` (`user_id`) ON DELETE CASCADE,
  ADD CONSTRAINT `fk_watchlist_product` FOREIGN KEY (`product_id`) REFERENCES `Product` (`id`) ON DELETE CASCADE,
  ADD CONSTRAINT `watchlist_customer` FOREIGN KEY (`cust_id`) REFERENCES `Customer` (`user_id`) ON DELETE CASCADE ON UPDATE CASCADE,
  ADD CONSTRAINT `watchlist_product` FOREIGN KEY (`product_id`) REFERENCES `Product` (`id`) ON DELETE CASCADE ON UPDATE CASCADE;
COMMIT;

/*!40101 SET CHARACTER_SET_CLIENT=@OLD_CHARACTER_SET_CLIENT */;
/*!40101 SET CHARACTER_SET_RESULTS=@OLD_CHARACTER_SET_RESULTS */;
/*!40101 SET COLLATION_CONNECTION=@OLD_COLLATION_CONNECTION */;
